id,name,email,department_id,salary
1,Employee_1,user_1@example.com,6,47224
2,Employee_2,user_2@example.com,4,117193
3,Employee_3,user_3@example.com,8,110200
4,Employee_4,user_4@example.com,3,81381
5,Employee_5,user_5@example.com,9,85670
6,Employee_6,user_6@example.com,1,90962
7,Employee_7,user_7@example.com,7,107192
8,Employee_8,user_8@example.com,18,46065
9,Employee_9,user_9@example.com,19,81583
10,Employee_10,user_10@example.com,19,86714
11,Employee_11,user_11@example.com,10,59275
12,Employee_12,user_12@example.com,1,109827
13,Employee_13,user_13@example.com,7,103292
14,Employee_14,user_14@example.com,1,49483
15,Employee_15,user_15@example.com,5,95800
16,Employee_16,user_16@example.com,8,100183
17,Employee_17,user_17@example.com,1,43301
18,Employee_18,user_18@example.com,14,66027
19,Employee_19,user_19@example.com,20,65485
20,Employee_20,user_20@example.com,4,89244
21,Employee_21,user_21@example.com,17,72675
22,Employee_22,user_22@example.com,6,48499
23,Employee_23,user_23@example.com,19,50846
24,Employee_24,user_24@example.com,12,104083
25,Employee_25,user_25@example.com,6,31172
26,Employee_26,user_26@example.com,8,66657
27,Employee_27,user_27@example.com,5,36620
28,Employee_28,user_28@example.com,15,76721
29,Employee_29,user_29@example.com,10,94427
30,Employee_30,user_30@example.com,7,68540
31,Employee_31,user_31@example.com,8,91657
32,Employee_32,user_32@example.com,13,35363
33,Employee_33,user_33@example.com,12,38449
34,Employee_34,user_34@example.com,19,53104
35,Employee_35,user_35@example.com,5,31413
36,Employee_36,user_36@example.com,14,43018
37,Employee_37,user_37@example.com,19,105038
38,Employee_38,user_38@example.com,8,82269
39,Employee_39,user_39@example.com,12,63170
40,Employee_40,user_40@example.com,2,106822
41,Employee_41,user_41@example.com,13,86865
42,Employee_42,user_42@example.com,5,49706
43,Employee_43,user_43@example.com,15,30398
44,Employee_44,user_44@example.com,7,64013
45,Employee_45,user_45@example.com,9,108120
46,Employee_46,user_46@example.com,9,45148
47,Employee_47,user_47@example.com,9,77509
48,Employee_48,user_48@example.com,16,99260
49,Employee_49,user_49@example.com,14,93716
50,Employee_50,user_50@example.com,4,91612
51,Employee_51,user_51@example.com,6,58212
52,Employee_52,user_52@example.com,11,50450
53,Employee_53,user_53@example.com,3,67031
54,Employee_54,user_54@example.com,7,61025
55,Employee_55,user_55@example.com,5,77488
56,Employee_56,user_56@example.com,8,45126
57,Employee_57,user_57@example.com,1,107264
58,Employee_58,user_58@example.com,11,93122
59,Employee_59,user_59@example.com,12,50914
60,Employee_60,user_60@example.com,9,67834
61,Employee_61,user_61@example.com,6,65285
62,Employee_62,user_62@example.com,8,47009
63,Employee_63,user_63@example.com,12,59199
64,Employee_64,user_64@example.com,4,66554
65,Employee_65,user_65@example.com,14,100194
66,Employee_66,user_66@example.com,10,30120
67,Employee_67,user_67@example.com,14,51953
68,Employee_68,user_68@example.com,20,88699
69,Employee_69,user_69@example.com,6,91305
70,Employee_70,user_70@example.com,12,118620
71,Employee_71,user_71@example.com,11,59786
72,Employee_72,user_72@example.com,3,84147
73,Employee_73,user_73@example.com,7,61933
74,Employee_74,user_74@example.com,5,102905
75,Employee_75,user_75@example.com,18,44760
76,Employee_76,user_76@example.com,17,114342
77,Employee_77,user_77@example.com,15,33562
78,Employee_78,user_78@example.com,15,91378
79,Employee_79,user_79@example.com,3,95433
80,Employee_80,user_80@example.com,18,36075
81,Employee_81,user_81@example.com,16,34184
82,Employee_82,user_82@example.com,8,112784
83,Employee_83,user_83@example.com,8,113240
84,Employee_84,user_84@example.com,16,41584
85,Employee_85,user_85@example.com,17,43648
86,Employee_86,user_86@example.com,13,54060
87,Employee_87,user_87@example.com,11,107635
88,Employee_88,user_88@example.com,17,70146
89,Employee_89,user_89@example.com,17,76346
90,Employee_90,user_90@example.com,15,44069
91,Employee_91,user_91@example.com,8,76521
92,Employee_92,user_92@example.com,9,38294
93,Employee_93,user_93@example.com,7,37308
94,Employee_94,user_94@example.com,17,104007
95,Employee_95,user_95@example.com,6,73579
96,Employee_96,user_96@example.com,1,34395
97,Employee_97,user_97@example.com,20,111499
98,Employee_98,user_98@example.com,20,116797
99,Employee_99,user_99@example.com,12,59503
100,Employee_100,user_100@example.com,12,55125
101,Employee_101,user_101@example.com,14,98940
102,Employee_102,user_102@example.com,8,60813
103,Employee_103,user_103@example.com,4,54386
104,Employee_104,user_104@example.com,3,110707
105,Employee_105,user_105@example.com,10,75703
106,Employee_106,user_106@example.com,20,50914
107,Employee_107,user_107@example.com,20,64844
108,Employee_108,user_108@example.com,16,77016
109,Employee_109,user_109@example.com,17,103520
110,Employee_110,user_110@example.com,1,35215
111,Employee_111,user_111@example.com,3,116050
112,Employee_112,user_112@example.com,9,89760
113,Employee_113,user_113@example.com,18,52703
114,Employee_114,user_114@example.com,20,50862
115,Employee_115,user_115@example.com,19,51320
116,Employee_116,user_116@example.com,20,43662
117,Employee_117,user_117@example.com,16,98634
118,Employee_118,user_118@example.com,19,86976
119,Employee_119,user_119@example.com,4,98464
120,Employee_120,user_120@example.com,3,53484
121,Employee_121,user_121@example.com,6,62902
122,Employee_122,user_122@example.com,20,93062
123,Employee_123,user_123@example.com,4,43772
124,Employee_124,user_124@example.com,19,97658
125,Employee_125,user_125@example.com,18,110554
126,Employee_126,user_126@example.com,6,94019
127,Employee_127,user_127@example.com,9,34439
128,Employee_128,user_128@example.com,1,37314
129,Employee_129,user_129@example.com,1,109117
130,Employee_130,user_130@example.com,16,92095
131,Employee_131,user_131@example.com,16,33144
132,Employee_132,user_132@example.com,1,96594
133,Employee_133,user_133@example.com,10,76530
134,Employee_134,user_134@example.com,5,48742
135,Employee_135,user_135@example.com,1,47271
136,Employee_136,user_136@example.com,3,96364
137,Employee_137,user_137@example.com,17,89146
138,Employee_138,user_138@example.com,11,91361
139,Employee_139,user_139@example.com,15,41840
140,Employee_140,user_140@example.com,8,43808
141,Employee_141,user_141@example.com,15,110944
142,Employee_142,user_142@example.com,1,78574
143,Employee_143,user_143@example.com,4,42407
144,Employee_144,user_144@example.com,18,34682
145,Employee_145,user_145@example.com,5,74181
146,Employee_146,user_146@example.com,20,93481
147,Employee_147,user_147@example.com,12,67763
148,Employee_148,user_148@example.com,1,102761
149,Employee_149,user_149@example.com,20,94105
150,Employee_150,user_150@example.com,16,44360
151,Employee_151,user_151@example.com,19,100862
152,Employee_152,user_152@example.com,12,119298
153,Employee_153,user_153@example.com,18,73397
154,Employee_154,user_154@example.com,4,74985
155,Employee_155,user_155@example.com,18,39546
156,Employee_156,user_156@example.com,17,40549
157,Employee_157,user_157@example.com,6,43895
158,Employee_158,user_158@example.com,12,104935
159,Employee_159,user_159@example.com,4,74678
160,Employee_160,user_160@example.com,10,60513
161,Employee_161,user_161@example.com,13,53566
162,Employee_162,user_162@example.com,10,76805
163,Employee_163,user_163@example.com,5,100190
164,Employee_164,user_164@example.com,11,66490
165,Employee_165,user_165@example.com,3,58617
166,Employee_166,user_166@example.com,17,90332
167,Employee_167,user_167@example.com,20,90033
168,Employee_168,user_168@example.com,8,101784
169,Employee_169,user_169@example.com,10,101381
170,Employee_170,user_170@example.com,1,108712
171,Employee_171,user_171@example.com,13,83047
172,Employee_172,user_172@example.com,15,49696
173,Employee_173,user_173@example.com,18,40490
174,Employee_174,user_174@example.com,16,47554
175,Employee_175,user_175@example.com,13,97483
176,Employee_176,user_176@example.com,20,107552
177,Employee_177,user_177@example.com,15,72636
178,Employee_178,user_178@example.com,16,113310
179,Employee_179,user_179@example.com,6,70840
180,Employee_180,user_180@example.com,1,90745
181,Employee_181,user_181@example.com,2,74429
182,Employee_182,user_182@example.com,5,113580
183,Employee_183,user_183@example.com,1,115955
184,Employee_184,user_184@example.com,18,58518
185,Employee_185,user_185@example.com,3,45490
186,Employee_186,user_186@example.com,11,118495
187,Employee_187,user_187@example.com,18,85920
188,Employee_188,user_188@example.com,20,50130
189,Employee_189,user_189@example.com,18,54490
190,Employee_190,user_190@example.com,5,84014
191,Employee_191,user_191@example.com,11,30527
192,Employee_192,user_192@example.com,14,63921
193,Employee_193,user_193@example.com,8,55215
194,Employee_194,user_194@example.com,8,71548
195,Employee_195,user_195@example.com,11,64763
196,Employee_196,user_196@example.com,4,64048
197,Employee_197,user_197@example.com,14,47772
198,Employee_198,user_198@example.com,9,37462
199,Employee_199,user_199@example.com,5,63842
200,Employee_200,user_200@example.com,10,84383
201,Employee_201,user_201@example.com,18,91628
202,Employee_202,user_202@example.com,14,67787
203,Employee_203,user_203@example.com,19,56669
204,Employee_204,user_204@example.com,12,35583
205,Employee_205,user_205@example.com,3,37812
206,Employee_206,user_206@example.com,15,64170
207,Employee_207,user_207@example.com,15,34894
208,Employee_208,user_208@example.com,15,48491
209,Employee_209,user_209@example.com,2,32276
210,Employee_210,user_210@example.com,16,33426
211,Employee_211,user_211@example.com,7,70927
212,Employee_212,user_212@example.com,15,84966
213,Employee_213,user_213@example.com,9,111272
214,Employee_214,user_214@example.com,20,89735
215,Employee_215,user_215@example.com,7,77374
216,Employee_216,user_216@example.com,9,78836
217,Employee_217,user_217@example.com,14,56048
218,Employee_218,user_218@example.com,1,60606
219,Employee_219,user_219@example.com,14,54160
220,Employee_220,user_220@example.com,5,83134
221,Employee_221,user_221@example.com,12,100321
222,Employee_222,user_222@example.com,7,72310
223,Employee_223,user_223@example.com,20,60860
224,Employee_224,user_224@example.com,3,63707
225,Employee_225,user_225@example.com,9,60380
226,Employee_226,user_226@example.com,10,94099
227,Employee_227,user_227@example.com,9,53706
228,Employee_228,user_228@example.com,14,86963
229,Employee_229,user_229@example.com,18,43247
230,Employee_230,user_230@example.com,15,54734
231,Employee_231,user_231@example.com,17,82350
232,Employee_232,user_232@example.com,11,82624
233,Employee_233,user_233@example.com,10,53031
234,Employee_234,user_234@example.com,4,75561
235,Employee_235,user_235@example.com,16,96433
236,Employee_236,user_236@example.com,9,60316
237,Employee_237,user_237@example.com,11,50036
238,Employee_238,user_238@example.com,3,110661
239,Employee_239,user_239@example.com,20,87877
240,Employee_240,user_240@example.com,3,105844
241,Employee_241,user_241@example.com,2,42446
242,Employee_242,user_242@example.com,17,80536
243,Employee_243,user_243@example.com,9,91996
244,Employee_244,user_244@example.com,3,50882
245,Employee_245,user_245@example.com,20,77252
246,Employee_246,user_246@example.com,15,85578
247,Employee_247,user_247@example.com,16,88781
248,Employee_248,user_248@example.com,6,38023
249,Employee_249,user_249@example.com,5,49577
250,Employee_250,user_250@example.com,10,35241
251,Employee_251,user_251@example.com,4,40851
252,Employee_252,user_252@example.com,12,46292
253,Employee_253,user_253@example.com,12,97855
254,Employee_254,user_254@example.com,3,112510
255,Employee_255,user_255@example.com,8,66713
256,Employee_256,user_256@example.com,6,103540
257,Employee_257,user_257@example.com,1,91393
258,Employee_258,user_258@example.com,11,67322
259,Employee_259,user_259@example.com,7,39395
260,Employee_260,user_260@example.com,7,78585
261,Employee_261,user_261@example.com,18,44004
262,Employee_262,user_262@example.com,20,30300
263,Employee_263,user_263@example.com,1,96699
264,Employee_264,user_264@example.com,19,101175
265,Employee_265,user_265@example.com,19,98147
266,Employee_266,user_266@example.com,1,57807
267,Employee_267,user_267@example.com,4,104634
268,Employee_268,user_268@example.com,14,94526
269,Employee_269,user_269@example.com,10,55188
270,Employee_270,user_270@example.com,6,36601
271,Employee_271,user_271@example.com,15,81141
272,Employee_272,user_272@example.com,19,94194
273,Employee_273,user_273@example.com,13,99489
274,Employee_274,user_274@example.com,7,72939
275,Employee_275,user_275@example.com,9,94286
276,Employee_276,user_276@example.com,8,119835
277,Employee_277,user_277@example.com,20,108476
278,Employee_278,user_278@example.com,15,43700
279,Employee_279,user_279@example.com,10,38380
280,Employee_280,user_280@example.com,3,54744
281,Employee_281,user_281@example.com,7,99479
282,Employee_282,user_282@example.com,15,56188
283,Employee_283,user_283@example.com,15,90994
284,Employee_284,user_284@example.com,2,57532
285,Employee_285,user_285@example.com,8,61702
286,Employee_286,user_286@example.com,19,69478
287,Employee_287,user_287@example.com,20,51445
288,Employee_288,user_288@example.com,11,111930
289,Employee_289,user_289@example.com,9,31820
290,Employee_290,user_290@example.com,9,31128
291,Employee_291,user_291@example.com,12,56459
292,Employee_292,user_292@example.com,12,108207
293,Employee_293,user_293@example.com,4,101681
294,Employee_294,user_294@example.com,11,115969
295,Employee_295,user_295@example.com,9,89858
296,Employee_296,user_296@example.com,12,94967
297,Employee_297,user_297@example.com,8,67429
298,Employee_298,user_298@example.com,11,47924
299,Employee_299,user_299@example.com,16,73807
300,Employee_300,user_300@example.com,6,52209
301,Employee_301,user_301@example.com,1,111555
302,Employee_302,user_302@example.com,5,113219
303,Employee_303,user_303@example.com,16,62899
304,Employee_304,user_304@example.com,3,45106
305,Employee_305,user_305@example.com,10,91061
306,Employee_306,user_306@example.com,13,95375
307,Employee_307,user_307@example.com,13,92231
308,Employee_308,user_308@example.com,6,62118
309,Employee_309,user_309@example.com,19,116669
310,Employee_310,user_310@example.com,11,92814
311,Employee_311,user_311@example.com,20,31063
312,Employee_312,user_312@example.com,2,40493
313,Employee_313,user_313@example.com,8,92178
314,Employee_314,user_314@example.com,11,44107
315,Employee_315,user_315@example.com,19,78388
316,Employee_316,user_316@example.com,2,47619
317,Employee_317,user_317@example.com,5,108607
318,Employee_318,user_318@example.com,4,54368
319,Employee_319,user_319@example.com,16,38199
320,Employee_320,user_320@example.com,3,74968
321,Employee_321,user_321@example.com,15,66458
322,Employee_322,user_322@example.com,16,61554
323,Employee_323,user_323@example.com,20,62152
324,Employee_324,user_324@example.com,16,82903
325,Employee_325,user_325@example.com,3,66483
326,Employee_326,user_326@example.com,12,34974
327,Employee_327,user_327@example.com,12,96804
328,Employee_328,user_328@example.com,14,94347
329,Employee_329,user_329@example.com,20,53320
330,Employee_330,user_330@example.com,13,56476
331,Employee_331,user_331@example.com,2,55953
332,Employee_332,user_332@example.com,20,67446
333,Employee_333,user_333@example.com,15,55390
334,Employee_334,user_334@example.com,9,42536
335,Employee_335,user_335@example.com,9,46400
336,Employee_336,user_336@example.com,20,99153
337,Employee_337,user_337@example.com,12,72730
338,Employee_338,user_338@example.com,14,41656
339,Employee_339,user_339@example.com,7,83570
340,Employee_340,user_340@example.com,1,69435
341,Employee_341,user_341@example.com,14,36867
342,Employee_342,user_342@example.com,1,35476
343,Employee_343,user_343@example.com,2,117750
344,Employee_344,user_344@example.com,19,75491
345,Employee_345,user_345@example.com,15,77372
346,Employee_346,user_346@example.com,17,100679
347,Employee_347,user_347@example.com,11,72247
348,Employee_348,user_348@example.com,12,118289
349,Employee_349,user_349@example.com,8,75332
350,Employee_350,user_350@example.com,8,87562
351,Employee_351,user_351@example.com,19,36334
352,Employee_352,user_352@example.com,17,71450
353,Employee_353,user_353@example.com,13,54265
354,Employee_354,user_354@example.com,14,102060
355,Employee_355,user_355@example.com,9,72624
356,Employee_356,user_356@example.com,18,74274
357,Employee_357,user_357@example.com,9,37951
358,Employee_358,user_358@example.com,17,37670
359,Employee_359,user_359@example.com,4,75806
360,Employee_360,user_360@example.com,14,35364
361,Employee_361,user_361@example.com,18,97200
362,Employee_362,user_362@example.com,7,46678
363,Employee_363,user_363@example.com,2,77796
364,Employee_364,user_364@example.com,6,100156
365,Employee_365,user_365@example.com,14,56232
366,Employee_366,user_366@example.com,15,58868
367,Employee_367,user_367@example.com,4,79155
368,Employee_368,user_368@example.com,16,108409
369,Employee_369,user_369@example.com,19,61179
370,Employee_370,user_370@example.com,13,81780
371,Employee_371,user_371@example.com,20,87503
372,Employee_372,user_372@example.com,5,103450
373,Employee_373,user_373@example.com,11,55088
374,Employee_374,user_374@example.com,13,66247
375,Employee_375,user_375@example.com,14,91693
376,Employee_376,user_376@example.com,8,81519
377,Employee_377,user_377@example.com,16,52944
378,Employee_378,user_378@example.com,16,36181
379,Employee_379,user_379@example.com,17,36098
380,Employee_380,user_380@example.com,16,104225
381,Employee_381,user_381@example.com,5,93475
382,Employee_382,user_382@example.com,6,96289
383,Employee_383,user_383@example.com,1,65958
384,Employee_384,user_384@example.com,15,57474
385,Employee_385,user_385@example.com,9,86251
386,Employee_386,user_386@example.com,20,106551
387,Employee_387,user_387@example.com,7,111637
388,Employee_388,user_388@example.com,15,91251
389,Employee_389,user_389@example.com,6,86972
390,Employee_390,user_390@example.com,5,60511
391,Employee_391,user_391@example.com,12,65314
392,Employee_392,user_392@example.com,4,64313
393,Employee_393,user_393@example.com,19,105079
394,Employee_394,user_394@example.com,17,38207
395,Employee_395,user_395@example.com,2,113285
396,Employee_396,user_396@example.com,4,101045
397,Employee_397,user_397@example.com,13,58636
398,Employee_398,user_398@example.com,2,116063
399,Employee_399,user_399@example.com,3,94767
400,Employee_400,user_400@example.com,20,80971
401,Employee_401,user_401@example.com,18,111031
402,Employee_402,user_402@example.com,4,51636
403,Employee_403,user_403@example.com,1,104041
404,Employee_404,user_404@example.com,7,96397
405,Employee_405,user_405@example.com,1,118012
406,Employee_406,user_406@example.com,4,56056
407,Employee_407,user_407@example.com,11,38694
408,Employee_408,user_408@example.com,1,90903
409,Employee_409,user_409@example.com,17,117555
410,Employee_410,user_410@example.com,16,79771
411,Employee_411,user_411@example.com,19,91359
412,Employee_412,user_412@example.com,12,37622
413,Employee_413,user_413@example.com,4,109650
414,Employee_414,user_414@example.com,11,68150
415,Employee_415,user_415@example.com,8,81037
416,Employee_416,user_416@example.com,3,39426
417,Employee_417,user_417@example.com,10,42249
418,Employee_418,user_418@example.com,4,43712
419,Employee_419,user_419@example.com,14,113463
420,Employee_420,user_420@example.com,6,74554
421,Employee_421,user_421@example.com,9,107490
422,Employee_422,user_422@example.com,2,43429
423,Employee_423,user_423@example.com,13,102031
424,Employee_424,user_424@example.com,2,40983
425,Employee_425,user_425@example.com,11,112724
426,Employee_426,user_426@example.com,15,64190
427,Employee_427,user_427@example.com,17,64352
428,Employee_428,user_428@example.com,3,40866
429,Employee_429,user_429@example.com,9,60964
430,Employee_430,user_430@example.com,11,50040
431,Employee_431,user_431@example.com,16,31350
432,Employee_432,user_432@example.com,20,40177
433,Employee_433,user_433@example.com,18,93976
434,Employee_434,user_434@example.com,8,117814
435,Employee_435,user_435@example.com,8,97795
436,Employee_436,user_436@example.com,7,42961
437,Employee_437,user_437@example.com,20,59981
438,Employee_438,user_438@example.com,3,68099
439,Employee_439,user_439@example.com,15,116475
440,Employee_440,user_440@example.com,10,80069
441,Employee_441,user_441@example.com,11,116933
442,Employee_442,user_442@example.com,12,61054
443,Employee_443,user_443@example.com,14,104494
444,Employee_444,user_444@example.com,7,71409
445,Employee_445,user_445@example.com,4,51130
446,Employee_446,user_446@example.com,16,99708
447,Employee_447,user_447@example.com,19,46194
448,Employee_448,user_448@example.com,14,60253
449,Employee_449,user_449@example.com,5,79384
450,Employee_450,user_450@example.com,7,104041
451,Employee_451,user_451@example.com,13,69750
452,Employee_452,user_452@example.com,4,109796
453,Employee_453,user_453@example.com,14,112753
454,Employee_454,user_454@example.com,7,42211
455,Employee_455,user_455@example.com,8,60662
456,Employee_456,user_456@example.com,12,50438
457,Employee_457,user_457@example.com,10,98702
458,Employee_458,user_458@example.com,12,47219
459,Employee_459,user_459@example.com,14,105485
460,Employee_460,user_460@example.com,4,46515
461,Employee_461,user_461@example.com,10,64007
462,Employee_462,user_462@example.com,2,114245
463,Employee_463,user_463@example.com,17,55532
464,Employee_464,user_464@example.com,9,34155
465,Employee_465,user_465@example.com,6,40227
466,Employee_466,user_466@example.com,18,79900
467,Employee_467,user_467@example.com,2,60476
468,Employee_468,user_468@example.com,19,94782
469,Employee_469,user_469@example.com,15,45703
470,Employee_470,user_470@example.com,16,88047
471,Employee_471,user_471@example.com,16,61274
472,Employee_472,user_472@example.com,20,53301
473,Employee_473,user_473@example.com,17,82845
474,Employee_474,user_474@example.com,8,36202
475,Employee_475,user_475@example.com,4,83485
476,Employee_476,user_476@example.com,12,58702
477,Employee_477,user_477@example.com,19,112842
478,Employee_478,user_478@example.com,4,91800
479,Employee_479,user_479@example.com,5,91284
480,Employee_480,user_480@example.com,15,53704
481,Employee_481,user_481@example.com,5,87992
482,Employee_482,user_482@example.com,9,101679
483,Employee_483,user_483@example.com,4,76236
484,Employee_484,user_484@example.com,2,36208
485,Employee_485,user_485@example.com,5,37449
486,Employee_486,user_486@example.com,1,91809
487,Employee_487,user_487@example.com,13,74531
488,Employee_488,user_488@example.com,19,46159
489,Employee_489,user_489@example.com,19,106698
490,Employee_490,user_490@example.com,16,119139
491,Employee_491,user_491@example.com,9,41042
492,Employee_492,user_492@example.com,19,111004
493,Employee_493,user_493@example.com,19,32917
494,Employee_494,user_494@example.com,12,51340
495,Employee_495,user_495@example.com,16,55420
496,Employee_496,user_496@example.com,20,116926
497,Employee_497,user_497@example.com,11,82674
498,Employee_498,user_498@example.com,7,47079
499,Employee_499,user_499@example.com,6,40000
500,Employee_500,user_500@example.com,18,88494
501,Employee_501,user_501@example.com,5,78587
502,Employee_502,user_502@example.com,6,55807
503,Employee_503,user_503@example.com,9,41173
504,Employee_504,user_504@example.com,14,92778
505,Employee_505,user_505@example.com,6,114452
506,Employee_506,user_506@example.com,14,91251
507,Employee_507,user_507@example.com,13,71924
508,Employee_508,user_508@example.com,17,95598
509,Employee_509,user_509@example.com,14,83858
510,Employee_510,user_510@example.com,8,96462
511,Employee_511,user_511@example.com,18,97536
512,Employee_512,user_512@example.com,1,61073
513,Employee_513,user_513@example.com,11,99376
514,Employee_514,user_514@example.com,11,81201
515,Employee_515,user_515@example.com,16,92712
516,Employee_516,user_516@example.com,4,116850
517,Employee_517,user_517@example.com,3,103849
518,Employee_518,user_518@example.com,11,42893
519,Employee_519,user_519@example.com,19,117624
520,Employee_520,user_520@example.com,8,70681
521,Employee_521,user_521@example.com,16,113257
522,Employee_522,user_522@example.com,8,60030
523,Employee_523,user_523@example.com,19,117470
524,Employee_524,user_524@example.com,12,113289
525,Employee_525,user_525@example.com,18,86336
526,Employee_526,user_526@example.com,17,55649
527,Employee_527,user_527@example.com,8,79144
528,Employee_528,user_528@example.com,15,114380
529,Employee_529,user_529@example.com,4,35845
530,Employee_530,user_530@example.com,18,68633
531,Employee_531,user_531@example.com,4,57478
532,Employee_532,user_532@example.com,12,88008
533,Employee_533,user_533@example.com,13,32281
534,Employee_534,user_534@example.com,9,58635
535,Employee_535,user_535@example.com,12,66071
536,Employee_536,user_536@example.com,14,84525
537,Employee_537,user_537@example.com,5,62672
538,Employee_538,user_538@example.com,1,39519
539,Employee_539,user_539@example.com,13,82053
540,Employee_540,user_540@example.com,17,107924
541,Employee_541,user_541@example.com,9,81617
542,Employee_542,user_542@example.com,16,73386
543,Employee_543,user_543@example.com,11,80274
544,Employee_544,user_544@example.com,17,90101
545,Employee_545,user_545@example.com,4,43077
546,Employee_546,user_546@example.com,2,91543
547,Employee_547,user_547@example.com,13,103642
548,Employee_548,user_548@example.com,17,115524
549,Employee_549,user_549@example.com,11,43080
550,Employee_550,user_550@example.com,9,70404
551,Employee_551,user_551@example.com,18,105439
552,Employee_552,user_552@example.com,20,67219
553,Employee_553,user_553@example.com,3,74570
554,Employee_554,user_554@example.com,9,32047
555,Employee_555,user_555@example.com,15,52200
556,Employee_556,user_556@example.com,17,35372
557,Employee_557,user_557@example.com,8,110771
558,Employee_558,user_558@example.com,1,58494
559,Employee_559,user_559@example.com,18,93770
560,Employee_560,user_560@example.com,4,84694
561,Employee_561,user_561@example.com,4,91527
562,Employee_562,user_562@example.com,1,52463
563,Employee_563,user_563@example.com,14,103591
564,Employee_564,user_564@example.com,17,67934
565,Employee_565,user_565@example.com,17,78458
566,Employee_566,user_566@example.com,4,69543
567,Employee_567,user_567@example.com,14,34558
568,Employee_568,user_568@example.com,15,105186
569,Employee_569,user_569@example.com,10,91512
570,Employee_570,user_570@example.com,13,66528
571,Employee_571,user_571@example.com,9,55626
572,Employee_572,user_572@example.com,19,63317
573,Employee_573,user_573@example.com,18,99469
574,Employee_574,user_574@example.com,11,55673
575,Employee_575,user_575@example.com,15,49112
576,Employee_576,user_576@example.com,7,85187
577,Employee_577,user_577@example.com,16,108101
578,Employee_578,user_578@example.com,2,53553
579,Employee_579,user_579@example.com,13,95596
580,Employee_580,user_580@example.com,15,108149
581,Employee_581,user_581@example.com,19,43765
582,Employee_582,user_582@example.com,1,56393
583,Employee_583,user_583@example.com,8,86999
584,Employee_584,user_584@example.com,9,71225
585,Employee_585,user_585@example.com,5,113681
586,Employee_586,user_586@example.com,19,78221
587,Employee_587,user_587@example.com,2,30355
588,Employee_588,user_588@example.com,15,67186
589,Employee_589,user_589@example.com,7,53176
590,Employee_590,user_590@example.com,17,101549
591,Employee_591,user_591@example.com,10,38802
592,Employee_592,user_592@example.com,10,97637
593,Employee_593,user_593@example.com,9,32743
594,Employee_594,user_594@example.com,7,53508
595,Employee_595,user_595@example.com,6,96712
596,Employee_596,user_596@example.com,5,113308
597,Employee_597,user_597@example.com,5,48059
598,Employee_598,user_598@example.com,17,55996
599,Employee_599,user_599@example.com,6,110688
600,Employee_600,user_600@example.com,9,39035
601,Employee_601,user_601@example.com,16,69871
602,Employee_602,user_602@example.com,19,52447
603,Employee_603,user_603@example.com,12,40574
604,Employee_604,user_604@example.com,9,34911
605,Employee_605,user_605@example.com,15,77834
606,Employee_606,user_606@example.com,10,40742
607,Employee_607,user_607@example.com,15,97016
608,Employee_608,user_608@example.com,19,94447
609,Employee_609,user_609@example.com,9,90422
610,Employee_610,user_610@example.com,14,106563
611,Employee_611,user_611@example.com,4,113746
612,Employee_612,user_612@example.com,16,86931
613,Employee_613,user_613@example.com,17,111475
614,Employee_614,user_614@example.com,17,70658
615,Employee_615,user_615@example.com,15,75497
616,Employee_616,user_616@example.com,1,83341
617,Employee_617,user_617@example.com,14,90176
618,Employee_618,user_618@example.com,6,72906
619,Employee_619,user_619@example.com,1,69968
620,Employee_620,user_620@example.com,3,113831
621,Employee_621,user_621@example.com,1,81757
622,Employee_622,user_622@example.com,11,56363
623,Employee_623,user_623@example.com,20,59012
624,Employee_624,user_624@example.com,10,112380
625,Employee_625,user_625@example.com,1,78592
626,Employee_626,user_626@example.com,20,33161
627,Employee_627,user_627@example.com,18,59235
628,Employee_628,user_628@example.com,3,35281
629,Employee_629,user_629@example.com,9,33527
630,Employee_630,user_630@example.com,6,83197
631,Employee_631,user_631@example.com,3,74631
632,Employee_632,user_632@example.com,2,48065
633,Employee_633,user_633@example.com,8,108771
634,Employee_634,user_634@example.com,2,114894
635,Employee_635,user_635@example.com,9,101893
636,Employee_636,user_636@example.com,2,73805
637,Employee_637,user_637@example.com,16,106372
638,Employee_638,user_638@example.com,6,119411
639,Employee_639,user_639@example.com,1,41668
640,Employee_640,user_640@example.com,1,38153
641,Employee_641,user_641@example.com,5,49829
642,Employee_642,user_642@example.com,9,112153
643,Employee_643,user_643@example.com,18,90826
644,Employee_644,user_644@example.com,14,34095
645,Employee_645,user_645@example.com,12,106597
646,Employee_646,user_646@example.com,9,111194
647,Employee_647,user_647@example.com,6,30979
648,Employee_648,user_648@example.com,6,87549
649,Employee_649,user_649@example.com,7,54424
650,Employee_650,user_650@example.com,11,108448
651,Employee_651,user_651@example.com,5,88989
652,Employee_652,user_652@example.com,15,41095
653,Employee_653,user_653@example.com,17,101650
654,Employee_654,user_654@example.com,13,36000
655,Employee_655,user_655@example.com,19,87197
656,Employee_656,user_656@example.com,10,84729
657,Employee_657,user_657@example.com,11,80419
658,Employee_658,user_658@example.com,2,108983
659,Employee_659,user_659@example.com,20,109031
660,Employee_660,user_660@example.com,13,82148
661,Employee_661,user_661@example.com,4,115080
662,Employee_662,user_662@example.com,20,32917
663,Employee_663,user_663@example.com,11,45253
664,Employee_664,user_664@example.com,11,58642
665,Employee_665,user_665@example.com,14,43774
666,Employee_666,user_666@example.com,19,105209
667,Employee_667,user_667@example.com,15,102739
668,Employee_668,user_668@example.com,3,67750
669,Employee_669,user_669@example.com,9,60090
670,Employee_670,user_670@example.com,11,37297
671,Employee_671,user_671@example.com,3,116914
672,Employee_672,user_672@example.com,8,75940
673,Employee_673,user_673@example.com,18,40856
674,Employee_674,user_674@example.com,13,78499
675,Employee_675,user_675@example.com,15,91162
676,Employee_676,user_676@example.com,5,44467
677,Employee_677,user_677@example.com,11,64607
678,Employee_678,user_678@example.com,3,43324
679,Employee_679,user_679@example.com,12,46460
680,Employee_680,user_680@example.com,16,72241
681,Employee_681,user_681@example.com,20,45855
682,Employee_682,user_682@example.com,12,93628
683,Employee_683,user_683@example.com,5,102554
684,Employee_684,user_684@example.com,16,62136
685,Employee_685,user_685@example.com,15,44753
686,Employee_686,user_686@example.com,7,42207
687,Employee_687,user_687@example.com,16,54403
688,Employee_688,user_688@example.com,6,115137
689,Employee_689,user_689@example.com,17,78005
690,Employee_690,user_690@example.com,13,72543
691,Employee_691,user_691@example.com,15,100266
692,Employee_692,user_692@example.com,12,67087
693,Employee_693,user_693@example.com,17,45642
694,Employee_694,user_694@example.com,5,66133
695,Employee_695,user_695@example.com,17,114423
696,Employee_696,user_696@example.com,9,38003
697,Employee_697,user_697@example.com,14,89450
698,Employee_698,user_698@example.com,16,39357
699,Employee_699,user_699@example.com,16,77180
700,Employee_700,user_700@example.com,11,36971
701,Employee_701,user_701@example.com,8,77243
702,Employee_702,user_702@example.com,17,63771
703,Employee_703,user_703@example.com,16,38066
704,Employee_704,user_704@example.com,1,108357
705,Employee_705,user_705@example.com,9,52116
706,Employee_706,user_706@example.com,16,110091
707,Employee_707,user_707@example.com,4,78462
708,Employee_708,user_708@example.com,1,72543
709,Employee_709,user_709@example.com,18,89033
710,Employee_710,user_710@example.com,16,95243
711,Employee_711,user_711@example.com,18,44089
712,Employee_712,user_712@example.com,19,54858
713,Employee_713,user_713@example.com,6,119051
714,Employee_714,user_714@example.com,5,36239
715,Employee_715,user_715@example.com,7,72196
716,Employee_716,user_716@example.com,11,92393
717,Employee_717,user_717@example.com,20,99381
718,Employee_718,user_718@example.com,6,57283
719,Employee_719,user_719@example.com,9,112328
720,Employee_720,user_720@example.com,6,41089
721,Employee_721,user_721@example.com,6,75080
722,Employee_722,user_722@example.com,5,89251
723,Employee_723,user_723@example.com,14,98714
724,Employee_724,user_724@example.com,7,81698
725,Employee_725,user_725@example.com,17,103346
726,Employee_726,user_726@example.com,14,74893
727,Employee_727,user_727@example.com,3,30974
728,Employee_728,user_728@example.com,16,94463
729,Employee_729,user_729@example.com,18,84998
730,Employee_730,user_730@example.com,13,102163
731,Employee_731,user_731@example.com,5,58815
732,Employee_732,user_732@example.com,4,69876
733,Employee_733,user_733@example.com,14,110411
734,Employee_734,user_734@example.com,8,33847
735,Employee_735,user_735@example.com,6,43857
736,Employee_736,user_736@example.com,1,38245
737,Employee_737,user_737@example.com,10,43371
738,Employee_738,user_738@example.com,2,83226
739,Employee_739,user_739@example.com,8,118114
740,Employee_740,user_740@example.com,20,51380
741,Employee_741,user_741@example.com,13,50184
742,Employee_742,user_742@example.com,9,43300
743,Employee_743,user_743@example.com,18,50125
744,Employee_744,user_744@example.com,13,58419
745,Employee_745,user_745@example.com,9,98145
746,Employee_746,user_746@example.com,1,70451
747,Employee_747,user_747@example.com,9,113825
748,Employee_748,user_748@example.com,17,57768
749,Employee_749,user_749@example.com,16,71052
750,Employee_750,user_750@example.com,12,88639
751,Employee_751,user_751@example.com,16,82377
752,Employee_752,user_752@example.com,10,104044
753,Employee_753,user_753@example.com,12,61367
754,Employee_754,user_754@example.com,1,51367
755,Employee_755,user_755@example.com,10,62979
756,Employee_756,user_756@example.com,3,104350
757,Employee_757,user_757@example.com,2,69304
758,Employee_758,user_758@example.com,20,93648
759,Employee_759,user_759@example.com,12,41011
760,Employee_760,user_760@example.com,3,43669
761,Employee_761,user_761@example.com,2,78719
762,Employee_762,user_762@example.com,14,39420
763,Employee_763,user_763@example.com,4,64319
764,Employee_764,user_764@example.com,8,78004
765,Employee_765,user_765@example.com,18,97005
766,Employee_766,user_766@example.com,13,92543
767,Employee_767,user_767@example.com,16,61701
768,Employee_768,user_768@example.com,1,32583
769,Employee_769,user_769@example.com,5,78209
770,Employee_770,user_770@example.com,1,53054
771,Employee_771,user_771@example.com,3,109821
772,Employee_772,user_772@example.com,17,83358
773,Employee_773,user_773@example.com,19,39887
774,Employee_774,user_774@example.com,11,65305
775,Employee_775,user_775@example.com,13,32031
776,Employee_776,user_776@example.com,6,35070
777,Employee_777,user_777@example.com,20,71596
778,Employee_778,user_778@example.com,1,119611
779,Employee_779,user_779@example.com,19,46341
780,Employee_780,user_780@example.com,15,117632
781,Employee_781,user_781@example.com,14,99457
782,Employee_782,user_782@example.com,3,48467
783,Employee_783,user_783@example.com,5,45135
784,Employee_784,user_784@example.com,14,57760
785,Employee_785,user_785@example.com,5,32114
786,Employee_786,user_786@example.com,15,51866
787,Employee_787,user_787@example.com,15,118476
788,Employee_788,user_788@example.com,14,41876
789,Employee_789,user_789@example.com,17,44688
790,Employee_790,user_790@example.com,11,34419
791,Employee_791,user_791@example.com,1,116880
792,Employee_792,user_792@example.com,9,91352
793,Employee_793,user_793@example.com,17,32151
794,Employee_794,user_794@example.com,17,92827
795,Employee_795,user_795@example.com,11,50330
796,Employee_796,user_796@example.com,4,116686
797,Employee_797,user_797@example.com,15,77445
798,Employee_798,user_798@example.com,12,73682
799,Employee_799,user_799@example.com,18,39659
800,Employee_800,user_800@example.com,18,74142
801,Employee_801,user_801@example.com,9,80397
802,Employee_802,user_802@example.com,18,112355
803,Employee_803,user_803@example.com,20,63788
804,Employee_804,user_804@example.com,8,118241
805,Employee_805,user_805@example.com,9,91800
806,Employee_806,user_806@example.com,10,67588
807,Employee_807,user_807@example.com,10,60714
808,Employee_808,user_808@example.com,1,59827
809,Employee_809,user_809@example.com,7,67774
810,Employee_810,user_810@example.com,3,81683
811,Employee_811,user_811@example.com,10,94928
812,Employee_812,user_812@example.com,17,49509
813,Employee_813,user_813@example.com,13,69525
814,Employee_814,user_814@example.com,7,55159
815,Employee_815,user_815@example.com,1,33020
816,Employee_816,user_816@example.com,18,35803
817,Employee_817,user_817@example.com,4,81107
818,Employee_818,user_818@example.com,17,95039
819,Employee_819,user_819@example.com,20,44458
820,Employee_820,user_820@example.com,5,35187
821,Employee_821,user_821@example.com,13,87752
822,Employee_822,user_822@example.com,11,37435
823,Employee_823,user_823@example.com,13,39605
824,Employee_824,user_824@example.com,14,82672
825,Employee_825,user_825@example.com,19,117164
826,Employee_826,user_826@example.com,9,40882
827,Employee_827,user_827@example.com,16,78612
828,Employee_828,user_828@example.com,20,109211
829,Employee_829,user_829@example.com,14,106563
830,Employee_830,user_830@example.com,3,61227
831,Employee_831,user_831@example.com,13,56183
832,Employee_832,user_832@example.com,2,36661
833,Employee_833,user_833@example.com,10,40765
834,Employee_834,user_834@example.com,19,40412
835,Employee_835,user_835@example.com,4,97859
836,Employee_836,user_836@example.com,1,41347
837,Employee_837,user_837@example.com,4,38117
838,Employee_838,user_838@example.com,5,117356
839,Employee_839,user_839@example.com,17,49574
840,Employee_840,user_840@example.com,7,31628
841,Employee_841,user_841@example.com,16,69682
842,Employee_842,user_842@example.com,6,64418
843,Employee_843,user_843@example.com,11,79777
844,Employee_844,user_844@example.com,19,115950
845,Employee_845,user_845@example.com,13,118761
846,Employee_846,user_846@example.com,11,103990
847,Employee_847,user_847@example.com,9,62678
848,Employee_848,user_848@example.com,2,41378
849,Employee_849,user_849@example.com,19,75672
850,Employee_850,user_850@example.com,4,90170
851,Employee_851,user_851@example.com,11,73295
852,Employee_852,user_852@example.com,3,103369
853,Employee_853,user_853@example.com,20,73084
854,Employee_854,user_854@example.com,1,88103
855,Employee_855,user_855@example.com,20,34197
856,Employee_856,user_856@example.com,14,52818
857,Employee_857,user_857@example.com,4,57665
858,Employee_858,user_858@example.com,7,33044
859,Employee_859,user_859@example.com,13,90466
860,Employee_860,user_860@example.com,17,49521
861,Employee_861,user_861@example.com,12,90469
862,Employee_862,user_862@example.com,2,70613
863,Employee_863,user_863@example.com,11,108196
864,Employee_864,user_864@example.com,19,55862
865,Employee_865,user_865@example.com,8,99467
866,Employee_866,user_866@example.com,14,43515
867,Employee_867,user_867@example.com,1,46129
868,Employee_868,user_868@example.com,11,69765
869,Employee_869,user_869@example.com,2,31784
870,Employee_870,user_870@example.com,10,39978
871,Employee_871,user_871@example.com,14,48346
872,Employee_872,user_872@example.com,2,35609
873,Employee_873,user_873@example.com,20,107125
874,Employee_874,user_874@example.com,16,89740
875,Employee_875,user_875@example.com,13,55763
876,Employee_876,user_876@example.com,10,85563
877,Employee_877,user_877@example.com,5,66172
878,Employee_878,user_878@example.com,16,95340
879,Employee_879,user_879@example.com,9,59938
880,Employee_880,user_880@example.com,9,84979
881,Employee_881,user_881@example.com,5,54738
882,Employee_882,user_882@example.com,2,33335
883,Employee_883,user_883@example.com,15,39065
884,Employee_884,user_884@example.com,17,54131
885,Employee_885,user_885@example.com,11,64595
886,Employee_886,user_886@example.com,1,78577
887,Employee_887,user_887@example.com,17,68754
888,Employee_888,user_888@example.com,16,112014
889,Employee_889,user_889@example.com,3,78261
890,Employee_890,user_890@example.com,3,31958
891,Employee_891,user_891@example.com,7,79179
892,Employee_892,user_892@example.com,5,58061
893,Employee_893,user_893@example.com,18,74870
894,Employee_894,user_894@example.com,7,55410
895,Employee_895,user_895@example.com,7,67582
896,Employee_896,user_896@example.com,16,38331
897,Employee_897,user_897@example.com,10,54711
898,Employee_898,user_898@example.com,6,115619
899,Employee_899,user_899@example.com,9,90691
900,Employee_900,user_900@example.com,9,46772
901,Employee_901,user_901@example.com,8,42053
902,Employee_902,user_902@example.com,4,52261
903,Employee_903,user_903@example.com,16,64156
904,Employee_904,user_904@example.com,20,103322
905,Employee_905,user_905@example.com,5,84572
906,Employee_906,user_906@example.com,8,103330
907,Employee_907,user_907@example.com,13,51668
908,Employee_908,user_908@example.com,10,91132
909,Employee_909,user_909@example.com,14,94378
910,Employee_910,user_910@example.com,16,115076
911,Employee_911,user_911@example.com,19,41709
912,Employee_912,user_912@example.com,4,92359
913,Employee_913,user_913@example.com,13,75928
914,Employee_914,user_914@example.com,13,35675
915,Employee_915,user_915@example.com,7,80908
916,Employee_916,user_916@example.com,13,104517
917,Employee_917,user_917@example.com,8,63059
918,Employee_918,user_918@example.com,10,35712
919,Employee_919,user_919@example.com,8,62746
920,Employee_920,user_920@example.com,19,35477
921,Employee_921,user_921@example.com,6,76917
922,Employee_922,user_922@example.com,9,42750
923,Employee_923,user_923@example.com,13,82808
924,Employee_924,user_924@example.com,6,98186
925,Employee_925,user_925@example.com,14,43227
926,Employee_926,user_926@example.com,5,119344
927,Employee_927,user_927@example.com,14,111829
928,Employee_928,user_928@example.com,8,67539
929,Employee_929,user_929@example.com,9,82695
930,Employee_930,user_930@example.com,20,32349
931,Employee_931,user_931@example.com,7,119795
932,Employee_932,user_932@example.com,3,60689
933,Employee_933,user_933@example.com,18,89619
934,Employee_934,user_934@example.com,7,49669
935,Employee_935,user_935@example.com,19,68803
936,Employee_936,user_936@example.com,3,71174
937,Employee_937,user_937@example.com,12,70632
938,Employee_938,user_938@example.com,17,73698
939,Employee_939,user_939@example.com,4,78122
940,Employee_940,user_940@example.com,1,106281
941,Employee_941,user_941@example.com,6,70698
942,Employee_942,user_942@example.com,4,92638
943,Employee_943,user_943@example.com,12,76675
944,Employee_944,user_944@example.com,15,96800
945,Employee_945,user_945@example.com,11,87916
946,Employee_946,user_946@example.com,6,103570
947,Employee_947,user_947@example.com,16,88738
948,Employee_948,user_948@example.com,20,94328
949,Employee_949,user_949@example.com,1,44506
950,Employee_950,user_950@example.com,8,96818
951,Employee_951,user_951@example.com,17,92322
952,Employee_952,user_952@example.com,16,31828
953,Employee_953,user_953@example.com,11,84933
954,Employee_954,user_954@example.com,16,40134
955,Employee_955,user_955@example.com,11,101714
956,Employee_956,user_956@example.com,8,50238
957,Employee_957,user_957@example.com,15,77663
958,Employee_958,user_958@example.com,9,38754
959,Employee_959,user_959@example.com,13,64762
960,Employee_960,user_960@example.com,8,56401
961,Employee_961,user_961@example.com,13,83458
962,Employee_962,user_962@example.com,12,60805
963,Employee_963,user_963@example.com,13,41361
964,Employee_964,user_964@example.com,11,100536
965,Employee_965,user_965@example.com,16,76716
966,Employee_966,user_966@example.com,1,77964
967,Employee_967,user_967@example.com,15,82801
968,Employee_968,user_968@example.com,2,102255
969,Employee_969,user_969@example.com,11,63415
970,Employee_970,user_970@example.com,9,92396
971,Employee_971,user_971@example.com,9,58064
972,Employee_972,user_972@example.com,1,81408
973,Employee_973,user_973@example.com,14,106621
974,Employee_974,user_974@example.com,3,42856
975,Employee_975,user_975@example.com,6,61676
976,Employee_976,user_976@example.com,10,52205
977,Employee_977,user_977@example.com,1,72917
978,Employee_978,user_978@example.com,8,69595
979,Employee_979,user_979@example.com,19,47247
980,Employee_980,user_980@example.com,6,109297
981,Employee_981,user_981@example.com,18,113643
982,Employee_982,user_982@example.com,11,106488
983,Employee_983,user_983@example.com,11,70996
984,Employee_984,user_984@example.com,6,52877
985,Employee_985,user_985@example.com,12,34741
986,Employee_986,user_986@example.com,5,76651
987,Employee_987,user_987@example.com,8,59136
988,Employee_988,user_988@example.com,7,43916
989,Employee_989,user_989@example.com,2,102492
990,Employee_990,user_990@example.com,17,105863
991,Employee_991,user_991@example.com,5,49557
992,Employee_992,user_992@example.com,11,88060
993,Employee_993,user_993@example.com,6,70683
994,Employee_994,user_994@example.com,2,115104
995,Employee_995,user_995@example.com,10,50543
996,Employee_996,user_996@example.com,2,119258
997,Employee_997,user_997@example.com,6,86083
998,Employee_998,user_998@example.com,14,70700
999,Employee_999,user_999@example.com,20,89069
1000,Employee_1000,user_1000@example.com,1,111352
1001,Employee_1001,user_1001@example.com,6,32543
1002,Employee_1002,user_1002@example.com,2,96679
1003,Employee_1003,user_1003@example.com,16,69223
1004,Employee_1004,user_1004@example.com,7,111893
1005,Employee_1005,user_1005@example.com,8,66656
1006,Employee_1006,user_1006@example.com,20,45658
1007,Employee_1007,user_1007@example.com,1,107386
1008,Employee_1008,user_1008@example.com,9,82853
1009,Employee_1009,user_1009@example.com,13,116285
1010,Employee_1010,user_1010@example.com,5,50380
1011,Employee_1011,user_1011@example.com,4,97434
1012,Employee_1012,user_1012@example.com,6,89189
1013,Employee_1013,user_1013@example.com,18,92105
1014,Employee_1014,user_1014@example.com,6,103152
1015,Employee_1015,user_1015@example.com,13,47880
1016,Employee_1016,user_1016@example.com,11,51947
1017,Employee_1017,user_1017@example.com,13,74091
1018,Employee_1018,user_1018@example.com,3,68264
1019,Employee_1019,user_1019@example.com,18,31704
1020,Employee_1020,user_1020@example.com,9,119484
1021,Employee_1021,user_1021@example.com,13,47858
1022,Employee_1022,user_1022@example.com,7,71022
1023,Employee_1023,user_1023@example.com,2,41451
1024,Employee_1024,user_1024@example.com,17,99822
1025,Employee_1025,user_1025@example.com,4,119545
1026,Employee_1026,user_1026@example.com,13,37068
1027,Employee_1027,user_1027@example.com,12,94212
1028,Employee_1028,user_1028@example.com,20,62809
1029,Employee_1029,user_1029@example.com,19,99836
1030,Employee_1030,user_1030@example.com,6,81180
1031,Employee_1031,user_1031@example.com,5,113845
1032,Employee_1032,user_1032@example.com,18,108660
1033,Employee_1033,user_1033@example.com,19,34593
1034,Employee_1034,user_1034@example.com,6,106428
1035,Employee_1035,user_1035@example.com,9,70480
1036,Employee_1036,user_1036@example.com,2,106698
1037,Employee_1037,user_1037@example.com,5,90866
1038,Employee_1038,user_1038@example.com,10,53503
1039,Employee_1039,user_1039@example.com,7,100998
1040,Employee_1040,user_1040@example.com,20,106072
1041,Employee_1041,user_1041@example.com,20,33727
1042,Employee_1042,user_1042@example.com,19,99503
1043,Employee_1043,user_1043@example.com,3,114171
1044,Employee_1044,user_1044@example.com,18,77984
1045,Employee_1045,user_1045@example.com,15,80048
1046,Employee_1046,user_1046@example.com,15,53412
1047,Employee_1047,user_1047@example.com,19,70589
1048,Employee_1048,user_1048@example.com,11,41896
1049,Employee_1049,user_1049@example.com,20,58588
1050,Employee_1050,user_1050@example.com,17,34740
1051,Employee_1051,user_1051@example.com,13,85045
1052,Employee_1052,user_1052@example.com,9,102083
1053,Employee_1053,user_1053@example.com,16,68468
1054,Employee_1054,user_1054@example.com,7,89707
1055,Employee_1055,user_1055@example.com,12,76301
1056,Employee_1056,user_1056@example.com,10,82676
1057,Employee_1057,user_1057@example.com,17,65329
1058,Employee_1058,user_1058@example.com,1,90822
1059,Employee_1059,user_1059@example.com,2,44007
1060,Employee_1060,user_1060@example.com,17,52801
1061,Employee_1061,user_1061@example.com,18,112751
1062,Employee_1062,user_1062@example.com,5,30362
1063,Employee_1063,user_1063@example.com,15,36567
1064,Employee_1064,user_1064@example.com,8,50105
1065,Employee_1065,user_1065@example.com,17,68414
1066,Employee_1066,user_1066@example.com,20,37207
1067,Employee_1067,user_1067@example.com,3,51529
1068,Employee_1068,user_1068@example.com,14,37974
1069,Employee_1069,user_1069@example.com,9,88945
1070,Employee_1070,user_1070@example.com,9,60184
1071,Employee_1071,user_1071@example.com,4,111850
1072,Employee_1072,user_1072@example.com,15,35791
1073,Employee_1073,user_1073@example.com,11,99668
1074,Employee_1074,user_1074@example.com,2,82092
1075,Employee_1075,user_1075@example.com,6,48303
1076,Employee_1076,user_1076@example.com,12,37381
1077,Employee_1077,user_1077@example.com,14,101405
1078,Employee_1078,user_1078@example.com,11,98304
1079,Employee_1079,user_1079@example.com,12,114755
1080,Employee_1080,user_1080@example.com,10,110752
1081,Employee_1081,user_1081@example.com,12,89160
1082,Employee_1082,user_1082@example.com,11,95012
1083,Employee_1083,user_1083@example.com,8,75349
1084,Employee_1084,user_1084@example.com,12,37348
1085,Employee_1085,user_1085@example.com,10,45313
1086,Employee_1086,user_1086@example.com,15,37164
1087,Employee_1087,user_1087@example.com,5,85160
1088,Employee_1088,user_1088@example.com,15,44350
1089,Employee_1089,user_1089@example.com,19,77935
1090,Employee_1090,user_1090@example.com,14,45477
1091,Employee_1091,user_1091@example.com,1,45096
1092,Employee_1092,user_1092@example.com,17,78119
1093,Employee_1093,user_1093@example.com,20,74821
1094,Employee_1094,user_1094@example.com,15,31110
1095,Employee_1095,user_1095@example.com,11,37343
1096,Employee_1096,user_1096@example.com,18,62742
1097,Employee_1097,user_1097@example.com,1,70419
1098,Employee_1098,user_1098@example.com,9,92985
1099,Employee_1099,user_1099@example.com,1,59235
1100,Employee_1100,user_1100@example.com,3,77908
1101,Employee_1101,user_1101@example.com,12,108901
1102,Employee_1102,user_1102@example.com,2,46701
1103,Employee_1103,user_1103@example.com,5,39186
1104,Employee_1104,user_1104@example.com,16,111755
1105,Employee_1105,user_1105@example.com,6,46700
1106,Employee_1106,user_1106@example.com,17,90697
1107,Employee_1107,user_1107@example.com,19,110186
1108,Employee_1108,user_1108@example.com,9,55131
1109,Employee_1109,user_1109@example.com,4,71362
1110,Employee_1110,user_1110@example.com,18,30368
1111,Employee_1111,user_1111@example.com,13,86895
1112,Employee_1112,user_1112@example.com,18,39916
1113,Employee_1113,user_1113@example.com,14,31902
1114,Employee_1114,user_1114@example.com,9,46282
1115,Employee_1115,user_1115@example.com,9,119798
1116,Employee_1116,user_1116@example.com,10,84870
1117,Employee_1117,user_1117@example.com,18,32071
1118,Employee_1118,user_1118@example.com,5,66078
1119,Employee_1119,user_1119@example.com,10,102621
1120,Employee_1120,user_1120@example.com,12,78921
1121,Employee_1121,user_1121@example.com,17,39376
1122,Employee_1122,user_1122@example.com,9,78317
1123,Employee_1123,user_1123@example.com,1,94059
1124,Employee_1124,user_1124@example.com,12,109119
1125,Employee_1125,user_1125@example.com,14,48195
1126,Employee_1126,user_1126@example.com,17,93814
1127,Employee_1127,user_1127@example.com,18,68815
1128,Employee_1128,user_1128@example.com,20,90930
1129,Employee_1129,user_1129@example.com,20,41966
1130,Employee_1130,user_1130@example.com,3,51614
1131,Employee_1131,user_1131@example.com,20,111526
1132,Employee_1132,user_1132@example.com,11,74714
1133,Employee_1133,user_1133@example.com,19,115077
1134,Employee_1134,user_1134@example.com,9,56244
1135,Employee_1135,user_1135@example.com,19,34164
1136,Employee_1136,user_1136@example.com,1,31004
1137,Employee_1137,user_1137@example.com,13,34680
1138,Employee_1138,user_1138@example.com,6,53775
1139,Employee_1139,user_1139@example.com,13,55381
1140,Employee_1140,user_1140@example.com,11,35092
1141,Employee_1141,user_1141@example.com,19,95607
1142,Employee_1142,user_1142@example.com,9,51198
1143,Employee_1143,user_1143@example.com,10,110855
1144,Employee_1144,user_1144@example.com,13,50487
1145,Employee_1145,user_1145@example.com,16,91793
1146,Employee_1146,user_1146@example.com,7,90096
1147,Employee_1147,user_1147@example.com,6,94217
1148,Employee_1148,user_1148@example.com,2,46730
1149,Employee_1149,user_1149@example.com,6,84664
1150,Employee_1150,user_1150@example.com,18,54753
1151,Employee_1151,user_1151@example.com,2,67839
1152,Employee_1152,user_1152@example.com,7,100684
1153,Employee_1153,user_1153@example.com,15,88116
1154,Employee_1154,user_1154@example.com,4,101122
1155,Employee_1155,user_1155@example.com,12,81310
1156,Employee_1156,user_1156@example.com,3,59252
1157,Employee_1157,user_1157@example.com,8,50343
1158,Employee_1158,user_1158@example.com,6,100128
1159,Employee_1159,user_1159@example.com,14,105387
1160,Employee_1160,user_1160@example.com,15,56188
1161,Employee_1161,user_1161@example.com,20,69723
1162,Employee_1162,user_1162@example.com,8,90007
1163,Employee_1163,user_1163@example.com,2,107428
1164,Employee_1164,user_1164@example.com,3,75402
1165,Employee_1165,user_1165@example.com,6,58016
1166,Employee_1166,user_1166@example.com,7,91720
1167,Employee_1167,user_1167@example.com,6,59210
1168,Employee_1168,user_1168@example.com,8,99543
1169,Employee_1169,user_1169@example.com,12,33685
1170,Employee_1170,user_1170@example.com,6,32119
1171,Employee_1171,user_1171@example.com,13,62648
1172,Employee_1172,user_1172@example.com,19,71870
1173,Employee_1173,user_1173@example.com,13,76882
1174,Employee_1174,user_1174@example.com,5,76224
1175,Employee_1175,user_1175@example.com,12,58100
1176,Employee_1176,user_1176@example.com,3,70313
1177,Employee_1177,user_1177@example.com,20,74002
1178,Employee_1178,user_1178@example.com,13,69822
1179,Employee_1179,user_1179@example.com,13,42752
1180,Employee_1180,user_1180@example.com,5,59961
1181,Employee_1181,user_1181@example.com,8,115642
1182,Employee_1182,user_1182@example.com,3,42292
1183,Employee_1183,user_1183@example.com,10,35132
1184,Employee_1184,user_1184@example.com,7,33912
1185,Employee_1185,user_1185@example.com,6,44157
1186,Employee_1186,user_1186@example.com,12,112917
1187,Employee_1187,user_1187@example.com,17,64127
1188,Employee_1188,user_1188@example.com,16,38823
1189,Employee_1189,user_1189@example.com,20,69450
1190,Employee_1190,user_1190@example.com,12,49413
1191,Employee_1191,user_1191@example.com,12,113827
1192,Employee_1192,user_1192@example.com,8,112761
1193,Employee_1193,user_1193@example.com,18,54999
1194,Employee_1194,user_1194@example.com,3,31268
1195,Employee_1195,user_1195@example.com,4,99057
1196,Employee_1196,user_1196@example.com,4,111776
1197,Employee_1197,user_1197@example.com,17,71469
1198,Employee_1198,user_1198@example.com,5,71226
1199,Employee_1199,user_1199@example.com,8,71989
1200,Employee_1200,user_1200@example.com,17,91032
1201,Employee_1201,user_1201@example.com,8,78853
1202,Employee_1202,user_1202@example.com,10,98824
1203,Employee_1203,user_1203@example.com,11,53149
1204,Employee_1204,user_1204@example.com,3,73889
1205,Employee_1205,user_1205@example.com,12,113525
1206,Employee_1206,user_1206@example.com,17,84290
1207,Employee_1207,user_1207@example.com,2,78322
1208,Employee_1208,user_1208@example.com,14,73821
1209,Employee_1209,user_1209@example.com,18,65522
1210,Employee_1210,user_1210@example.com,2,48092
1211,Employee_1211,user_1211@example.com,11,95534
1212,Employee_1212,user_1212@example.com,13,41403
1213,Employee_1213,user_1213@example.com,10,94297
1214,Employee_1214,user_1214@example.com,17,34882
1215,Employee_1215,user_1215@example.com,7,112597
1216,Employee_1216,user_1216@example.com,13,85103
1217,Employee_1217,user_1217@example.com,16,94485
1218,Employee_1218,user_1218@example.com,6,116470
1219,Employee_1219,user_1219@example.com,11,118363
1220,Employee_1220,user_1220@example.com,7,116563
1221,Employee_1221,user_1221@example.com,8,38633
1222,Employee_1222,user_1222@example.com,7,57368
1223,Employee_1223,user_1223@example.com,11,86948
1224,Employee_1224,user_1224@example.com,17,84734
1225,Employee_1225,user_1225@example.com,2,87386
1226,Employee_1226,user_1226@example.com,9,77793
1227,Employee_1227,user_1227@example.com,15,50740
1228,Employee_1228,user_1228@example.com,18,99781
1229,Employee_1229,user_1229@example.com,15,30478
1230,Employee_1230,user_1230@example.com,18,55671
1231,Employee_1231,user_1231@example.com,2,69793
1232,Employee_1232,user_1232@example.com,15,88376
1233,Employee_1233,user_1233@example.com,12,39221
1234,Employee_1234,user_1234@example.com,9,48592
1235,Employee_1235,user_1235@example.com,5,50296
1236,Employee_1236,user_1236@example.com,15,41497
1237,Employee_1237,user_1237@example.com,18,111977
1238,Employee_1238,user_1238@example.com,19,97325
1239,Employee_1239,user_1239@example.com,19,109113
1240,Employee_1240,user_1240@example.com,8,49939
1241,Employee_1241,user_1241@example.com,19,46475
1242,Employee_1242,user_1242@example.com,8,42097
1243,Employee_1243,user_1243@example.com,15,45816
1244,Employee_1244,user_1244@example.com,10,85306
1245,Employee_1245,user_1245@example.com,1,31884
1246,Employee_1246,user_1246@example.com,10,55366
1247,Employee_1247,user_1247@example.com,17,63500
1248,Employee_1248,user_1248@example.com,3,39439
1249,Employee_1249,user_1249@example.com,5,54027
1250,Employee_1250,user_1250@example.com,4,85049
1251,Employee_1251,user_1251@example.com,19,60384
1252,Employee_1252,user_1252@example.com,2,62426
1253,Employee_1253,user_1253@example.com,20,32672
1254,Employee_1254,user_1254@example.com,13,74133
1255,Employee_1255,user_1255@example.com,17,114863
1256,Employee_1256,user_1256@example.com,12,92613
1257,Employee_1257,user_1257@example.com,12,51664
1258,Employee_1258,user_1258@example.com,5,56026
1259,Employee_1259,user_1259@example.com,20,83804
1260,Employee_1260,user_1260@example.com,13,78731
1261,Employee_1261,user_1261@example.com,5,98723
1262,Employee_1262,user_1262@example.com,14,83185
1263,Employee_1263,user_1263@example.com,9,79809
1264,Employee_1264,user_1264@example.com,14,54544
1265,Employee_1265,user_1265@example.com,2,33043
1266,Employee_1266,user_1266@example.com,18,54372
1267,Employee_1267,user_1267@example.com,8,34676
1268,Employee_1268,user_1268@example.com,15,88112
1269,Employee_1269,user_1269@example.com,20,64947
1270,Employee_1270,user_1270@example.com,2,49220
1271,Employee_1271,user_1271@example.com,18,78816
1272,Employee_1272,user_1272@example.com,12,38471
1273,Employee_1273,user_1273@example.com,18,101523
1274,Employee_1274,user_1274@example.com,11,42341
1275,Employee_1275,user_1275@example.com,1,82578
1276,Employee_1276,user_1276@example.com,2,43925
1277,Employee_1277,user_1277@example.com,17,82909
1278,Employee_1278,user_1278@example.com,7,51119
1279,Employee_1279,user_1279@example.com,5,74253
1280,Employee_1280,user_1280@example.com,2,31563
1281,Employee_1281,user_1281@example.com,7,75918
1282,Employee_1282,user_1282@example.com,4,86532
1283,Employee_1283,user_1283@example.com,1,72762
1284,Employee_1284,user_1284@example.com,1,91329
1285,Employee_1285,user_1285@example.com,14,40744
1286,Employee_1286,user_1286@example.com,1,34538
1287,Employee_1287,user_1287@example.com,10,72831
1288,Employee_1288,user_1288@example.com,14,46105
1289,Employee_1289,user_1289@example.com,4,66773
1290,Employee_1290,user_1290@example.com,15,85215
1291,Employee_1291,user_1291@example.com,7,39134
1292,Employee_1292,user_1292@example.com,16,45331
1293,Employee_1293,user_1293@example.com,16,73069
1294,Employee_1294,user_1294@example.com,15,70947
1295,Employee_1295,user_1295@example.com,5,106625
1296,Employee_1296,user_1296@example.com,14,54746
1297,Employee_1297,user_1297@example.com,7,108880
1298,Employee_1298,user_1298@example.com,4,119025
1299,Employee_1299,user_1299@example.com,12,89926
1300,Employee_1300,user_1300@example.com,10,61172
1301,Employee_1301,user_1301@example.com,11,116307
1302,Employee_1302,user_1302@example.com,12,43448
1303,Employee_1303,user_1303@example.com,20,40930
1304,Employee_1304,user_1304@example.com,11,60183
1305,Employee_1305,user_1305@example.com,5,96060
1306,Employee_1306,user_1306@example.com,20,65134
1307,Employee_1307,user_1307@example.com,11,39975
1308,Employee_1308,user_1308@example.com,10,119404
1309,Employee_1309,user_1309@example.com,13,82579
1310,Employee_1310,user_1310@example.com,10,36466
1311,Employee_1311,user_1311@example.com,17,104418
1312,Employee_1312,user_1312@example.com,9,89943
1313,Employee_1313,user_1313@example.com,16,105801
1314,Employee_1314,user_1314@example.com,3,114630
1315,Employee_1315,user_1315@example.com,4,86026
1316,Employee_1316,user_1316@example.com,11,79766
1317,Employee_1317,user_1317@example.com,7,92196
1318,Employee_1318,user_1318@example.com,16,71018
1319,Employee_1319,user_1319@example.com,12,99010
1320,Employee_1320,user_1320@example.com,8,69523
1321,Employee_1321,user_1321@example.com,20,111307
1322,Employee_1322,user_1322@example.com,17,46788
1323,Employee_1323,user_1323@example.com,18,53161
1324,Employee_1324,user_1324@example.com,5,76813
1325,Employee_1325,user_1325@example.com,7,55802
1326,Employee_1326,user_1326@example.com,7,78513
1327,Employee_1327,user_1327@example.com,14,81226
1328,Employee_1328,user_1328@example.com,9,31024
1329,Employee_1329,user_1329@example.com,3,58203
1330,Employee_1330,user_1330@example.com,5,82195
1331,Employee_1331,user_1331@example.com,8,108305
1332,Employee_1332,user_1332@example.com,14,95212
1333,Employee_1333,user_1333@example.com,20,105140
1334,Employee_1334,user_1334@example.com,17,110505
1335,Employee_1335,user_1335@example.com,18,85486
1336,Employee_1336,user_1336@example.com,16,118697
1337,Employee_1337,user_1337@example.com,5,80838
1338,Employee_1338,user_1338@example.com,2,109403
1339,Employee_1339,user_1339@example.com,3,34160
1340,Employee_1340,user_1340@example.com,6,72711
1341,Employee_1341,user_1341@example.com,4,75767
1342,Employee_1342,user_1342@example.com,18,40248
1343,Employee_1343,user_1343@example.com,12,80689
1344,Employee_1344,user_1344@example.com,11,93901
1345,Employee_1345,user_1345@example.com,4,107132
1346,Employee_1346,user_1346@example.com,14,60076
1347,Employee_1347,user_1347@example.com,13,116665
1348,Employee_1348,user_1348@example.com,2,67028
1349,Employee_1349,user_1349@example.com,15,64358
1350,Employee_1350,user_1350@example.com,8,51759
1351,Employee_1351,user_1351@example.com,4,89022
1352,Employee_1352,user_1352@example.com,4,102234
1353,Employee_1353,user_1353@example.com,17,63326
1354,Employee_1354,user_1354@example.com,10,65627
1355,Employee_1355,user_1355@example.com,10,35192
1356,Employee_1356,user_1356@example.com,7,79089
1357,Employee_1357,user_1357@example.com,15,67195
1358,Employee_1358,user_1358@example.com,4,62837
1359,Employee_1359,user_1359@example.com,1,61074
1360,Employee_1360,user_1360@example.com,10,73455
1361,Employee_1361,user_1361@example.com,20,62589
1362,Employee_1362,user_1362@example.com,16,57261
1363,Employee_1363,user_1363@example.com,6,59347
1364,Employee_1364,user_1364@example.com,5,88902
1365,Employee_1365,user_1365@example.com,6,73094
1366,Employee_1366,user_1366@example.com,8,49538
1367,Employee_1367,user_1367@example.com,2,116361
1368,Employee_1368,user_1368@example.com,11,95549
1369,Employee_1369,user_1369@example.com,4,110335
1370,Employee_1370,user_1370@example.com,14,43528
1371,Employee_1371,user_1371@example.com,6,110381
1372,Employee_1372,user_1372@example.com,5,36678
1373,Employee_1373,user_1373@example.com,14,30103
1374,Employee_1374,user_1374@example.com,3,96491
1375,Employee_1375,user_1375@example.com,20,57571
1376,Employee_1376,user_1376@example.com,7,66221
1377,Employee_1377,user_1377@example.com,9,91287
1378,Employee_1378,user_1378@example.com,8,37296
1379,Employee_1379,user_1379@example.com,5,43427
1380,Employee_1380,user_1380@example.com,11,71706
1381,Employee_1381,user_1381@example.com,11,40760
1382,Employee_1382,user_1382@example.com,12,42412
1383,Employee_1383,user_1383@example.com,20,85286
1384,Employee_1384,user_1384@example.com,15,114564
1385,Employee_1385,user_1385@example.com,19,90302
1386,Employee_1386,user_1386@example.com,4,45852
1387,Employee_1387,user_1387@example.com,19,81446
1388,Employee_1388,user_1388@example.com,4,72932
1389,Employee_1389,user_1389@example.com,20,58218
1390,Employee_1390,user_1390@example.com,11,81594
1391,Employee_1391,user_1391@example.com,3,119680
1392,Employee_1392,user_1392@example.com,9,43440
1393,Employee_1393,user_1393@example.com,18,91316
1394,Employee_1394,user_1394@example.com,11,102305
1395,Employee_1395,user_1395@example.com,2,98718
1396,Employee_1396,user_1396@example.com,5,34570
1397,Employee_1397,user_1397@example.com,7,118218
1398,Employee_1398,user_1398@example.com,9,77448
1399,Employee_1399,user_1399@example.com,13,91566
1400,Employee_1400,user_1400@example.com,9,34423
1401,Employee_1401,user_1401@example.com,6,50918
1402,Employee_1402,user_1402@example.com,14,58914
1403,Employee_1403,user_1403@example.com,7,66065
1404,Employee_1404,user_1404@example.com,14,95362
1405,Employee_1405,user_1405@example.com,19,110438
1406,Employee_1406,user_1406@example.com,20,90854
1407,Employee_1407,user_1407@example.com,9,72532
1408,Employee_1408,user_1408@example.com,11,36889
1409,Employee_1409,user_1409@example.com,16,81021
1410,Employee_1410,user_1410@example.com,17,75431
1411,Employee_1411,user_1411@example.com,18,35294
1412,Employee_1412,user_1412@example.com,16,117296
1413,Employee_1413,user_1413@example.com,4,81873
1414,Employee_1414,user_1414@example.com,5,85454
1415,Employee_1415,user_1415@example.com,13,32182
1416,Employee_1416,user_1416@example.com,3,94025
1417,Employee_1417,user_1417@example.com,11,108366
1418,Employee_1418,user_1418@example.com,13,44714
1419,Employee_1419,user_1419@example.com,11,57476
1420,Employee_1420,user_1420@example.com,5,59160
1421,Employee_1421,user_1421@example.com,15,39449
1422,Employee_1422,user_1422@example.com,3,32320
1423,Employee_1423,user_1423@example.com,7,87836
1424,Employee_1424,user_1424@example.com,18,113153
1425,Employee_1425,user_1425@example.com,14,68130
1426,Employee_1426,user_1426@example.com,18,44983
1427,Employee_1427,user_1427@example.com,20,33861
1428,Employee_1428,user_1428@example.com,4,84517
1429,Employee_1429,user_1429@example.com,7,115307
1430,Employee_1430,user_1430@example.com,14,72042
1431,Employee_1431,user_1431@example.com,14,109684
1432,Employee_1432,user_1432@example.com,14,106396
1433,Employee_1433,user_1433@example.com,16,115702
1434,Employee_1434,user_1434@example.com,4,82004
1435,Employee_1435,user_1435@example.com,15,47544
1436,Employee_1436,user_1436@example.com,17,46617
1437,Employee_1437,user_1437@example.com,3,73609
1438,Employee_1438,user_1438@example.com,19,110529
1439,Employee_1439,user_1439@example.com,18,98125
1440,Employee_1440,user_1440@example.com,11,69467
1441,Employee_1441,user_1441@example.com,15,35929
1442,Employee_1442,user_1442@example.com,2,108405
1443,Employee_1443,user_1443@example.com,20,60484
1444,Employee_1444,user_1444@example.com,19,65981
1445,Employee_1445,user_1445@example.com,20,53454
1446,Employee_1446,user_1446@example.com,10,89536
1447,Employee_1447,user_1447@example.com,4,95810
1448,Employee_1448,user_1448@example.com,9,51802
1449,Employee_1449,user_1449@example.com,7,58866
1450,Employee_1450,user_1450@example.com,2,58179
1451,Employee_1451,user_1451@example.com,15,118475
1452,Employee_1452,user_1452@example.com,19,63511
1453,Employee_1453,user_1453@example.com,18,51105
1454,Employee_1454,user_1454@example.com,19,85482
1455,Employee_1455,user_1455@example.com,4,70849
1456,Employee_1456,user_1456@example.com,1,111091
1457,Employee_1457,user_1457@example.com,8,69235
1458,Employee_1458,user_1458@example.com,4,34371
1459,Employee_1459,user_1459@example.com,6,112246
1460,Employee_1460,user_1460@example.com,15,51252
1461,Employee_1461,user_1461@example.com,9,111131
1462,Employee_1462,user_1462@example.com,17,116447
1463,Employee_1463,user_1463@example.com,19,31832
1464,Employee_1464,user_1464@example.com,15,81445
1465,Employee_1465,user_1465@example.com,2,51193
1466,Employee_1466,user_1466@example.com,14,89815
1467,Employee_1467,user_1467@example.com,16,118824
1468,Employee_1468,user_1468@example.com,3,38209
1469,Employee_1469,user_1469@example.com,13,58895
1470,Employee_1470,user_1470@example.com,18,46136
1471,Employee_1471,user_1471@example.com,12,48191
1472,Employee_1472,user_1472@example.com,15,103005
1473,Employee_1473,user_1473@example.com,15,76736
1474,Employee_1474,user_1474@example.com,2,108780
1475,Employee_1475,user_1475@example.com,7,38735
1476,Employee_1476,user_1476@example.com,18,62915
1477,Employee_1477,user_1477@example.com,13,98927
1478,Employee_1478,user_1478@example.com,11,58866
1479,Employee_1479,user_1479@example.com,19,118689
1480,Employee_1480,user_1480@example.com,1,63002
1481,Employee_1481,user_1481@example.com,8,72212
1482,Employee_1482,user_1482@example.com,2,52538
1483,Employee_1483,user_1483@example.com,13,96737
1484,Employee_1484,user_1484@example.com,12,49373
1485,Employee_1485,user_1485@example.com,4,114634
1486,Employee_1486,user_1486@example.com,14,74250
1487,Employee_1487,user_1487@example.com,8,99837
1488,Employee_1488,user_1488@example.com,5,31871
1489,Employee_1489,user_1489@example.com,17,58547
1490,Employee_1490,user_1490@example.com,9,72179
1491,Employee_1491,user_1491@example.com,17,60503
1492,Employee_1492,user_1492@example.com,8,118889
1493,Employee_1493,user_1493@example.com,10,70755
1494,Employee_1494,user_1494@example.com,7,74826
1495,Employee_1495,user_1495@example.com,19,62393
1496,Employee_1496,user_1496@example.com,2,61669
1497,Employee_1497,user_1497@example.com,12,112729
1498,Employee_1498,user_1498@example.com,1,38329
1499,Employee_1499,user_1499@example.com,4,83148
1500,Employee_1500,user_1500@example.com,15,111793
1501,Employee_1501,user_1501@example.com,6,47887
1502,Employee_1502,user_1502@example.com,17,77085
1503,Employee_1503,user_1503@example.com,19,80554
1504,Employee_1504,user_1504@example.com,15,108666
1505,Employee_1505,user_1505@example.com,6,83013
1506,Employee_1506,user_1506@example.com,17,106974
1507,Employee_1507,user_1507@example.com,11,38234
1508,Employee_1508,user_1508@example.com,1,89983
1509,Employee_1509,user_1509@example.com,15,82606
1510,Employee_1510,user_1510@example.com,18,57645
1511,Employee_1511,user_1511@example.com,11,107786
1512,Employee_1512,user_1512@example.com,19,101163
1513,Employee_1513,user_1513@example.com,11,99575
1514,Employee_1514,user_1514@example.com,9,89334
1515,Employee_1515,user_1515@example.com,17,89443
1516,Employee_1516,user_1516@example.com,1,85631
1517,Employee_1517,user_1517@example.com,7,88661
1518,Employee_1518,user_1518@example.com,4,48867
1519,Employee_1519,user_1519@example.com,7,67635
1520,Employee_1520,user_1520@example.com,15,61960
1521,Employee_1521,user_1521@example.com,15,38235
1522,Employee_1522,user_1522@example.com,15,87796
1523,Employee_1523,user_1523@example.com,16,77308
1524,Employee_1524,user_1524@example.com,17,35030
1525,Employee_1525,user_1525@example.com,18,38628
1526,Employee_1526,user_1526@example.com,3,107184
1527,Employee_1527,user_1527@example.com,12,65229
1528,Employee_1528,user_1528@example.com,2,103230
1529,Employee_1529,user_1529@example.com,18,111508
1530,Employee_1530,user_1530@example.com,5,30803
1531,Employee_1531,user_1531@example.com,3,98344
1532,Employee_1532,user_1532@example.com,2,106275
1533,Employee_1533,user_1533@example.com,7,83353
1534,Employee_1534,user_1534@example.com,19,88188
1535,Employee_1535,user_1535@example.com,16,59578
1536,Employee_1536,user_1536@example.com,15,78089
1537,Employee_1537,user_1537@example.com,1,47798
1538,Employee_1538,user_1538@example.com,10,118357
1539,Employee_1539,user_1539@example.com,13,104005
1540,Employee_1540,user_1540@example.com,17,31445
1541,Employee_1541,user_1541@example.com,7,35728
1542,Employee_1542,user_1542@example.com,13,78780
1543,Employee_1543,user_1543@example.com,10,77879
1544,Employee_1544,user_1544@example.com,1,72686
1545,Employee_1545,user_1545@example.com,7,117272
1546,Employee_1546,user_1546@example.com,1,54712
1547,Employee_1547,user_1547@example.com,10,90929
1548,Employee_1548,user_1548@example.com,1,36857
1549,Employee_1549,user_1549@example.com,15,88733
1550,Employee_1550,user_1550@example.com,9,39273
1551,Employee_1551,user_1551@example.com,16,37791
1552,Employee_1552,user_1552@example.com,15,38140
1553,Employee_1553,user_1553@example.com,14,37614
1554,Employee_1554,user_1554@example.com,3,58123
1555,Employee_1555,user_1555@example.com,8,102958
1556,Employee_1556,user_1556@example.com,3,84106
1557,Employee_1557,user_1557@example.com,9,81042
1558,Employee_1558,user_1558@example.com,1,100575
1559,Employee_1559,user_1559@example.com,6,43464
1560,Employee_1560,user_1560@example.com,16,56549
1561,Employee_1561,user_1561@example.com,16,109386
1562,Employee_1562,user_1562@example.com,14,31843
1563,Employee_1563,user_1563@example.com,14,111633
1564,Employee_1564,user_1564@example.com,17,43730
1565,Employee_1565,user_1565@example.com,16,30702
1566,Employee_1566,user_1566@example.com,6,104234
1567,Employee_1567,user_1567@example.com,14,59674
1568,Employee_1568,user_1568@example.com,13,60534
1569,Employee_1569,user_1569@example.com,17,60145
1570,Employee_1570,user_1570@example.com,7,100216
1571,Employee_1571,user_1571@example.com,8,58838
1572,Employee_1572,user_1572@example.com,19,102607
1573,Employee_1573,user_1573@example.com,9,76692
1574,Employee_1574,user_1574@example.com,9,98758
1575,Employee_1575,user_1575@example.com,17,45777
1576,Employee_1576,user_1576@example.com,7,41849
1577,Employee_1577,user_1577@example.com,10,53828
1578,Employee_1578,user_1578@example.com,2,110468
1579,Employee_1579,user_1579@example.com,20,68335
1580,Employee_1580,user_1580@example.com,6,97307
1581,Employee_1581,user_1581@example.com,2,58473
1582,Employee_1582,user_1582@example.com,14,114820
1583,Employee_1583,user_1583@example.com,2,69974
1584,Employee_1584,user_1584@example.com,12,103640
1585,Employee_1585,user_1585@example.com,20,44384
1586,Employee_1586,user_1586@example.com,10,67457
1587,Employee_1587,user_1587@example.com,11,104045
1588,Employee_1588,user_1588@example.com,15,60285
1589,Employee_1589,user_1589@example.com,20,64887
1590,Employee_1590,user_1590@example.com,11,44001
1591,Employee_1591,user_1591@example.com,8,63282
1592,Employee_1592,user_1592@example.com,9,106360
1593,Employee_1593,user_1593@example.com,13,40770
1594,Employee_1594,user_1594@example.com,11,43230
1595,Employee_1595,user_1595@example.com,7,48564
1596,Employee_1596,user_1596@example.com,18,58841
1597,Employee_1597,user_1597@example.com,19,87203
1598,Employee_1598,user_1598@example.com,6,58211
1599,Employee_1599,user_1599@example.com,8,74138
1600,Employee_1600,user_1600@example.com,9,38190
1601,Employee_1601,user_1601@example.com,14,104790
1602,Employee_1602,user_1602@example.com,1,110984
1603,Employee_1603,user_1603@example.com,14,59315
1604,Employee_1604,user_1604@example.com,7,111358
1605,Employee_1605,user_1605@example.com,2,98312
1606,Employee_1606,user_1606@example.com,15,54780
1607,Employee_1607,user_1607@example.com,5,102542
1608,Employee_1608,user_1608@example.com,3,108005
1609,Employee_1609,user_1609@example.com,19,67363
1610,Employee_1610,user_1610@example.com,7,62979
1611,Employee_1611,user_1611@example.com,20,37955
1612,Employee_1612,user_1612@example.com,11,32631
1613,Employee_1613,user_1613@example.com,13,92052
1614,Employee_1614,user_1614@example.com,16,56123
1615,Employee_1615,user_1615@example.com,17,82988
1616,Employee_1616,user_1616@example.com,8,103827
1617,Employee_1617,user_1617@example.com,19,48910
1618,Employee_1618,user_1618@example.com,8,46665
1619,Employee_1619,user_1619@example.com,5,31947
1620,Employee_1620,user_1620@example.com,8,117864
1621,Employee_1621,user_1621@example.com,18,88541
1622,Employee_1622,user_1622@example.com,5,69654
1623,Employee_1623,user_1623@example.com,7,86970
1624,Employee_1624,user_1624@example.com,13,39528
1625,Employee_1625,user_1625@example.com,20,62913
1626,Employee_1626,user_1626@example.com,10,77514
1627,Employee_1627,user_1627@example.com,11,60032
1628,Employee_1628,user_1628@example.com,4,54276
1629,Employee_1629,user_1629@example.com,9,57183
1630,Employee_1630,user_1630@example.com,9,39602
1631,Employee_1631,user_1631@example.com,20,57589
1632,Employee_1632,user_1632@example.com,7,89400
1633,Employee_1633,user_1633@example.com,11,84514
1634,Employee_1634,user_1634@example.com,17,58205
1635,Employee_1635,user_1635@example.com,1,51082
1636,Employee_1636,user_1636@example.com,7,54284
1637,Employee_1637,user_1637@example.com,14,76852
1638,Employee_1638,user_1638@example.com,17,113942
1639,Employee_1639,user_1639@example.com,6,44867
1640,Employee_1640,user_1640@example.com,10,52693
1641,Employee_1641,user_1641@example.com,8,86564
1642,Employee_1642,user_1642@example.com,13,63595
1643,Employee_1643,user_1643@example.com,15,57432
1644,Employee_1644,user_1644@example.com,6,45138
1645,Employee_1645,user_1645@example.com,13,61284
1646,Employee_1646,user_1646@example.com,17,48131
1647,Employee_1647,user_1647@example.com,7,64054
1648,Employee_1648,user_1648@example.com,19,58060
1649,Employee_1649,user_1649@example.com,2,61896
1650,Employee_1650,user_1650@example.com,7,102246
1651,Employee_1651,user_1651@example.com,6,35171
1652,Employee_1652,user_1652@example.com,8,88566
1653,Employee_1653,user_1653@example.com,14,66406
1654,Employee_1654,user_1654@example.com,8,112170
1655,Employee_1655,user_1655@example.com,18,61927
1656,Employee_1656,user_1656@example.com,10,110292
1657,Employee_1657,user_1657@example.com,4,60808
1658,Employee_1658,user_1658@example.com,2,76599
1659,Employee_1659,user_1659@example.com,9,40260
1660,Employee_1660,user_1660@example.com,1,56787
1661,Employee_1661,user_1661@example.com,18,97794
1662,Employee_1662,user_1662@example.com,1,84861
1663,Employee_1663,user_1663@example.com,13,66299
1664,Employee_1664,user_1664@example.com,18,79949
1665,Employee_1665,user_1665@example.com,19,43598
1666,Employee_1666,user_1666@example.com,1,54702
1667,Employee_1667,user_1667@example.com,6,67283
1668,Employee_1668,user_1668@example.com,14,100226
1669,Employee_1669,user_1669@example.com,15,111971
1670,Employee_1670,user_1670@example.com,19,52454
1671,Employee_1671,user_1671@example.com,11,82554
1672,Employee_1672,user_1672@example.com,9,115492
1673,Employee_1673,user_1673@example.com,17,60003
1674,Employee_1674,user_1674@example.com,11,39671
1675,Employee_1675,user_1675@example.com,11,110337
1676,Employee_1676,user_1676@example.com,5,107891
1677,Employee_1677,user_1677@example.com,6,91526
1678,Employee_1678,user_1678@example.com,9,38493
1679,Employee_1679,user_1679@example.com,5,112354
1680,Employee_1680,user_1680@example.com,4,43744
1681,Employee_1681,user_1681@example.com,3,96235
1682,Employee_1682,user_1682@example.com,3,109718
1683,Employee_1683,user_1683@example.com,8,91576
1684,Employee_1684,user_1684@example.com,10,64444
1685,Employee_1685,user_1685@example.com,13,49994
1686,Employee_1686,user_1686@example.com,20,98577
1687,Employee_1687,user_1687@example.com,14,62059
1688,Employee_1688,user_1688@example.com,17,57687
1689,Employee_1689,user_1689@example.com,2,88583
1690,Employee_1690,user_1690@example.com,7,37686
1691,Employee_1691,user_1691@example.com,14,37259
1692,Employee_1692,user_1692@example.com,14,51928
1693,Employee_1693,user_1693@example.com,20,48152
1694,Employee_1694,user_1694@example.com,3,55674
1695,Employee_1695,user_1695@example.com,3,51409
1696,Employee_1696,user_1696@example.com,20,97972
1697,Employee_1697,user_1697@example.com,2,31701
1698,Employee_1698,user_1698@example.com,10,52939
1699,Employee_1699,user_1699@example.com,19,49768
1700,Employee_1700,user_1700@example.com,2,32637
1701,Employee_1701,user_1701@example.com,8,72736
1702,Employee_1702,user_1702@example.com,11,91273
1703,Employee_1703,user_1703@example.com,17,73286
1704,Employee_1704,user_1704@example.com,13,100234
1705,Employee_1705,user_1705@example.com,3,80535
1706,Employee_1706,user_1706@example.com,16,69143
1707,Employee_1707,user_1707@example.com,9,75743
1708,Employee_1708,user_1708@example.com,10,99584
1709,Employee_1709,user_1709@example.com,5,118410
1710,Employee_1710,user_1710@example.com,15,94757
1711,Employee_1711,user_1711@example.com,9,35962
1712,Employee_1712,user_1712@example.com,11,51080
1713,Employee_1713,user_1713@example.com,2,82551
1714,Employee_1714,user_1714@example.com,9,107198
1715,Employee_1715,user_1715@example.com,15,31073
1716,Employee_1716,user_1716@example.com,12,75916
1717,Employee_1717,user_1717@example.com,12,33080
1718,Employee_1718,user_1718@example.com,12,31358
1719,Employee_1719,user_1719@example.com,3,36913
1720,Employee_1720,user_1720@example.com,7,35430
1721,Employee_1721,user_1721@example.com,10,38026
1722,Employee_1722,user_1722@example.com,12,38602
1723,Employee_1723,user_1723@example.com,6,37444
1724,Employee_1724,user_1724@example.com,15,51650
1725,Employee_1725,user_1725@example.com,10,53498
1726,Employee_1726,user_1726@example.com,1,94819
1727,Employee_1727,user_1727@example.com,11,67740
1728,Employee_1728,user_1728@example.com,19,74401
1729,Employee_1729,user_1729@example.com,15,42535
1730,Employee_1730,user_1730@example.com,2,90675
1731,Employee_1731,user_1731@example.com,12,76187
1732,Employee_1732,user_1732@example.com,12,80448
1733,Employee_1733,user_1733@example.com,6,101719
1734,Employee_1734,user_1734@example.com,16,88819
1735,Employee_1735,user_1735@example.com,9,32428
1736,Employee_1736,user_1736@example.com,4,83065
1737,Employee_1737,user_1737@example.com,16,30477
1738,Employee_1738,user_1738@example.com,18,97454
1739,Employee_1739,user_1739@example.com,12,109341
1740,Employee_1740,user_1740@example.com,10,119587
1741,Employee_1741,user_1741@example.com,16,82438
1742,Employee_1742,user_1742@example.com,14,86777
1743,Employee_1743,user_1743@example.com,11,100114
1744,Employee_1744,user_1744@example.com,13,40619
1745,Employee_1745,user_1745@example.com,8,50724
1746,Employee_1746,user_1746@example.com,7,58394
1747,Employee_1747,user_1747@example.com,12,35680
1748,Employee_1748,user_1748@example.com,7,31553
1749,Employee_1749,user_1749@example.com,17,44188
1750,Employee_1750,user_1750@example.com,7,92261
1751,Employee_1751,user_1751@example.com,10,94493
1752,Employee_1752,user_1752@example.com,3,113386
1753,Employee_1753,user_1753@example.com,17,67739
1754,Employee_1754,user_1754@example.com,9,85128
1755,Employee_1755,user_1755@example.com,5,43518
1756,Employee_1756,user_1756@example.com,13,99922
1757,Employee_1757,user_1757@example.com,15,38658
1758,Employee_1758,user_1758@example.com,14,57106
1759,Employee_1759,user_1759@example.com,5,61985
1760,Employee_1760,user_1760@example.com,13,115563
1761,Employee_1761,user_1761@example.com,17,64411
1762,Employee_1762,user_1762@example.com,10,33805
1763,Employee_1763,user_1763@example.com,14,109446
1764,Employee_1764,user_1764@example.com,3,48225
1765,Employee_1765,user_1765@example.com,5,104289
1766,Employee_1766,user_1766@example.com,2,85415
1767,Employee_1767,user_1767@example.com,18,56376
1768,Employee_1768,user_1768@example.com,3,80997
1769,Employee_1769,user_1769@example.com,15,106512
1770,Employee_1770,user_1770@example.com,5,74019
1771,Employee_1771,user_1771@example.com,1,37708
1772,Employee_1772,user_1772@example.com,10,94777
1773,Employee_1773,user_1773@example.com,9,49431
1774,Employee_1774,user_1774@example.com,3,116618
1775,Employee_1775,user_1775@example.com,13,111174
1776,Employee_1776,user_1776@example.com,16,43316
1777,Employee_1777,user_1777@example.com,8,34094
1778,Employee_1778,user_1778@example.com,17,63787
1779,Employee_1779,user_1779@example.com,11,66740
1780,Employee_1780,user_1780@example.com,15,42697
1781,Employee_1781,user_1781@example.com,1,59282
1782,Employee_1782,user_1782@example.com,15,50357
1783,Employee_1783,user_1783@example.com,11,45249
1784,Employee_1784,user_1784@example.com,14,87014
1785,Employee_1785,user_1785@example.com,19,98174
1786,Employee_1786,user_1786@example.com,12,56747
1787,Employee_1787,user_1787@example.com,7,53378
1788,Employee_1788,user_1788@example.com,15,80064
1789,Employee_1789,user_1789@example.com,19,52108
1790,Employee_1790,user_1790@example.com,17,98530
1791,Employee_1791,user_1791@example.com,11,43166
1792,Employee_1792,user_1792@example.com,10,114903
1793,Employee_1793,user_1793@example.com,20,116464
1794,Employee_1794,user_1794@example.com,7,95081
1795,Employee_1795,user_1795@example.com,8,115192
1796,Employee_1796,user_1796@example.com,9,109870
1797,Employee_1797,user_1797@example.com,7,52708
1798,Employee_1798,user_1798@example.com,15,110945
1799,Employee_1799,user_1799@example.com,14,46957
1800,Employee_1800,user_1800@example.com,20,108242
1801,Employee_1801,user_1801@example.com,16,111833
1802,Employee_1802,user_1802@example.com,3,109019
1803,Employee_1803,user_1803@example.com,15,99799
1804,Employee_1804,user_1804@example.com,7,107561
1805,Employee_1805,user_1805@example.com,12,70186
1806,Employee_1806,user_1806@example.com,16,77656
1807,Employee_1807,user_1807@example.com,4,114239
1808,Employee_1808,user_1808@example.com,12,40183
1809,Employee_1809,user_1809@example.com,16,74725
1810,Employee_1810,user_1810@example.com,12,37450
1811,Employee_1811,user_1811@example.com,5,78217
1812,Employee_1812,user_1812@example.com,6,52894
1813,Employee_1813,user_1813@example.com,14,87638
1814,Employee_1814,user_1814@example.com,12,36932
1815,Employee_1815,user_1815@example.com,17,91313
1816,Employee_1816,user_1816@example.com,1,62025
1817,Employee_1817,user_1817@example.com,9,59242
1818,Employee_1818,user_1818@example.com,2,50237
1819,Employee_1819,user_1819@example.com,11,75939
1820,Employee_1820,user_1820@example.com,1,77803
1821,Employee_1821,user_1821@example.com,15,47321
1822,Employee_1822,user_1822@example.com,1,91042
1823,Employee_1823,user_1823@example.com,10,41786
1824,Employee_1824,user_1824@example.com,9,65097
1825,Employee_1825,user_1825@example.com,16,48681
1826,Employee_1826,user_1826@example.com,20,114816
1827,Employee_1827,user_1827@example.com,9,67776
1828,Employee_1828,user_1828@example.com,17,37927
1829,Employee_1829,user_1829@example.com,2,87761
1830,Employee_1830,user_1830@example.com,14,53449
1831,Employee_1831,user_1831@example.com,14,90137
1832,Employee_1832,user_1832@example.com,13,96853
1833,Employee_1833,user_1833@example.com,15,51536
1834,Employee_1834,user_1834@example.com,14,39795
1835,Employee_1835,user_1835@example.com,17,101944
1836,Employee_1836,user_1836@example.com,5,114186
1837,Employee_1837,user_1837@example.com,8,119618
1838,Employee_1838,user_1838@example.com,1,78029
1839,Employee_1839,user_1839@example.com,9,54127
1840,Employee_1840,user_1840@example.com,9,43035
1841,Employee_1841,user_1841@example.com,10,75545
1842,Employee_1842,user_1842@example.com,10,48155
1843,Employee_1843,user_1843@example.com,3,101095
1844,Employee_1844,user_1844@example.com,3,99923
1845,Employee_1845,user_1845@example.com,18,109430
1846,Employee_1846,user_1846@example.com,1,41913
1847,Employee_1847,user_1847@example.com,17,89662
1848,Employee_1848,user_1848@example.com,13,93232
1849,Employee_1849,user_1849@example.com,6,114659
1850,Employee_1850,user_1850@example.com,6,88347
1851,Employee_1851,user_1851@example.com,9,115578
1852,Employee_1852,user_1852@example.com,18,93734
1853,Employee_1853,user_1853@example.com,8,30391
1854,Employee_1854,user_1854@example.com,18,80449
1855,Employee_1855,user_1855@example.com,11,107084
1856,Employee_1856,user_1856@example.com,8,106850
1857,Employee_1857,user_1857@example.com,8,65598
1858,Employee_1858,user_1858@example.com,11,71490
1859,Employee_1859,user_1859@example.com,2,53500
1860,Employee_1860,user_1860@example.com,9,44208
1861,Employee_1861,user_1861@example.com,3,48839
1862,Employee_1862,user_1862@example.com,14,67003
1863,Employee_1863,user_1863@example.com,20,36288
1864,Employee_1864,user_1864@example.com,20,63122
1865,Employee_1865,user_1865@example.com,13,109538
1866,Employee_1866,user_1866@example.com,17,72215
1867,Employee_1867,user_1867@example.com,8,32806
1868,Employee_1868,user_1868@example.com,5,73270
1869,Employee_1869,user_1869@example.com,1,89588
1870,Employee_1870,user_1870@example.com,1,40511
1871,Employee_1871,user_1871@example.com,6,48469
1872,Employee_1872,user_1872@example.com,14,115163
1873,Employee_1873,user_1873@example.com,7,100723
1874,Employee_1874,user_1874@example.com,17,102093
1875,Employee_1875,user_1875@example.com,3,85679
1876,Employee_1876,user_1876@example.com,12,34051
1877,Employee_1877,user_1877@example.com,16,69992
1878,Employee_1878,user_1878@example.com,13,46631
1879,Employee_1879,user_1879@example.com,1,67343
1880,Employee_1880,user_1880@example.com,12,107746
1881,Employee_1881,user_1881@example.com,9,75676
1882,Employee_1882,user_1882@example.com,14,118972
1883,Employee_1883,user_1883@example.com,2,108550
1884,Employee_1884,user_1884@example.com,2,91216
1885,Employee_1885,user_1885@example.com,5,31727
1886,Employee_1886,user_1886@example.com,12,60017
1887,Employee_1887,user_1887@example.com,13,78618
1888,Employee_1888,user_1888@example.com,7,33952
1889,Employee_1889,user_1889@example.com,1,119546
1890,Employee_1890,user_1890@example.com,10,40452
1891,Employee_1891,user_1891@example.com,6,109112
1892,Employee_1892,user_1892@example.com,5,89083
1893,Employee_1893,user_1893@example.com,6,59617
1894,Employee_1894,user_1894@example.com,7,85606
1895,Employee_1895,user_1895@example.com,1,40697
1896,Employee_1896,user_1896@example.com,3,86190
1897,Employee_1897,user_1897@example.com,8,71394
1898,Employee_1898,user_1898@example.com,19,53907
1899,Employee_1899,user_1899@example.com,10,50123
1900,Employee_1900,user_1900@example.com,2,116377
1901,Employee_1901,user_1901@example.com,5,48453
1902,Employee_1902,user_1902@example.com,12,65818
1903,Employee_1903,user_1903@example.com,1,90216
1904,Employee_1904,user_1904@example.com,9,99142
1905,Employee_1905,user_1905@example.com,17,76709
1906,Employee_1906,user_1906@example.com,19,86926
1907,Employee_1907,user_1907@example.com,20,58534
1908,Employee_1908,user_1908@example.com,6,100428
1909,Employee_1909,user_1909@example.com,15,54070
1910,Employee_1910,user_1910@example.com,7,82836
1911,Employee_1911,user_1911@example.com,15,66493
1912,Employee_1912,user_1912@example.com,9,63157
1913,Employee_1913,user_1913@example.com,13,115572
1914,Employee_1914,user_1914@example.com,6,33580
1915,Employee_1915,user_1915@example.com,4,117995
1916,Employee_1916,user_1916@example.com,2,61613
1917,Employee_1917,user_1917@example.com,18,54943
1918,Employee_1918,user_1918@example.com,8,64935
1919,Employee_1919,user_1919@example.com,18,66420
1920,Employee_1920,user_1920@example.com,8,62811
1921,Employee_1921,user_1921@example.com,17,43433
1922,Employee_1922,user_1922@example.com,8,47353
1923,Employee_1923,user_1923@example.com,5,54011
1924,Employee_1924,user_1924@example.com,15,78526
1925,Employee_1925,user_1925@example.com,2,91188
1926,Employee_1926,user_1926@example.com,18,30599
1927,Employee_1927,user_1927@example.com,20,74051
1928,Employee_1928,user_1928@example.com,20,75766
1929,Employee_1929,user_1929@example.com,3,53740
1930,Employee_1930,user_1930@example.com,2,99733
1931,Employee_1931,user_1931@example.com,7,98429
1932,Employee_1932,user_1932@example.com,20,52799
1933,Employee_1933,user_1933@example.com,12,99592
1934,Employee_1934,user_1934@example.com,16,52664
1935,Employee_1935,user_1935@example.com,20,34848
1936,Employee_1936,user_1936@example.com,9,56390
1937,Employee_1937,user_1937@example.com,7,85778
1938,Employee_1938,user_1938@example.com,7,90618
1939,Employee_1939,user_1939@example.com,11,71668
1940,Employee_1940,user_1940@example.com,15,98784
1941,Employee_1941,user_1941@example.com,9,73811
1942,Employee_1942,user_1942@example.com,9,108261
1943,Employee_1943,user_1943@example.com,6,98739
1944,Employee_1944,user_1944@example.com,6,73825
1945,Employee_1945,user_1945@example.com,19,50421
1946,Employee_1946,user_1946@example.com,2,49922
1947,Employee_1947,user_1947@example.com,5,115178
1948,Employee_1948,user_1948@example.com,12,30246
1949,Employee_1949,user_1949@example.com,15,33816
1950,Employee_1950,user_1950@example.com,18,107319
1951,Employee_1951,user_1951@example.com,7,56992
1952,Employee_1952,user_1952@example.com,8,78918
1953,Employee_1953,user_1953@example.com,6,103693
1954,Employee_1954,user_1954@example.com,1,48128
1955,Employee_1955,user_1955@example.com,3,99310
1956,Employee_1956,user_1956@example.com,7,55011
1957,Employee_1957,user_1957@example.com,16,59815
1958,Employee_1958,user_1958@example.com,7,97760
1959,Employee_1959,user_1959@example.com,1,99303
1960,Employee_1960,user_1960@example.com,15,45003
1961,Employee_1961,user_1961@example.com,13,75990
1962,Employee_1962,user_1962@example.com,12,115331
1963,Employee_1963,user_1963@example.com,9,94080
1964,Employee_1964,user_1964@example.com,2,65587
1965,Employee_1965,user_1965@example.com,14,56431
1966,Employee_1966,user_1966@example.com,5,36173
1967,Employee_1967,user_1967@example.com,9,100471
1968,Employee_1968,user_1968@example.com,4,47983
1969,Employee_1969,user_1969@example.com,11,40185
1970,Employee_1970,user_1970@example.com,6,75391
1971,Employee_1971,user_1971@example.com,11,70301
1972,Employee_1972,user_1972@example.com,5,107963
1973,Employee_1973,user_1973@example.com,12,83530
1974,Employee_1974,user_1974@example.com,7,85066
1975,Employee_1975,user_1975@example.com,4,36121
1976,Employee_1976,user_1976@example.com,20,49758
1977,Employee_1977,user_1977@example.com,20,45369
1978,Employee_1978,user_1978@example.com,5,65171
1979,Employee_1979,user_1979@example.com,11,38080
1980,Employee_1980,user_1980@example.com,13,55770
1981,Employee_1981,user_1981@example.com,10,61589
1982,Employee_1982,user_1982@example.com,17,119075
1983,Employee_1983,user_1983@example.com,19,34989
1984,Employee_1984,user_1984@example.com,20,107841
1985,Employee_1985,user_1985@example.com,16,95171
1986,Employee_1986,user_1986@example.com,7,54109
1987,Employee_1987,user_1987@example.com,7,97139
1988,Employee_1988,user_1988@example.com,10,94057
1989,Employee_1989,user_1989@example.com,3,101394
1990,Employee_1990,user_1990@example.com,1,32907
1991,Employee_1991,user_1991@example.com,20,118202
1992,Employee_1992,user_1992@example.com,18,37746
1993,Employee_1993,user_1993@example.com,3,70157
1994,Employee_1994,user_1994@example.com,13,85706
1995,Employee_1995,user_1995@example.com,10,46785
1996,Employee_1996,user_1996@example.com,6,81573
1997,Employee_1997,user_1997@example.com,19,59617
1998,Employee_1998,user_1998@example.com,12,59188
1999,Employee_1999,user_1999@example.com,9,58380
2000,Employee_2000,user_2000@example.com,1,50947
2001,Employee_2001,user_2001@example.com,15,79337
2002,Employee_2002,user_2002@example.com,15,105849
2003,Employee_2003,user_2003@example.com,6,39194
2004,Employee_2004,user_2004@example.com,18,36967
2005,Employee_2005,user_2005@example.com,1,81865
2006,Employee_2006,user_2006@example.com,3,116209
2007,Employee_2007,user_2007@example.com,13,68400
2008,Employee_2008,user_2008@example.com,4,115525
2009,Employee_2009,user_2009@example.com,2,85513
2010,Employee_2010,user_2010@example.com,6,70997
2011,Employee_2011,user_2011@example.com,15,70699
2012,Employee_2012,user_2012@example.com,18,102335
2013,Employee_2013,user_2013@example.com,7,103356
2014,Employee_2014,user_2014@example.com,15,106078
2015,Employee_2015,user_2015@example.com,20,115664
2016,Employee_2016,user_2016@example.com,17,41606
2017,Employee_2017,user_2017@example.com,14,35333
2018,Employee_2018,user_2018@example.com,20,65883
2019,Employee_2019,user_2019@example.com,17,79287
2020,Employee_2020,user_2020@example.com,12,41267
2021,Employee_2021,user_2021@example.com,13,39928
2022,Employee_2022,user_2022@example.com,19,73676
2023,Employee_2023,user_2023@example.com,16,66172
2024,Employee_2024,user_2024@example.com,2,103350
2025,Employee_2025,user_2025@example.com,20,100520
2026,Employee_2026,user_2026@example.com,4,64757
2027,Employee_2027,user_2027@example.com,20,65103
2028,Employee_2028,user_2028@example.com,14,34373
2029,Employee_2029,user_2029@example.com,10,96604
2030,Employee_2030,user_2030@example.com,17,55075
2031,Employee_2031,user_2031@example.com,7,97555
2032,Employee_2032,user_2032@example.com,18,105698
2033,Employee_2033,user_2033@example.com,10,84525
2034,Employee_2034,user_2034@example.com,1,72353
2035,Employee_2035,user_2035@example.com,5,60308
2036,Employee_2036,user_2036@example.com,2,59079
2037,Employee_2037,user_2037@example.com,18,30627
2038,Employee_2038,user_2038@example.com,5,68975
2039,Employee_2039,user_2039@example.com,1,72850
2040,Employee_2040,user_2040@example.com,20,82415
2041,Employee_2041,user_2041@example.com,3,64987
2042,Employee_2042,user_2042@example.com,7,56646
2043,Employee_2043,user_2043@example.com,4,86087
2044,Employee_2044,user_2044@example.com,17,85691
2045,Employee_2045,user_2045@example.com,4,94863
2046,Employee_2046,user_2046@example.com,2,47773
2047,Employee_2047,user_2047@example.com,10,112435
2048,Employee_2048,user_2048@example.com,19,95168
2049,Employee_2049,user_2049@example.com,17,67302
2050,Employee_2050,user_2050@example.com,10,62663
2051,Employee_2051,user_2051@example.com,11,92436
2052,Employee_2052,user_2052@example.com,16,117294
2053,Employee_2053,user_2053@example.com,13,83314
2054,Employee_2054,user_2054@example.com,17,38444
2055,Employee_2055,user_2055@example.com,20,89679
2056,Employee_2056,user_2056@example.com,18,40197
2057,Employee_2057,user_2057@example.com,4,43344
2058,Employee_2058,user_2058@example.com,4,88478
2059,Employee_2059,user_2059@example.com,12,118933
2060,Employee_2060,user_2060@example.com,12,55847
2061,Employee_2061,user_2061@example.com,12,38352
2062,Employee_2062,user_2062@example.com,15,34240
2063,Employee_2063,user_2063@example.com,4,75124
2064,Employee_2064,user_2064@example.com,10,77223
2065,Employee_2065,user_2065@example.com,20,77474
2066,Employee_2066,user_2066@example.com,4,114707
2067,Employee_2067,user_2067@example.com,5,94211
2068,Employee_2068,user_2068@example.com,1,92913
2069,Employee_2069,user_2069@example.com,17,67938
2070,Employee_2070,user_2070@example.com,20,118373
2071,Employee_2071,user_2071@example.com,14,31300
2072,Employee_2072,user_2072@example.com,13,57245
2073,Employee_2073,user_2073@example.com,16,72848
2074,Employee_2074,user_2074@example.com,9,72712
2075,Employee_2075,user_2075@example.com,17,71052
2076,Employee_2076,user_2076@example.com,16,109959
2077,Employee_2077,user_2077@example.com,8,104707
2078,Employee_2078,user_2078@example.com,16,46233
2079,Employee_2079,user_2079@example.com,5,69669
2080,Employee_2080,user_2080@example.com,7,116090
2081,Employee_2081,user_2081@example.com,17,67868
2082,Employee_2082,user_2082@example.com,1,67161
2083,Employee_2083,user_2083@example.com,3,86591
2084,Employee_2084,user_2084@example.com,2,107166
2085,Employee_2085,user_2085@example.com,14,69450
2086,Employee_2086,user_2086@example.com,1,30418
2087,Employee_2087,user_2087@example.com,1,63382
2088,Employee_2088,user_2088@example.com,4,46680
2089,Employee_2089,user_2089@example.com,15,42597
2090,Employee_2090,user_2090@example.com,10,83928
2091,Employee_2091,user_2091@example.com,3,30913
2092,Employee_2092,user_2092@example.com,14,34637
2093,Employee_2093,user_2093@example.com,19,101607
2094,Employee_2094,user_2094@example.com,9,53298
2095,Employee_2095,user_2095@example.com,10,65025
2096,Employee_2096,user_2096@example.com,20,57325
2097,Employee_2097,user_2097@example.com,7,45066
2098,Employee_2098,user_2098@example.com,8,70463
2099,Employee_2099,user_2099@example.com,13,51056
2100,Employee_2100,user_2100@example.com,6,33924
2101,Employee_2101,user_2101@example.com,2,84877
2102,Employee_2102,user_2102@example.com,20,52400
2103,Employee_2103,user_2103@example.com,16,55253
2104,Employee_2104,user_2104@example.com,2,107939
2105,Employee_2105,user_2105@example.com,4,81666
2106,Employee_2106,user_2106@example.com,2,59079
2107,Employee_2107,user_2107@example.com,6,109468
2108,Employee_2108,user_2108@example.com,4,53847
2109,Employee_2109,user_2109@example.com,9,81313
2110,Employee_2110,user_2110@example.com,13,114242
2111,Employee_2111,user_2111@example.com,7,60388
2112,Employee_2112,user_2112@example.com,16,56436
2113,Employee_2113,user_2113@example.com,11,57107
2114,Employee_2114,user_2114@example.com,14,90985
2115,Employee_2115,user_2115@example.com,6,52942
2116,Employee_2116,user_2116@example.com,14,46832
2117,Employee_2117,user_2117@example.com,4,80462
2118,Employee_2118,user_2118@example.com,19,114862
2119,Employee_2119,user_2119@example.com,11,90833
2120,Employee_2120,user_2120@example.com,9,30135
2121,Employee_2121,user_2121@example.com,19,107355
2122,Employee_2122,user_2122@example.com,16,117524
2123,Employee_2123,user_2123@example.com,8,100279
2124,Employee_2124,user_2124@example.com,10,102646
2125,Employee_2125,user_2125@example.com,8,40823
2126,Employee_2126,user_2126@example.com,9,34995
2127,Employee_2127,user_2127@example.com,19,61520
2128,Employee_2128,user_2128@example.com,11,75220
2129,Employee_2129,user_2129@example.com,18,37465
2130,Employee_2130,user_2130@example.com,18,102191
2131,Employee_2131,user_2131@example.com,10,38938
2132,Employee_2132,user_2132@example.com,14,98634
2133,Employee_2133,user_2133@example.com,12,110667
2134,Employee_2134,user_2134@example.com,15,89235
2135,Employee_2135,user_2135@example.com,13,94971
2136,Employee_2136,user_2136@example.com,20,59783
2137,Employee_2137,user_2137@example.com,11,71273
2138,Employee_2138,user_2138@example.com,9,40271
2139,Employee_2139,user_2139@example.com,3,65530
2140,Employee_2140,user_2140@example.com,6,99234
2141,Employee_2141,user_2141@example.com,3,79824
2142,Employee_2142,user_2142@example.com,3,115877
2143,Employee_2143,user_2143@example.com,4,33694
2144,Employee_2144,user_2144@example.com,4,47312
2145,Employee_2145,user_2145@example.com,19,98904
2146,Employee_2146,user_2146@example.com,3,110553
2147,Employee_2147,user_2147@example.com,6,57943
2148,Employee_2148,user_2148@example.com,9,96281
2149,Employee_2149,user_2149@example.com,2,37070
2150,Employee_2150,user_2150@example.com,9,57794
2151,Employee_2151,user_2151@example.com,11,51515
2152,Employee_2152,user_2152@example.com,11,42641
2153,Employee_2153,user_2153@example.com,18,45184
2154,Employee_2154,user_2154@example.com,11,47674
2155,Employee_2155,user_2155@example.com,8,96009
2156,Employee_2156,user_2156@example.com,7,100479
2157,Employee_2157,user_2157@example.com,3,64412
2158,Employee_2158,user_2158@example.com,20,95075
2159,Employee_2159,user_2159@example.com,10,86432
2160,Employee_2160,user_2160@example.com,18,96566
2161,Employee_2161,user_2161@example.com,16,77588
2162,Employee_2162,user_2162@example.com,8,105092
2163,Employee_2163,user_2163@example.com,15,75527
2164,Employee_2164,user_2164@example.com,14,38751
2165,Employee_2165,user_2165@example.com,14,65559
2166,Employee_2166,user_2166@example.com,6,72510
2167,Employee_2167,user_2167@example.com,20,58378
2168,Employee_2168,user_2168@example.com,19,88833
2169,Employee_2169,user_2169@example.com,8,96260
2170,Employee_2170,user_2170@example.com,13,46864
2171,Employee_2171,user_2171@example.com,18,34377
2172,Employee_2172,user_2172@example.com,6,114261
2173,Employee_2173,user_2173@example.com,2,69778
2174,Employee_2174,user_2174@example.com,20,94990
2175,Employee_2175,user_2175@example.com,2,97669
2176,Employee_2176,user_2176@example.com,9,43760
2177,Employee_2177,user_2177@example.com,10,48324
2178,Employee_2178,user_2178@example.com,14,112214
2179,Employee_2179,user_2179@example.com,9,68258
2180,Employee_2180,user_2180@example.com,4,99710
2181,Employee_2181,user_2181@example.com,16,67874
2182,Employee_2182,user_2182@example.com,6,48628
2183,Employee_2183,user_2183@example.com,1,110038
2184,Employee_2184,user_2184@example.com,2,92667
2185,Employee_2185,user_2185@example.com,1,114191
2186,Employee_2186,user_2186@example.com,7,109213
2187,Employee_2187,user_2187@example.com,16,86869
2188,Employee_2188,user_2188@example.com,6,94882
2189,Employee_2189,user_2189@example.com,2,70203
2190,Employee_2190,user_2190@example.com,7,45559
2191,Employee_2191,user_2191@example.com,2,103046
2192,Employee_2192,user_2192@example.com,4,43614
2193,Employee_2193,user_2193@example.com,7,42277
2194,Employee_2194,user_2194@example.com,13,86109
2195,Employee_2195,user_2195@example.com,4,34346
2196,Employee_2196,user_2196@example.com,11,47608
2197,Employee_2197,user_2197@example.com,7,76544
2198,Employee_2198,user_2198@example.com,15,54353
2199,Employee_2199,user_2199@example.com,10,59561
2200,Employee_2200,user_2200@example.com,9,71436
2201,Employee_2201,user_2201@example.com,6,96116
2202,Employee_2202,user_2202@example.com,12,69446
2203,Employee_2203,user_2203@example.com,3,41646
2204,Employee_2204,user_2204@example.com,8,105664
2205,Employee_2205,user_2205@example.com,14,65224
2206,Employee_2206,user_2206@example.com,14,36441
2207,Employee_2207,user_2207@example.com,20,54780
2208,Employee_2208,user_2208@example.com,4,86941
2209,Employee_2209,user_2209@example.com,14,41382
2210,Employee_2210,user_2210@example.com,11,77595
2211,Employee_2211,user_2211@example.com,8,57553
2212,Employee_2212,user_2212@example.com,16,71832
2213,Employee_2213,user_2213@example.com,19,45183
2214,Employee_2214,user_2214@example.com,4,50965
2215,Employee_2215,user_2215@example.com,14,55633
2216,Employee_2216,user_2216@example.com,15,119279
2217,Employee_2217,user_2217@example.com,12,87338
2218,Employee_2218,user_2218@example.com,10,39393
2219,Employee_2219,user_2219@example.com,16,96361
2220,Employee_2220,user_2220@example.com,3,37998
2221,Employee_2221,user_2221@example.com,20,108626
2222,Employee_2222,user_2222@example.com,19,61152
2223,Employee_2223,user_2223@example.com,14,49521
2224,Employee_2224,user_2224@example.com,3,35594
2225,Employee_2225,user_2225@example.com,4,93422
2226,Employee_2226,user_2226@example.com,20,87943
2227,Employee_2227,user_2227@example.com,10,60577
2228,Employee_2228,user_2228@example.com,3,114990
2229,Employee_2229,user_2229@example.com,13,46425
2230,Employee_2230,user_2230@example.com,1,72643
2231,Employee_2231,user_2231@example.com,1,94924
2232,Employee_2232,user_2232@example.com,7,60501
2233,Employee_2233,user_2233@example.com,4,90387
2234,Employee_2234,user_2234@example.com,11,78414
2235,Employee_2235,user_2235@example.com,15,102012
2236,Employee_2236,user_2236@example.com,15,92930
2237,Employee_2237,user_2237@example.com,4,96081
2238,Employee_2238,user_2238@example.com,4,119548
2239,Employee_2239,user_2239@example.com,12,48132
2240,Employee_2240,user_2240@example.com,1,32399
2241,Employee_2241,user_2241@example.com,19,39905
2242,Employee_2242,user_2242@example.com,20,70379
2243,Employee_2243,user_2243@example.com,9,77133
2244,Employee_2244,user_2244@example.com,14,116256
2245,Employee_2245,user_2245@example.com,10,103601
2246,Employee_2246,user_2246@example.com,2,105899
2247,Employee_2247,user_2247@example.com,5,112941
2248,Employee_2248,user_2248@example.com,12,64304
2249,Employee_2249,user_2249@example.com,16,38648
2250,Employee_2250,user_2250@example.com,8,35477
2251,Employee_2251,user_2251@example.com,12,37564
2252,Employee_2252,user_2252@example.com,19,35562
2253,Employee_2253,user_2253@example.com,14,92227
2254,Employee_2254,user_2254@example.com,10,88372
2255,Employee_2255,user_2255@example.com,14,75148
2256,Employee_2256,user_2256@example.com,3,49860
2257,Employee_2257,user_2257@example.com,2,102007
2258,Employee_2258,user_2258@example.com,19,32170
2259,Employee_2259,user_2259@example.com,8,95419
2260,Employee_2260,user_2260@example.com,13,47114
2261,Employee_2261,user_2261@example.com,7,41601
2262,Employee_2262,user_2262@example.com,19,65519
2263,Employee_2263,user_2263@example.com,2,89542
2264,Employee_2264,user_2264@example.com,18,70088
2265,Employee_2265,user_2265@example.com,9,117500
2266,Employee_2266,user_2266@example.com,8,32677
2267,Employee_2267,user_2267@example.com,7,37476
2268,Employee_2268,user_2268@example.com,12,82692
2269,Employee_2269,user_2269@example.com,3,99417
2270,Employee_2270,user_2270@example.com,15,113186
2271,Employee_2271,user_2271@example.com,20,84674
2272,Employee_2272,user_2272@example.com,20,31693
2273,Employee_2273,user_2273@example.com,20,60762
2274,Employee_2274,user_2274@example.com,12,38191
2275,Employee_2275,user_2275@example.com,17,52288
2276,Employee_2276,user_2276@example.com,4,73613
2277,Employee_2277,user_2277@example.com,4,46006
2278,Employee_2278,user_2278@example.com,2,58860
2279,Employee_2279,user_2279@example.com,3,62525
2280,Employee_2280,user_2280@example.com,13,47236
2281,Employee_2281,user_2281@example.com,6,100132
2282,Employee_2282,user_2282@example.com,5,53119
2283,Employee_2283,user_2283@example.com,1,116413
2284,Employee_2284,user_2284@example.com,3,79172
2285,Employee_2285,user_2285@example.com,13,102892
2286,Employee_2286,user_2286@example.com,14,44071
2287,Employee_2287,user_2287@example.com,4,78785
2288,Employee_2288,user_2288@example.com,1,75035
2289,Employee_2289,user_2289@example.com,1,38179
2290,Employee_2290,user_2290@example.com,4,61908
2291,Employee_2291,user_2291@example.com,9,48780
2292,Employee_2292,user_2292@example.com,1,88508
2293,Employee_2293,user_2293@example.com,7,81695
2294,Employee_2294,user_2294@example.com,6,55113
2295,Employee_2295,user_2295@example.com,3,87288
2296,Employee_2296,user_2296@example.com,4,109258
2297,Employee_2297,user_2297@example.com,17,35763
2298,Employee_2298,user_2298@example.com,13,69922
2299,Employee_2299,user_2299@example.com,8,109594
2300,Employee_2300,user_2300@example.com,13,105449
2301,Employee_2301,user_2301@example.com,3,31036
2302,Employee_2302,user_2302@example.com,14,69727
2303,Employee_2303,user_2303@example.com,17,47423
2304,Employee_2304,user_2304@example.com,12,77703
2305,Employee_2305,user_2305@example.com,3,59221
2306,Employee_2306,user_2306@example.com,3,34581
2307,Employee_2307,user_2307@example.com,15,82823
2308,Employee_2308,user_2308@example.com,16,80906
2309,Employee_2309,user_2309@example.com,18,39846
2310,Employee_2310,user_2310@example.com,11,43164
2311,Employee_2311,user_2311@example.com,2,79621
2312,Employee_2312,user_2312@example.com,8,79077
2313,Employee_2313,user_2313@example.com,15,115012
2314,Employee_2314,user_2314@example.com,2,71916
2315,Employee_2315,user_2315@example.com,8,56852
2316,Employee_2316,user_2316@example.com,11,64814
2317,Employee_2317,user_2317@example.com,20,58764
2318,Employee_2318,user_2318@example.com,6,55907
2319,Employee_2319,user_2319@example.com,16,109987
2320,Employee_2320,user_2320@example.com,11,53961
2321,Employee_2321,user_2321@example.com,5,86966
2322,Employee_2322,user_2322@example.com,15,35697
2323,Employee_2323,user_2323@example.com,7,109771
2324,Employee_2324,user_2324@example.com,13,67161
2325,Employee_2325,user_2325@example.com,15,66592
2326,Employee_2326,user_2326@example.com,12,53606
2327,Employee_2327,user_2327@example.com,3,49801
2328,Employee_2328,user_2328@example.com,6,68079
2329,Employee_2329,user_2329@example.com,13,89539
2330,Employee_2330,user_2330@example.com,16,57953
2331,Employee_2331,user_2331@example.com,7,53877
2332,Employee_2332,user_2332@example.com,2,63488
2333,Employee_2333,user_2333@example.com,10,86965
2334,Employee_2334,user_2334@example.com,15,80563
2335,Employee_2335,user_2335@example.com,15,83041
2336,Employee_2336,user_2336@example.com,3,87453
2337,Employee_2337,user_2337@example.com,18,83168
2338,Employee_2338,user_2338@example.com,19,38626
2339,Employee_2339,user_2339@example.com,1,51548
2340,Employee_2340,user_2340@example.com,13,62379
2341,Employee_2341,user_2341@example.com,9,111112
2342,Employee_2342,user_2342@example.com,3,57056
2343,Employee_2343,user_2343@example.com,7,111755
2344,Employee_2344,user_2344@example.com,9,52625
2345,Employee_2345,user_2345@example.com,8,66509
2346,Employee_2346,user_2346@example.com,4,97986
2347,Employee_2347,user_2347@example.com,17,44262
2348,Employee_2348,user_2348@example.com,14,112858
2349,Employee_2349,user_2349@example.com,2,52799
2350,Employee_2350,user_2350@example.com,16,45467
2351,Employee_2351,user_2351@example.com,18,109772
2352,Employee_2352,user_2352@example.com,12,91344
2353,Employee_2353,user_2353@example.com,16,59363
2354,Employee_2354,user_2354@example.com,1,45344
2355,Employee_2355,user_2355@example.com,3,64778
2356,Employee_2356,user_2356@example.com,9,76465
2357,Employee_2357,user_2357@example.com,5,39608
2358,Employee_2358,user_2358@example.com,19,84614
2359,Employee_2359,user_2359@example.com,19,77062
2360,Employee_2360,user_2360@example.com,18,89495
2361,Employee_2361,user_2361@example.com,10,101936
2362,Employee_2362,user_2362@example.com,18,34207
2363,Employee_2363,user_2363@example.com,18,45025
2364,Employee_2364,user_2364@example.com,7,106332
2365,Employee_2365,user_2365@example.com,19,46250
2366,Employee_2366,user_2366@example.com,18,100357
2367,Employee_2367,user_2367@example.com,17,68732
2368,Employee_2368,user_2368@example.com,12,119737
2369,Employee_2369,user_2369@example.com,2,94145
2370,Employee_2370,user_2370@example.com,7,102422
2371,Employee_2371,user_2371@example.com,10,62858
2372,Employee_2372,user_2372@example.com,2,39848
2373,Employee_2373,user_2373@example.com,15,101379
2374,Employee_2374,user_2374@example.com,18,36199
2375,Employee_2375,user_2375@example.com,5,79797
2376,Employee_2376,user_2376@example.com,17,57656
2377,Employee_2377,user_2377@example.com,4,105074
2378,Employee_2378,user_2378@example.com,14,69435
2379,Employee_2379,user_2379@example.com,2,50636
2380,Employee_2380,user_2380@example.com,8,87645
2381,Employee_2381,user_2381@example.com,19,72444
2382,Employee_2382,user_2382@example.com,1,66270
2383,Employee_2383,user_2383@example.com,3,63954
2384,Employee_2384,user_2384@example.com,12,71526
2385,Employee_2385,user_2385@example.com,10,87349
2386,Employee_2386,user_2386@example.com,12,31562
2387,Employee_2387,user_2387@example.com,11,65251
2388,Employee_2388,user_2388@example.com,18,70378
2389,Employee_2389,user_2389@example.com,9,103255
2390,Employee_2390,user_2390@example.com,8,98482
2391,Employee_2391,user_2391@example.com,8,90774
2392,Employee_2392,user_2392@example.com,18,41970
2393,Employee_2393,user_2393@example.com,10,56620
2394,Employee_2394,user_2394@example.com,20,94343
2395,Employee_2395,user_2395@example.com,18,38441
2396,Employee_2396,user_2396@example.com,14,77819
2397,Employee_2397,user_2397@example.com,14,41939
2398,Employee_2398,user_2398@example.com,1,59086
2399,Employee_2399,user_2399@example.com,12,51592
2400,Employee_2400,user_2400@example.com,4,51898
2401,Employee_2401,user_2401@example.com,8,75796
2402,Employee_2402,user_2402@example.com,8,60806
2403,Employee_2403,user_2403@example.com,6,87220
2404,Employee_2404,user_2404@example.com,4,70385
2405,Employee_2405,user_2405@example.com,8,60376
2406,Employee_2406,user_2406@example.com,13,112057
2407,Employee_2407,user_2407@example.com,9,67569
2408,Employee_2408,user_2408@example.com,14,97092
2409,Employee_2409,user_2409@example.com,17,63495
2410,Employee_2410,user_2410@example.com,19,62147
2411,Employee_2411,user_2411@example.com,20,55570
2412,Employee_2412,user_2412@example.com,6,76397
2413,Employee_2413,user_2413@example.com,6,44003
2414,Employee_2414,user_2414@example.com,18,42904
2415,Employee_2415,user_2415@example.com,5,112366
2416,Employee_2416,user_2416@example.com,15,75338
2417,Employee_2417,user_2417@example.com,12,30141
2418,Employee_2418,user_2418@example.com,13,102394
2419,Employee_2419,user_2419@example.com,5,51734
2420,Employee_2420,user_2420@example.com,2,54564
2421,Employee_2421,user_2421@example.com,13,103674
2422,Employee_2422,user_2422@example.com,1,74330
2423,Employee_2423,user_2423@example.com,20,105092
2424,Employee_2424,user_2424@example.com,1,101047
2425,Employee_2425,user_2425@example.com,10,94228
2426,Employee_2426,user_2426@example.com,11,75560
2427,Employee_2427,user_2427@example.com,14,75549
2428,Employee_2428,user_2428@example.com,20,56404
2429,Employee_2429,user_2429@example.com,7,42912
2430,Employee_2430,user_2430@example.com,8,50474
2431,Employee_2431,user_2431@example.com,5,102639
2432,Employee_2432,user_2432@example.com,13,68075
2433,Employee_2433,user_2433@example.com,3,34813
2434,Employee_2434,user_2434@example.com,14,46530
2435,Employee_2435,user_2435@example.com,15,83050
2436,Employee_2436,user_2436@example.com,13,111335
2437,Employee_2437,user_2437@example.com,12,95128
2438,Employee_2438,user_2438@example.com,20,30146
2439,Employee_2439,user_2439@example.com,15,45094
2440,Employee_2440,user_2440@example.com,19,67210
2441,Employee_2441,user_2441@example.com,12,103656
2442,Employee_2442,user_2442@example.com,7,70732
2443,Employee_2443,user_2443@example.com,8,118467
2444,Employee_2444,user_2444@example.com,7,67212
2445,Employee_2445,user_2445@example.com,7,65368
2446,Employee_2446,user_2446@example.com,18,70291
2447,Employee_2447,user_2447@example.com,3,115384
2448,Employee_2448,user_2448@example.com,7,58894
2449,Employee_2449,user_2449@example.com,11,56881
2450,Employee_2450,user_2450@example.com,11,81751
2451,Employee_2451,user_2451@example.com,1,77914
2452,Employee_2452,user_2452@example.com,12,39741
2453,Employee_2453,user_2453@example.com,6,81516
2454,Employee_2454,user_2454@example.com,15,50918
2455,Employee_2455,user_2455@example.com,3,61168
2456,Employee_2456,user_2456@example.com,4,65623
2457,Employee_2457,user_2457@example.com,19,78453
2458,Employee_2458,user_2458@example.com,16,113764
2459,Employee_2459,user_2459@example.com,15,103325
2460,Employee_2460,user_2460@example.com,5,111668
2461,Employee_2461,user_2461@example.com,19,44234
2462,Employee_2462,user_2462@example.com,9,33352
2463,Employee_2463,user_2463@example.com,3,94682
2464,Employee_2464,user_2464@example.com,1,39071
2465,Employee_2465,user_2465@example.com,13,61444
2466,Employee_2466,user_2466@example.com,18,71161
2467,Employee_2467,user_2467@example.com,10,33692
2468,Employee_2468,user_2468@example.com,7,111340
2469,Employee_2469,user_2469@example.com,10,40055
2470,Employee_2470,user_2470@example.com,5,80450
2471,Employee_2471,user_2471@example.com,11,35264
2472,Employee_2472,user_2472@example.com,8,82114
2473,Employee_2473,user_2473@example.com,18,98449
2474,Employee_2474,user_2474@example.com,2,94560
2475,Employee_2475,user_2475@example.com,15,55133
2476,Employee_2476,user_2476@example.com,1,35417
2477,Employee_2477,user_2477@example.com,19,104601
2478,Employee_2478,user_2478@example.com,16,35453
2479,Employee_2479,user_2479@example.com,4,84065
2480,Employee_2480,user_2480@example.com,7,89281
2481,Employee_2481,user_2481@example.com,19,89782
2482,Employee_2482,user_2482@example.com,12,55439
2483,Employee_2483,user_2483@example.com,18,89826
2484,Employee_2484,user_2484@example.com,14,89449
2485,Employee_2485,user_2485@example.com,11,54998
2486,Employee_2486,user_2486@example.com,17,90335
2487,Employee_2487,user_2487@example.com,12,65749
2488,Employee_2488,user_2488@example.com,7,112104
2489,Employee_2489,user_2489@example.com,2,68159
2490,Employee_2490,user_2490@example.com,8,32762
2491,Employee_2491,user_2491@example.com,17,109413
2492,Employee_2492,user_2492@example.com,6,39666
2493,Employee_2493,user_2493@example.com,6,112804
2494,Employee_2494,user_2494@example.com,15,92799
2495,Employee_2495,user_2495@example.com,7,31269
2496,Employee_2496,user_2496@example.com,1,115777
2497,Employee_2497,user_2497@example.com,20,45430
2498,Employee_2498,user_2498@example.com,13,106747
2499,Employee_2499,user_2499@example.com,1,49753
2500,Employee_2500,user_2500@example.com,9,96329
2501,Employee_2501,user_2501@example.com,15,70393
2502,Employee_2502,user_2502@example.com,7,56189
2503,Employee_2503,user_2503@example.com,11,88656
2504,Employee_2504,user_2504@example.com,13,50809
2505,Employee_2505,user_2505@example.com,9,38055
2506,Employee_2506,user_2506@example.com,16,41125
2507,Employee_2507,user_2507@example.com,17,87677
2508,Employee_2508,user_2508@example.com,13,43952
2509,Employee_2509,user_2509@example.com,18,40052
2510,Employee_2510,user_2510@example.com,1,33331
2511,Employee_2511,user_2511@example.com,6,81159
2512,Employee_2512,user_2512@example.com,19,59891
2513,Employee_2513,user_2513@example.com,19,84990
2514,Employee_2514,user_2514@example.com,17,69243
2515,Employee_2515,user_2515@example.com,14,61388
2516,Employee_2516,user_2516@example.com,14,99417
2517,Employee_2517,user_2517@example.com,5,73453
2518,Employee_2518,user_2518@example.com,4,112492
2519,Employee_2519,user_2519@example.com,10,39097
2520,Employee_2520,user_2520@example.com,4,47475
2521,Employee_2521,user_2521@example.com,1,79989
2522,Employee_2522,user_2522@example.com,5,41144
2523,Employee_2523,user_2523@example.com,12,104122
2524,Employee_2524,user_2524@example.com,10,117208
2525,Employee_2525,user_2525@example.com,19,49302
2526,Employee_2526,user_2526@example.com,15,108741
2527,Employee_2527,user_2527@example.com,14,110396
2528,Employee_2528,user_2528@example.com,13,92706
2529,Employee_2529,user_2529@example.com,11,102689
2530,Employee_2530,user_2530@example.com,2,49566
2531,Employee_2531,user_2531@example.com,10,47771
2532,Employee_2532,user_2532@example.com,18,85714
2533,Employee_2533,user_2533@example.com,7,114510
2534,Employee_2534,user_2534@example.com,20,39557
2535,Employee_2535,user_2535@example.com,15,113626
2536,Employee_2536,user_2536@example.com,6,46526
2537,Employee_2537,user_2537@example.com,13,59322
2538,Employee_2538,user_2538@example.com,11,80742
2539,Employee_2539,user_2539@example.com,5,107817
2540,Employee_2540,user_2540@example.com,3,50830
2541,Employee_2541,user_2541@example.com,9,37262
2542,Employee_2542,user_2542@example.com,16,53641
2543,Employee_2543,user_2543@example.com,3,99172
2544,Employee_2544,user_2544@example.com,13,94562
2545,Employee_2545,user_2545@example.com,5,53934
2546,Employee_2546,user_2546@example.com,4,56771
2547,Employee_2547,user_2547@example.com,13,78336
2548,Employee_2548,user_2548@example.com,1,36195
2549,Employee_2549,user_2549@example.com,1,63138
2550,Employee_2550,user_2550@example.com,2,57137
2551,Employee_2551,user_2551@example.com,9,73900
2552,Employee_2552,user_2552@example.com,5,47102
2553,Employee_2553,user_2553@example.com,20,88161
2554,Employee_2554,user_2554@example.com,12,110554
2555,Employee_2555,user_2555@example.com,18,34419
2556,Employee_2556,user_2556@example.com,10,48629
2557,Employee_2557,user_2557@example.com,2,38418
2558,Employee_2558,user_2558@example.com,7,31774
2559,Employee_2559,user_2559@example.com,19,82561
2560,Employee_2560,user_2560@example.com,13,92245
2561,Employee_2561,user_2561@example.com,16,82236
2562,Employee_2562,user_2562@example.com,1,70701
2563,Employee_2563,user_2563@example.com,16,114128
2564,Employee_2564,user_2564@example.com,19,82596
2565,Employee_2565,user_2565@example.com,6,87026
2566,Employee_2566,user_2566@example.com,4,36525
2567,Employee_2567,user_2567@example.com,15,107954
2568,Employee_2568,user_2568@example.com,10,85692
2569,Employee_2569,user_2569@example.com,19,60808
2570,Employee_2570,user_2570@example.com,11,102983
2571,Employee_2571,user_2571@example.com,4,56818
2572,Employee_2572,user_2572@example.com,4,85931
2573,Employee_2573,user_2573@example.com,9,61126
2574,Employee_2574,user_2574@example.com,15,107682
2575,Employee_2575,user_2575@example.com,14,103598
2576,Employee_2576,user_2576@example.com,12,75889
2577,Employee_2577,user_2577@example.com,5,90621
2578,Employee_2578,user_2578@example.com,8,93746
2579,Employee_2579,user_2579@example.com,7,85982
2580,Employee_2580,user_2580@example.com,20,52925
2581,Employee_2581,user_2581@example.com,20,113742
2582,Employee_2582,user_2582@example.com,2,60376
2583,Employee_2583,user_2583@example.com,17,33582
2584,Employee_2584,user_2584@example.com,8,81185
2585,Employee_2585,user_2585@example.com,20,34919
2586,Employee_2586,user_2586@example.com,4,91893
2587,Employee_2587,user_2587@example.com,19,80843
2588,Employee_2588,user_2588@example.com,16,77658
2589,Employee_2589,user_2589@example.com,6,67369
2590,Employee_2590,user_2590@example.com,4,117008
2591,Employee_2591,user_2591@example.com,20,64520
2592,Employee_2592,user_2592@example.com,10,81164
2593,Employee_2593,user_2593@example.com,3,34467
2594,Employee_2594,user_2594@example.com,17,61883
2595,Employee_2595,user_2595@example.com,8,60261
2596,Employee_2596,user_2596@example.com,8,34197
2597,Employee_2597,user_2597@example.com,3,65493
2598,Employee_2598,user_2598@example.com,14,111481
2599,Employee_2599,user_2599@example.com,9,89243
2600,Employee_2600,user_2600@example.com,15,119178
2601,Employee_2601,user_2601@example.com,1,55897
2602,Employee_2602,user_2602@example.com,16,106682
2603,Employee_2603,user_2603@example.com,1,115745
2604,Employee_2604,user_2604@example.com,10,104753
2605,Employee_2605,user_2605@example.com,4,89159
2606,Employee_2606,user_2606@example.com,3,101663
2607,Employee_2607,user_2607@example.com,4,65802
2608,Employee_2608,user_2608@example.com,2,31947
2609,Employee_2609,user_2609@example.com,17,99559
2610,Employee_2610,user_2610@example.com,11,34231
2611,Employee_2611,user_2611@example.com,4,91162
2612,Employee_2612,user_2612@example.com,3,82596
2613,Employee_2613,user_2613@example.com,9,90892
2614,Employee_2614,user_2614@example.com,10,41127
2615,Employee_2615,user_2615@example.com,13,83576
2616,Employee_2616,user_2616@example.com,5,114049
2617,Employee_2617,user_2617@example.com,2,35005
2618,Employee_2618,user_2618@example.com,1,60228
2619,Employee_2619,user_2619@example.com,18,115480
2620,Employee_2620,user_2620@example.com,1,79829
2621,Employee_2621,user_2621@example.com,16,36195
2622,Employee_2622,user_2622@example.com,9,77400
2623,Employee_2623,user_2623@example.com,1,82073
2624,Employee_2624,user_2624@example.com,18,85684
2625,Employee_2625,user_2625@example.com,12,30549
2626,Employee_2626,user_2626@example.com,12,83467
2627,Employee_2627,user_2627@example.com,15,94248
2628,Employee_2628,user_2628@example.com,1,114929
2629,Employee_2629,user_2629@example.com,10,117458
2630,Employee_2630,user_2630@example.com,14,105908
2631,Employee_2631,user_2631@example.com,11,46006
2632,Employee_2632,user_2632@example.com,17,97070
2633,Employee_2633,user_2633@example.com,11,86895
2634,Employee_2634,user_2634@example.com,16,68165
2635,Employee_2635,user_2635@example.com,5,91447
2636,Employee_2636,user_2636@example.com,7,59300
2637,Employee_2637,user_2637@example.com,14,34941
2638,Employee_2638,user_2638@example.com,5,118620
2639,Employee_2639,user_2639@example.com,1,106867
2640,Employee_2640,user_2640@example.com,11,48243
2641,Employee_2641,user_2641@example.com,10,53804
2642,Employee_2642,user_2642@example.com,11,105420
2643,Employee_2643,user_2643@example.com,15,72571
2644,Employee_2644,user_2644@example.com,4,101311
2645,Employee_2645,user_2645@example.com,10,105668
2646,Employee_2646,user_2646@example.com,16,74790
2647,Employee_2647,user_2647@example.com,10,73143
2648,Employee_2648,user_2648@example.com,9,82050
2649,Employee_2649,user_2649@example.com,15,88532
2650,Employee_2650,user_2650@example.com,14,77852
2651,Employee_2651,user_2651@example.com,2,118419
2652,Employee_2652,user_2652@example.com,8,75275
2653,Employee_2653,user_2653@example.com,1,80679
2654,Employee_2654,user_2654@example.com,5,68205
2655,Employee_2655,user_2655@example.com,3,32298
2656,Employee_2656,user_2656@example.com,7,91760
2657,Employee_2657,user_2657@example.com,13,64908
2658,Employee_2658,user_2658@example.com,12,60622
2659,Employee_2659,user_2659@example.com,14,96043
2660,Employee_2660,user_2660@example.com,16,112708
2661,Employee_2661,user_2661@example.com,6,80590
2662,Employee_2662,user_2662@example.com,3,84108
2663,Employee_2663,user_2663@example.com,8,32200
2664,Employee_2664,user_2664@example.com,4,84579
2665,Employee_2665,user_2665@example.com,6,118721
2666,Employee_2666,user_2666@example.com,14,102530
2667,Employee_2667,user_2667@example.com,1,113424
2668,Employee_2668,user_2668@example.com,20,116174
2669,Employee_2669,user_2669@example.com,10,63777
2670,Employee_2670,user_2670@example.com,8,62859
2671,Employee_2671,user_2671@example.com,17,109356
2672,Employee_2672,user_2672@example.com,15,118597
2673,Employee_2673,user_2673@example.com,7,65571
2674,Employee_2674,user_2674@example.com,18,91149
2675,Employee_2675,user_2675@example.com,19,54696
2676,Employee_2676,user_2676@example.com,16,105408
2677,Employee_2677,user_2677@example.com,4,55962
2678,Employee_2678,user_2678@example.com,1,100207
2679,Employee_2679,user_2679@example.com,20,96998
2680,Employee_2680,user_2680@example.com,1,32477
2681,Employee_2681,user_2681@example.com,4,57276
2682,Employee_2682,user_2682@example.com,20,101359
2683,Employee_2683,user_2683@example.com,13,87830
2684,Employee_2684,user_2684@example.com,2,57682
2685,Employee_2685,user_2685@example.com,9,70120
2686,Employee_2686,user_2686@example.com,4,50927
2687,Employee_2687,user_2687@example.com,12,45932
2688,Employee_2688,user_2688@example.com,14,72779
2689,Employee_2689,user_2689@example.com,16,104669
2690,Employee_2690,user_2690@example.com,8,73883
2691,Employee_2691,user_2691@example.com,11,45109
2692,Employee_2692,user_2692@example.com,7,115208
2693,Employee_2693,user_2693@example.com,8,101051
2694,Employee_2694,user_2694@example.com,10,33720
2695,Employee_2695,user_2695@example.com,1,39622
2696,Employee_2696,user_2696@example.com,19,113792
2697,Employee_2697,user_2697@example.com,6,107445
2698,Employee_2698,user_2698@example.com,2,75507
2699,Employee_2699,user_2699@example.com,3,103402
2700,Employee_2700,user_2700@example.com,13,72365
2701,Employee_2701,user_2701@example.com,15,81121
2702,Employee_2702,user_2702@example.com,19,119463
2703,Employee_2703,user_2703@example.com,5,74252
2704,Employee_2704,user_2704@example.com,12,106534
2705,Employee_2705,user_2705@example.com,16,54780
2706,Employee_2706,user_2706@example.com,2,104782
2707,Employee_2707,user_2707@example.com,20,63795
2708,Employee_2708,user_2708@example.com,14,109786
2709,Employee_2709,user_2709@example.com,18,64488
2710,Employee_2710,user_2710@example.com,8,38819
2711,Employee_2711,user_2711@example.com,1,63302
2712,Employee_2712,user_2712@example.com,9,85010
2713,Employee_2713,user_2713@example.com,15,90650
2714,Employee_2714,user_2714@example.com,1,109753
2715,Employee_2715,user_2715@example.com,2,99792
2716,Employee_2716,user_2716@example.com,6,111376
2717,Employee_2717,user_2717@example.com,18,118105
2718,Employee_2718,user_2718@example.com,10,97366
2719,Employee_2719,user_2719@example.com,9,53934
2720,Employee_2720,user_2720@example.com,6,99771
2721,Employee_2721,user_2721@example.com,4,81935
2722,Employee_2722,user_2722@example.com,4,117436
2723,Employee_2723,user_2723@example.com,18,64103
2724,Employee_2724,user_2724@example.com,17,93113
2725,Employee_2725,user_2725@example.com,14,75808
2726,Employee_2726,user_2726@example.com,9,84035
2727,Employee_2727,user_2727@example.com,18,43071
2728,Employee_2728,user_2728@example.com,11,106589
2729,Employee_2729,user_2729@example.com,3,55343
2730,Employee_2730,user_2730@example.com,5,86194
2731,Employee_2731,user_2731@example.com,17,41038
2732,Employee_2732,user_2732@example.com,7,79777
2733,Employee_2733,user_2733@example.com,13,72818
2734,Employee_2734,user_2734@example.com,3,96314
2735,Employee_2735,user_2735@example.com,2,90219
2736,Employee_2736,user_2736@example.com,19,78358
2737,Employee_2737,user_2737@example.com,19,60194
2738,Employee_2738,user_2738@example.com,1,43451
2739,Employee_2739,user_2739@example.com,2,102276
2740,Employee_2740,user_2740@example.com,3,71983
2741,Employee_2741,user_2741@example.com,5,117347
2742,Employee_2742,user_2742@example.com,19,36474
2743,Employee_2743,user_2743@example.com,17,91486
2744,Employee_2744,user_2744@example.com,19,106260
2745,Employee_2745,user_2745@example.com,10,43094
2746,Employee_2746,user_2746@example.com,2,36937
2747,Employee_2747,user_2747@example.com,5,101844
2748,Employee_2748,user_2748@example.com,5,117357
2749,Employee_2749,user_2749@example.com,3,49748
2750,Employee_2750,user_2750@example.com,14,100643
2751,Employee_2751,user_2751@example.com,2,48820
2752,Employee_2752,user_2752@example.com,18,30690
2753,Employee_2753,user_2753@example.com,12,109631
2754,Employee_2754,user_2754@example.com,8,78405
2755,Employee_2755,user_2755@example.com,18,46322
2756,Employee_2756,user_2756@example.com,15,81979
2757,Employee_2757,user_2757@example.com,10,81658
2758,Employee_2758,user_2758@example.com,5,77042
2759,Employee_2759,user_2759@example.com,9,69686
2760,Employee_2760,user_2760@example.com,20,90597
2761,Employee_2761,user_2761@example.com,7,65951
2762,Employee_2762,user_2762@example.com,7,103281
2763,Employee_2763,user_2763@example.com,17,35296
2764,Employee_2764,user_2764@example.com,1,109468
2765,Employee_2765,user_2765@example.com,18,52125
2766,Employee_2766,user_2766@example.com,11,72043
2767,Employee_2767,user_2767@example.com,9,35169
2768,Employee_2768,user_2768@example.com,15,117351
2769,Employee_2769,user_2769@example.com,13,110852
2770,Employee_2770,user_2770@example.com,19,115035
2771,Employee_2771,user_2771@example.com,2,30953
2772,Employee_2772,user_2772@example.com,20,111283
2773,Employee_2773,user_2773@example.com,9,70345
2774,Employee_2774,user_2774@example.com,14,55120
2775,Employee_2775,user_2775@example.com,9,59284
2776,Employee_2776,user_2776@example.com,13,41534
2777,Employee_2777,user_2777@example.com,2,74603
2778,Employee_2778,user_2778@example.com,19,93309
2779,Employee_2779,user_2779@example.com,13,72801
2780,Employee_2780,user_2780@example.com,15,83996
2781,Employee_2781,user_2781@example.com,6,107738
2782,Employee_2782,user_2782@example.com,17,68135
2783,Employee_2783,user_2783@example.com,5,63908
2784,Employee_2784,user_2784@example.com,20,59821
2785,Employee_2785,user_2785@example.com,13,42107
2786,Employee_2786,user_2786@example.com,15,97587
2787,Employee_2787,user_2787@example.com,9,98772
2788,Employee_2788,user_2788@example.com,11,40230
2789,Employee_2789,user_2789@example.com,20,116064
2790,Employee_2790,user_2790@example.com,20,72963
2791,Employee_2791,user_2791@example.com,15,103467
2792,Employee_2792,user_2792@example.com,15,47509
2793,Employee_2793,user_2793@example.com,11,79838
2794,Employee_2794,user_2794@example.com,14,62749
2795,Employee_2795,user_2795@example.com,13,104452
2796,Employee_2796,user_2796@example.com,1,32889
2797,Employee_2797,user_2797@example.com,13,59344
2798,Employee_2798,user_2798@example.com,5,109667
2799,Employee_2799,user_2799@example.com,18,50369
2800,Employee_2800,user_2800@example.com,2,75770
2801,Employee_2801,user_2801@example.com,16,88683
2802,Employee_2802,user_2802@example.com,6,88575
2803,Employee_2803,user_2803@example.com,16,116816
2804,Employee_2804,user_2804@example.com,4,47907
2805,Employee_2805,user_2805@example.com,4,59741
2806,Employee_2806,user_2806@example.com,2,59611
2807,Employee_2807,user_2807@example.com,12,105802
2808,Employee_2808,user_2808@example.com,18,52999
2809,Employee_2809,user_2809@example.com,11,71337
2810,Employee_2810,user_2810@example.com,17,103402
2811,Employee_2811,user_2811@example.com,16,82538
2812,Employee_2812,user_2812@example.com,5,118848
2813,Employee_2813,user_2813@example.com,8,55552
2814,Employee_2814,user_2814@example.com,12,76472
2815,Employee_2815,user_2815@example.com,15,100948
2816,Employee_2816,user_2816@example.com,7,100406
2817,Employee_2817,user_2817@example.com,6,119475
2818,Employee_2818,user_2818@example.com,20,37290
2819,Employee_2819,user_2819@example.com,16,99157
2820,Employee_2820,user_2820@example.com,4,108550
2821,Employee_2821,user_2821@example.com,18,74652
2822,Employee_2822,user_2822@example.com,7,106541
2823,Employee_2823,user_2823@example.com,8,118761
2824,Employee_2824,user_2824@example.com,20,82474
2825,Employee_2825,user_2825@example.com,14,107660
2826,Employee_2826,user_2826@example.com,19,111611
2827,Employee_2827,user_2827@example.com,3,71861
2828,Employee_2828,user_2828@example.com,16,103702
2829,Employee_2829,user_2829@example.com,2,118870
2830,Employee_2830,user_2830@example.com,6,103320
2831,Employee_2831,user_2831@example.com,1,38199
2832,Employee_2832,user_2832@example.com,9,106330
2833,Employee_2833,user_2833@example.com,5,103699
2834,Employee_2834,user_2834@example.com,11,84038
2835,Employee_2835,user_2835@example.com,9,97075
2836,Employee_2836,user_2836@example.com,4,76856
2837,Employee_2837,user_2837@example.com,5,52582
2838,Employee_2838,user_2838@example.com,17,59396
2839,Employee_2839,user_2839@example.com,15,110935
2840,Employee_2840,user_2840@example.com,20,96490
2841,Employee_2841,user_2841@example.com,1,119860
2842,Employee_2842,user_2842@example.com,12,60084
2843,Employee_2843,user_2843@example.com,13,110594
2844,Employee_2844,user_2844@example.com,8,84480
2845,Employee_2845,user_2845@example.com,20,63230
2846,Employee_2846,user_2846@example.com,9,64710
2847,Employee_2847,user_2847@example.com,16,45079
2848,Employee_2848,user_2848@example.com,10,62075
2849,Employee_2849,user_2849@example.com,17,53733
2850,Employee_2850,user_2850@example.com,19,63335
2851,Employee_2851,user_2851@example.com,3,111622
2852,Employee_2852,user_2852@example.com,8,113919
2853,Employee_2853,user_2853@example.com,19,65411
2854,Employee_2854,user_2854@example.com,20,81354
2855,Employee_2855,user_2855@example.com,1,66197
2856,Employee_2856,user_2856@example.com,18,63756
2857,Employee_2857,user_2857@example.com,1,55644
2858,Employee_2858,user_2858@example.com,11,72250
2859,Employee_2859,user_2859@example.com,4,115970
2860,Employee_2860,user_2860@example.com,6,91519
2861,Employee_2861,user_2861@example.com,9,113485
2862,Employee_2862,user_2862@example.com,2,56428
2863,Employee_2863,user_2863@example.com,20,113662
2864,Employee_2864,user_2864@example.com,4,100215
2865,Employee_2865,user_2865@example.com,7,63025
2866,Employee_2866,user_2866@example.com,17,66979
2867,Employee_2867,user_2867@example.com,6,59337
2868,Employee_2868,user_2868@example.com,20,70815
2869,Employee_2869,user_2869@example.com,20,81516
2870,Employee_2870,user_2870@example.com,2,53653
2871,Employee_2871,user_2871@example.com,9,77196
2872,Employee_2872,user_2872@example.com,18,100079
2873,Employee_2873,user_2873@example.com,12,34216
2874,Employee_2874,user_2874@example.com,18,77005
2875,Employee_2875,user_2875@example.com,11,50938
2876,Employee_2876,user_2876@example.com,20,51269
2877,Employee_2877,user_2877@example.com,8,81302
2878,Employee_2878,user_2878@example.com,9,119014
2879,Employee_2879,user_2879@example.com,19,80602
2880,Employee_2880,user_2880@example.com,16,74533
2881,Employee_2881,user_2881@example.com,9,66901
2882,Employee_2882,user_2882@example.com,7,113783
2883,Employee_2883,user_2883@example.com,3,110948
2884,Employee_2884,user_2884@example.com,9,50432
2885,Employee_2885,user_2885@example.com,15,113782
2886,Employee_2886,user_2886@example.com,1,44002
2887,Employee_2887,user_2887@example.com,9,58472
2888,Employee_2888,user_2888@example.com,13,70087
2889,Employee_2889,user_2889@example.com,9,38958
2890,Employee_2890,user_2890@example.com,7,44935
2891,Employee_2891,user_2891@example.com,16,100618
2892,Employee_2892,user_2892@example.com,12,60228
2893,Employee_2893,user_2893@example.com,12,51235
2894,Employee_2894,user_2894@example.com,8,45092
2895,Employee_2895,user_2895@example.com,9,63234
2896,Employee_2896,user_2896@example.com,8,101277
2897,Employee_2897,user_2897@example.com,17,81801
2898,Employee_2898,user_2898@example.com,15,103006
2899,Employee_2899,user_2899@example.com,10,90425
2900,Employee_2900,user_2900@example.com,4,60775
2901,Employee_2901,user_2901@example.com,17,34023
2902,Employee_2902,user_2902@example.com,14,96921
2903,Employee_2903,user_2903@example.com,7,38706
2904,Employee_2904,user_2904@example.com,3,70758
2905,Employee_2905,user_2905@example.com,7,104687
2906,Employee_2906,user_2906@example.com,16,43654
2907,Employee_2907,user_2907@example.com,10,71399
2908,Employee_2908,user_2908@example.com,1,99692
2909,Employee_2909,user_2909@example.com,13,49369
2910,Employee_2910,user_2910@example.com,10,116789
2911,Employee_2911,user_2911@example.com,13,92823
2912,Employee_2912,user_2912@example.com,1,30194
2913,Employee_2913,user_2913@example.com,4,70086
2914,Employee_2914,user_2914@example.com,6,35525
2915,Employee_2915,user_2915@example.com,8,38892
2916,Employee_2916,user_2916@example.com,8,111376
2917,Employee_2917,user_2917@example.com,1,102764
2918,Employee_2918,user_2918@example.com,2,64887
2919,Employee_2919,user_2919@example.com,15,78100
2920,Employee_2920,user_2920@example.com,8,118611
2921,Employee_2921,user_2921@example.com,4,46849
2922,Employee_2922,user_2922@example.com,9,64153
2923,Employee_2923,user_2923@example.com,18,94635
2924,Employee_2924,user_2924@example.com,5,55410
2925,Employee_2925,user_2925@example.com,16,64863
2926,Employee_2926,user_2926@example.com,14,37055
2927,Employee_2927,user_2927@example.com,6,75537
2928,Employee_2928,user_2928@example.com,9,49740
2929,Employee_2929,user_2929@example.com,7,44679
2930,Employee_2930,user_2930@example.com,14,104915
2931,Employee_2931,user_2931@example.com,9,86731
2932,Employee_2932,user_2932@example.com,20,55064
2933,Employee_2933,user_2933@example.com,5,68350
2934,Employee_2934,user_2934@example.com,17,44175
2935,Employee_2935,user_2935@example.com,13,50661
2936,Employee_2936,user_2936@example.com,14,103234
2937,Employee_2937,user_2937@example.com,14,36917
2938,Employee_2938,user_2938@example.com,10,44210
2939,Employee_2939,user_2939@example.com,14,67819
2940,Employee_2940,user_2940@example.com,12,53484
2941,Employee_2941,user_2941@example.com,11,100962
2942,Employee_2942,user_2942@example.com,2,67595
2943,Employee_2943,user_2943@example.com,18,86025
2944,Employee_2944,user_2944@example.com,1,106397
2945,Employee_2945,user_2945@example.com,19,38879
2946,Employee_2946,user_2946@example.com,16,57328
2947,Employee_2947,user_2947@example.com,5,96419
2948,Employee_2948,user_2948@example.com,19,66494
2949,Employee_2949,user_2949@example.com,2,96758
2950,Employee_2950,user_2950@example.com,6,58334
2951,Employee_2951,user_2951@example.com,7,60342
2952,Employee_2952,user_2952@example.com,7,97250
2953,Employee_2953,user_2953@example.com,11,116239
2954,Employee_2954,user_2954@example.com,3,62062
2955,Employee_2955,user_2955@example.com,17,100995
2956,Employee_2956,user_2956@example.com,19,47616
2957,Employee_2957,user_2957@example.com,2,32232
2958,Employee_2958,user_2958@example.com,17,42409
2959,Employee_2959,user_2959@example.com,3,97939
2960,Employee_2960,user_2960@example.com,20,34104
2961,Employee_2961,user_2961@example.com,2,102102
2962,Employee_2962,user_2962@example.com,3,40599
2963,Employee_2963,user_2963@example.com,2,42710
2964,Employee_2964,user_2964@example.com,14,42353
2965,Employee_2965,user_2965@example.com,6,64181
2966,Employee_2966,user_2966@example.com,17,91818
2967,Employee_2967,user_2967@example.com,5,41145
2968,Employee_2968,user_2968@example.com,4,31751
2969,Employee_2969,user_2969@example.com,20,59164
2970,Employee_2970,user_2970@example.com,4,68775
2971,Employee_2971,user_2971@example.com,3,34259
2972,Employee_2972,user_2972@example.com,18,80809
2973,Employee_2973,user_2973@example.com,12,61118
2974,Employee_2974,user_2974@example.com,4,47833
2975,Employee_2975,user_2975@example.com,5,112247
2976,Employee_2976,user_2976@example.com,11,105680
2977,Employee_2977,user_2977@example.com,13,73652
2978,Employee_2978,user_2978@example.com,3,78690
2979,Employee_2979,user_2979@example.com,14,105523
2980,Employee_2980,user_2980@example.com,19,97530
2981,Employee_2981,user_2981@example.com,9,53628
2982,Employee_2982,user_2982@example.com,10,100914
2983,Employee_2983,user_2983@example.com,18,87938
2984,Employee_2984,user_2984@example.com,1,111237
2985,Employee_2985,user_2985@example.com,18,87569
2986,Employee_2986,user_2986@example.com,13,88602
2987,Employee_2987,user_2987@example.com,4,74811
2988,Employee_2988,user_2988@example.com,11,112326
2989,Employee_2989,user_2989@example.com,6,33470
2990,Employee_2990,user_2990@example.com,5,114628
2991,Employee_2991,user_2991@example.com,12,90667
2992,Employee_2992,user_2992@example.com,16,100198
2993,Employee_2993,user_2993@example.com,6,113598
2994,Employee_2994,user_2994@example.com,13,67465
2995,Employee_2995,user_2995@example.com,18,69920
2996,Employee_2996,user_2996@example.com,3,30230
2997,Employee_2997,user_2997@example.com,18,70605
2998,Employee_2998,user_2998@example.com,14,68998
2999,Employee_2999,user_2999@example.com,20,56133
3000,Employee_3000,user_3000@example.com,12,35528
3001,Employee_3001,user_3001@example.com,1,70475
3002,Employee_3002,user_3002@example.com,5,104736
3003,Employee_3003,user_3003@example.com,9,72312
3004,Employee_3004,user_3004@example.com,12,85034
3005,Employee_3005,user_3005@example.com,4,35039
3006,Employee_3006,user_3006@example.com,14,75805
3007,Employee_3007,user_3007@example.com,11,77440
3008,Employee_3008,user_3008@example.com,11,104879
3009,Employee_3009,user_3009@example.com,5,66948
3010,Employee_3010,user_3010@example.com,3,109750
3011,Employee_3011,user_3011@example.com,11,105463
3012,Employee_3012,user_3012@example.com,9,50032
3013,Employee_3013,user_3013@example.com,6,40877
3014,Employee_3014,user_3014@example.com,8,41833
3015,Employee_3015,user_3015@example.com,3,61394
3016,Employee_3016,user_3016@example.com,2,102589
3017,Employee_3017,user_3017@example.com,10,86633
3018,Employee_3018,user_3018@example.com,19,117584
3019,Employee_3019,user_3019@example.com,15,111152
3020,Employee_3020,user_3020@example.com,10,65220
3021,Employee_3021,user_3021@example.com,5,104990
3022,Employee_3022,user_3022@example.com,6,51999
3023,Employee_3023,user_3023@example.com,3,84523
3024,Employee_3024,user_3024@example.com,15,35323
3025,Employee_3025,user_3025@example.com,12,107425
3026,Employee_3026,user_3026@example.com,19,105454
3027,Employee_3027,user_3027@example.com,4,115127
3028,Employee_3028,user_3028@example.com,2,118964
3029,Employee_3029,user_3029@example.com,11,103804
3030,Employee_3030,user_3030@example.com,17,47759
3031,Employee_3031,user_3031@example.com,12,47532
3032,Employee_3032,user_3032@example.com,9,70223
3033,Employee_3033,user_3033@example.com,9,63728
3034,Employee_3034,user_3034@example.com,13,55582
3035,Employee_3035,user_3035@example.com,6,49465
3036,Employee_3036,user_3036@example.com,11,62151
3037,Employee_3037,user_3037@example.com,15,69394
3038,Employee_3038,user_3038@example.com,20,30174
3039,Employee_3039,user_3039@example.com,3,32803
3040,Employee_3040,user_3040@example.com,7,53931
3041,Employee_3041,user_3041@example.com,8,38317
3042,Employee_3042,user_3042@example.com,14,116954
3043,Employee_3043,user_3043@example.com,17,90262
3044,Employee_3044,user_3044@example.com,10,102779
3045,Employee_3045,user_3045@example.com,10,65715
3046,Employee_3046,user_3046@example.com,20,64460
3047,Employee_3047,user_3047@example.com,2,100827
3048,Employee_3048,user_3048@example.com,11,38938
3049,Employee_3049,user_3049@example.com,17,72415
3050,Employee_3050,user_3050@example.com,5,43640
3051,Employee_3051,user_3051@example.com,14,107980
3052,Employee_3052,user_3052@example.com,3,51641
3053,Employee_3053,user_3053@example.com,18,60032
3054,Employee_3054,user_3054@example.com,11,95330
3055,Employee_3055,user_3055@example.com,5,118138
3056,Employee_3056,user_3056@example.com,1,54780
3057,Employee_3057,user_3057@example.com,4,113624
3058,Employee_3058,user_3058@example.com,8,75352
3059,Employee_3059,user_3059@example.com,3,105786
3060,Employee_3060,user_3060@example.com,1,75105
3061,Employee_3061,user_3061@example.com,15,84631
3062,Employee_3062,user_3062@example.com,14,84082
3063,Employee_3063,user_3063@example.com,20,32502
3064,Employee_3064,user_3064@example.com,1,87808
3065,Employee_3065,user_3065@example.com,6,90651
3066,Employee_3066,user_3066@example.com,12,56936
3067,Employee_3067,user_3067@example.com,2,85576
3068,Employee_3068,user_3068@example.com,11,117868
3069,Employee_3069,user_3069@example.com,11,64285
3070,Employee_3070,user_3070@example.com,11,97690
3071,Employee_3071,user_3071@example.com,10,43003
3072,Employee_3072,user_3072@example.com,8,57321
3073,Employee_3073,user_3073@example.com,18,94442
3074,Employee_3074,user_3074@example.com,3,68181
3075,Employee_3075,user_3075@example.com,13,65113
3076,Employee_3076,user_3076@example.com,17,84854
3077,Employee_3077,user_3077@example.com,16,51052
3078,Employee_3078,user_3078@example.com,11,89012
3079,Employee_3079,user_3079@example.com,8,64139
3080,Employee_3080,user_3080@example.com,12,33762
3081,Employee_3081,user_3081@example.com,15,33723
3082,Employee_3082,user_3082@example.com,16,34691
3083,Employee_3083,user_3083@example.com,13,54767
3084,Employee_3084,user_3084@example.com,1,119991
3085,Employee_3085,user_3085@example.com,6,70970
3086,Employee_3086,user_3086@example.com,19,118263
3087,Employee_3087,user_3087@example.com,3,67294
3088,Employee_3088,user_3088@example.com,10,82153
3089,Employee_3089,user_3089@example.com,6,57792
3090,Employee_3090,user_3090@example.com,5,85959
3091,Employee_3091,user_3091@example.com,8,69978
3092,Employee_3092,user_3092@example.com,7,85065
3093,Employee_3093,user_3093@example.com,3,113490
3094,Employee_3094,user_3094@example.com,5,61282
3095,Employee_3095,user_3095@example.com,12,51436
3096,Employee_3096,user_3096@example.com,15,112147
3097,Employee_3097,user_3097@example.com,18,31625
3098,Employee_3098,user_3098@example.com,20,94662
3099,Employee_3099,user_3099@example.com,17,93645
3100,Employee_3100,user_3100@example.com,19,36316
3101,Employee_3101,user_3101@example.com,5,100669
3102,Employee_3102,user_3102@example.com,20,105735
3103,Employee_3103,user_3103@example.com,4,74524
3104,Employee_3104,user_3104@example.com,10,105076
3105,Employee_3105,user_3105@example.com,17,75467
3106,Employee_3106,user_3106@example.com,17,80900
3107,Employee_3107,user_3107@example.com,5,57614
3108,Employee_3108,user_3108@example.com,6,71152
3109,Employee_3109,user_3109@example.com,10,84960
3110,Employee_3110,user_3110@example.com,5,43659
3111,Employee_3111,user_3111@example.com,13,78266
3112,Employee_3112,user_3112@example.com,12,113784
3113,Employee_3113,user_3113@example.com,11,32579
3114,Employee_3114,user_3114@example.com,10,66464
3115,Employee_3115,user_3115@example.com,9,113926
3116,Employee_3116,user_3116@example.com,2,63897
3117,Employee_3117,user_3117@example.com,8,119296
3118,Employee_3118,user_3118@example.com,17,65620
3119,Employee_3119,user_3119@example.com,5,49713
3120,Employee_3120,user_3120@example.com,2,104475
3121,Employee_3121,user_3121@example.com,10,47010
3122,Employee_3122,user_3122@example.com,18,50162
3123,Employee_3123,user_3123@example.com,5,88882
3124,Employee_3124,user_3124@example.com,15,69519
3125,Employee_3125,user_3125@example.com,7,52947
3126,Employee_3126,user_3126@example.com,16,70489
3127,Employee_3127,user_3127@example.com,19,49021
3128,Employee_3128,user_3128@example.com,1,101074
3129,Employee_3129,user_3129@example.com,1,103501
3130,Employee_3130,user_3130@example.com,11,51735
3131,Employee_3131,user_3131@example.com,20,36589
3132,Employee_3132,user_3132@example.com,20,44864
3133,Employee_3133,user_3133@example.com,20,80075
3134,Employee_3134,user_3134@example.com,16,36520
3135,Employee_3135,user_3135@example.com,20,34872
3136,Employee_3136,user_3136@example.com,18,119586
3137,Employee_3137,user_3137@example.com,9,91705
3138,Employee_3138,user_3138@example.com,7,104464
3139,Employee_3139,user_3139@example.com,15,102502
3140,Employee_3140,user_3140@example.com,19,83000
3141,Employee_3141,user_3141@example.com,9,117184
3142,Employee_3142,user_3142@example.com,7,47291
3143,Employee_3143,user_3143@example.com,10,63618
3144,Employee_3144,user_3144@example.com,20,72395
3145,Employee_3145,user_3145@example.com,5,104340
3146,Employee_3146,user_3146@example.com,18,114702
3147,Employee_3147,user_3147@example.com,16,80013
3148,Employee_3148,user_3148@example.com,5,85159
3149,Employee_3149,user_3149@example.com,18,66845
3150,Employee_3150,user_3150@example.com,11,31555
3151,Employee_3151,user_3151@example.com,8,49806
3152,Employee_3152,user_3152@example.com,19,53036
3153,Employee_3153,user_3153@example.com,15,89437
3154,Employee_3154,user_3154@example.com,12,32589
3155,Employee_3155,user_3155@example.com,5,61982
3156,Employee_3156,user_3156@example.com,19,81204
3157,Employee_3157,user_3157@example.com,15,47431
3158,Employee_3158,user_3158@example.com,3,94901
3159,Employee_3159,user_3159@example.com,10,104238
3160,Employee_3160,user_3160@example.com,8,106164
3161,Employee_3161,user_3161@example.com,18,79298
3162,Employee_3162,user_3162@example.com,13,33293
3163,Employee_3163,user_3163@example.com,2,83633
3164,Employee_3164,user_3164@example.com,13,32922
3165,Employee_3165,user_3165@example.com,20,112821
3166,Employee_3166,user_3166@example.com,13,37805
3167,Employee_3167,user_3167@example.com,10,82055
3168,Employee_3168,user_3168@example.com,12,69829
3169,Employee_3169,user_3169@example.com,17,93364
3170,Employee_3170,user_3170@example.com,11,79308
3171,Employee_3171,user_3171@example.com,1,56774
3172,Employee_3172,user_3172@example.com,14,56319
3173,Employee_3173,user_3173@example.com,4,31681
3174,Employee_3174,user_3174@example.com,15,107222
3175,Employee_3175,user_3175@example.com,3,65899
3176,Employee_3176,user_3176@example.com,9,51833
3177,Employee_3177,user_3177@example.com,2,48932
3178,Employee_3178,user_3178@example.com,5,41721
3179,Employee_3179,user_3179@example.com,2,70609
3180,Employee_3180,user_3180@example.com,8,57650
3181,Employee_3181,user_3181@example.com,8,46405
3182,Employee_3182,user_3182@example.com,20,104584
3183,Employee_3183,user_3183@example.com,3,77254
3184,Employee_3184,user_3184@example.com,20,35726
3185,Employee_3185,user_3185@example.com,15,78832
3186,Employee_3186,user_3186@example.com,17,71607
3187,Employee_3187,user_3187@example.com,17,34861
3188,Employee_3188,user_3188@example.com,15,55771
3189,Employee_3189,user_3189@example.com,9,90872
3190,Employee_3190,user_3190@example.com,6,42239
3191,Employee_3191,user_3191@example.com,14,106842
3192,Employee_3192,user_3192@example.com,11,55168
3193,Employee_3193,user_3193@example.com,7,38071
3194,Employee_3194,user_3194@example.com,11,59777
3195,Employee_3195,user_3195@example.com,20,85783
3196,Employee_3196,user_3196@example.com,18,100024
3197,Employee_3197,user_3197@example.com,15,34287
3198,Employee_3198,user_3198@example.com,5,116635
3199,Employee_3199,user_3199@example.com,14,79753
3200,Employee_3200,user_3200@example.com,18,74520
3201,Employee_3201,user_3201@example.com,17,77040
3202,Employee_3202,user_3202@example.com,1,84401
3203,Employee_3203,user_3203@example.com,5,55426
3204,Employee_3204,user_3204@example.com,3,31174
3205,Employee_3205,user_3205@example.com,3,64977
3206,Employee_3206,user_3206@example.com,3,43720
3207,Employee_3207,user_3207@example.com,2,36253
3208,Employee_3208,user_3208@example.com,5,42946
3209,Employee_3209,user_3209@example.com,17,82973
3210,Employee_3210,user_3210@example.com,11,92845
3211,Employee_3211,user_3211@example.com,18,43782
3212,Employee_3212,user_3212@example.com,6,68204
3213,Employee_3213,user_3213@example.com,14,104601
3214,Employee_3214,user_3214@example.com,14,50611
3215,Employee_3215,user_3215@example.com,2,90077
3216,Employee_3216,user_3216@example.com,1,105119
3217,Employee_3217,user_3217@example.com,19,71194
3218,Employee_3218,user_3218@example.com,18,71037
3219,Employee_3219,user_3219@example.com,6,92989
3220,Employee_3220,user_3220@example.com,4,69059
3221,Employee_3221,user_3221@example.com,6,112913
3222,Employee_3222,user_3222@example.com,15,115804
3223,Employee_3223,user_3223@example.com,19,107830
3224,Employee_3224,user_3224@example.com,11,92021
3225,Employee_3225,user_3225@example.com,3,52112
3226,Employee_3226,user_3226@example.com,11,42609
3227,Employee_3227,user_3227@example.com,2,46599
3228,Employee_3228,user_3228@example.com,15,102124
3229,Employee_3229,user_3229@example.com,17,65367
3230,Employee_3230,user_3230@example.com,8,76309
3231,Employee_3231,user_3231@example.com,5,92269
3232,Employee_3232,user_3232@example.com,19,78318
3233,Employee_3233,user_3233@example.com,5,102706
3234,Employee_3234,user_3234@example.com,3,42773
3235,Employee_3235,user_3235@example.com,17,44059
3236,Employee_3236,user_3236@example.com,3,68847
3237,Employee_3237,user_3237@example.com,19,101580
3238,Employee_3238,user_3238@example.com,11,32224
3239,Employee_3239,user_3239@example.com,18,59803
3240,Employee_3240,user_3240@example.com,1,64384
3241,Employee_3241,user_3241@example.com,12,85375
3242,Employee_3242,user_3242@example.com,17,103258
3243,Employee_3243,user_3243@example.com,8,98866
3244,Employee_3244,user_3244@example.com,4,55437
3245,Employee_3245,user_3245@example.com,11,59818
3246,Employee_3246,user_3246@example.com,6,33191
3247,Employee_3247,user_3247@example.com,12,101149
3248,Employee_3248,user_3248@example.com,19,81091
3249,Employee_3249,user_3249@example.com,15,114533
3250,Employee_3250,user_3250@example.com,17,80236
3251,Employee_3251,user_3251@example.com,17,87986
3252,Employee_3252,user_3252@example.com,20,108665
3253,Employee_3253,user_3253@example.com,20,95685
3254,Employee_3254,user_3254@example.com,7,93014
3255,Employee_3255,user_3255@example.com,3,74634
3256,Employee_3256,user_3256@example.com,20,56908
3257,Employee_3257,user_3257@example.com,11,90861
3258,Employee_3258,user_3258@example.com,12,80639
3259,Employee_3259,user_3259@example.com,13,118763
3260,Employee_3260,user_3260@example.com,4,34888
3261,Employee_3261,user_3261@example.com,14,67467
3262,Employee_3262,user_3262@example.com,7,80766
3263,Employee_3263,user_3263@example.com,14,83180
3264,Employee_3264,user_3264@example.com,15,67882
3265,Employee_3265,user_3265@example.com,1,60946
3266,Employee_3266,user_3266@example.com,10,72593
3267,Employee_3267,user_3267@example.com,6,97816
3268,Employee_3268,user_3268@example.com,4,91911
3269,Employee_3269,user_3269@example.com,3,111965
3270,Employee_3270,user_3270@example.com,10,84931
3271,Employee_3271,user_3271@example.com,8,109495
3272,Employee_3272,user_3272@example.com,14,119601
3273,Employee_3273,user_3273@example.com,18,115735
3274,Employee_3274,user_3274@example.com,4,81224
3275,Employee_3275,user_3275@example.com,16,67274
3276,Employee_3276,user_3276@example.com,7,98241
3277,Employee_3277,user_3277@example.com,6,86838
3278,Employee_3278,user_3278@example.com,8,59440
3279,Employee_3279,user_3279@example.com,4,111323
3280,Employee_3280,user_3280@example.com,11,33602
3281,Employee_3281,user_3281@example.com,8,49797
3282,Employee_3282,user_3282@example.com,14,119922
3283,Employee_3283,user_3283@example.com,18,93268
3284,Employee_3284,user_3284@example.com,17,32263
3285,Employee_3285,user_3285@example.com,5,118124
3286,Employee_3286,user_3286@example.com,4,118653
3287,Employee_3287,user_3287@example.com,4,100641
3288,Employee_3288,user_3288@example.com,6,51360
3289,Employee_3289,user_3289@example.com,6,76214
3290,Employee_3290,user_3290@example.com,11,116899
3291,Employee_3291,user_3291@example.com,10,96475
3292,Employee_3292,user_3292@example.com,6,75934
3293,Employee_3293,user_3293@example.com,19,79468
3294,Employee_3294,user_3294@example.com,20,99050
3295,Employee_3295,user_3295@example.com,7,38098
3296,Employee_3296,user_3296@example.com,11,117958
3297,Employee_3297,user_3297@example.com,16,49217
3298,Employee_3298,user_3298@example.com,12,117252
3299,Employee_3299,user_3299@example.com,18,64481
3300,Employee_3300,user_3300@example.com,16,119287
3301,Employee_3301,user_3301@example.com,15,45965
3302,Employee_3302,user_3302@example.com,4,95185
3303,Employee_3303,user_3303@example.com,7,109514
3304,Employee_3304,user_3304@example.com,14,119830
3305,Employee_3305,user_3305@example.com,7,59093
3306,Employee_3306,user_3306@example.com,8,117530
3307,Employee_3307,user_3307@example.com,16,66785
3308,Employee_3308,user_3308@example.com,11,82276
3309,Employee_3309,user_3309@example.com,3,113716
3310,Employee_3310,user_3310@example.com,14,114390
3311,Employee_3311,user_3311@example.com,19,37127
3312,Employee_3312,user_3312@example.com,16,33449
3313,Employee_3313,user_3313@example.com,7,47146
3314,Employee_3314,user_3314@example.com,1,67208
3315,Employee_3315,user_3315@example.com,8,31535
3316,Employee_3316,user_3316@example.com,10,63303
3317,Employee_3317,user_3317@example.com,18,57811
3318,Employee_3318,user_3318@example.com,3,64293
3319,Employee_3319,user_3319@example.com,10,85927
3320,Employee_3320,user_3320@example.com,1,38374
3321,Employee_3321,user_3321@example.com,4,118545
3322,Employee_3322,user_3322@example.com,9,84564
3323,Employee_3323,user_3323@example.com,11,60105
3324,Employee_3324,user_3324@example.com,2,80417
3325,Employee_3325,user_3325@example.com,3,54005
3326,Employee_3326,user_3326@example.com,5,32957
3327,Employee_3327,user_3327@example.com,13,112462
3328,Employee_3328,user_3328@example.com,15,71971
3329,Employee_3329,user_3329@example.com,18,102631
3330,Employee_3330,user_3330@example.com,8,35780
3331,Employee_3331,user_3331@example.com,5,97107
3332,Employee_3332,user_3332@example.com,18,96882
3333,Employee_3333,user_3333@example.com,19,40315
3334,Employee_3334,user_3334@example.com,13,46694
3335,Employee_3335,user_3335@example.com,20,63011
3336,Employee_3336,user_3336@example.com,19,42915
3337,Employee_3337,user_3337@example.com,19,90378
3338,Employee_3338,user_3338@example.com,20,86858
3339,Employee_3339,user_3339@example.com,15,37668
3340,Employee_3340,user_3340@example.com,20,56923
3341,Employee_3341,user_3341@example.com,4,73364
3342,Employee_3342,user_3342@example.com,19,89594
3343,Employee_3343,user_3343@example.com,9,66145
3344,Employee_3344,user_3344@example.com,15,31503
3345,Employee_3345,user_3345@example.com,5,46823
3346,Employee_3346,user_3346@example.com,4,62166
3347,Employee_3347,user_3347@example.com,4,76625
3348,Employee_3348,user_3348@example.com,16,75747
3349,Employee_3349,user_3349@example.com,3,52080
3350,Employee_3350,user_3350@example.com,20,38232
3351,Employee_3351,user_3351@example.com,15,54121
3352,Employee_3352,user_3352@example.com,4,81079
3353,Employee_3353,user_3353@example.com,5,45868
3354,Employee_3354,user_3354@example.com,12,89258
3355,Employee_3355,user_3355@example.com,12,80335
3356,Employee_3356,user_3356@example.com,20,83897
3357,Employee_3357,user_3357@example.com,2,47500
3358,Employee_3358,user_3358@example.com,9,54651
3359,Employee_3359,user_3359@example.com,18,74249
3360,Employee_3360,user_3360@example.com,12,62743
3361,Employee_3361,user_3361@example.com,15,69586
3362,Employee_3362,user_3362@example.com,14,84649
3363,Employee_3363,user_3363@example.com,11,61679
3364,Employee_3364,user_3364@example.com,9,112998
3365,Employee_3365,user_3365@example.com,11,101914
3366,Employee_3366,user_3366@example.com,17,40289
3367,Employee_3367,user_3367@example.com,11,70914
3368,Employee_3368,user_3368@example.com,7,49819
3369,Employee_3369,user_3369@example.com,11,68464
3370,Employee_3370,user_3370@example.com,8,48824
3371,Employee_3371,user_3371@example.com,7,89719
3372,Employee_3372,user_3372@example.com,18,109443
3373,Employee_3373,user_3373@example.com,20,101537
3374,Employee_3374,user_3374@example.com,18,76875
3375,Employee_3375,user_3375@example.com,15,57143
3376,Employee_3376,user_3376@example.com,17,118187
3377,Employee_3377,user_3377@example.com,4,75671
3378,Employee_3378,user_3378@example.com,6,100740
3379,Employee_3379,user_3379@example.com,12,96154
3380,Employee_3380,user_3380@example.com,11,114995
3381,Employee_3381,user_3381@example.com,8,96162
3382,Employee_3382,user_3382@example.com,8,52273
3383,Employee_3383,user_3383@example.com,20,58722
3384,Employee_3384,user_3384@example.com,3,66912
3385,Employee_3385,user_3385@example.com,1,61776
3386,Employee_3386,user_3386@example.com,20,104963
3387,Employee_3387,user_3387@example.com,14,105913
3388,Employee_3388,user_3388@example.com,8,119125
3389,Employee_3389,user_3389@example.com,19,44646
3390,Employee_3390,user_3390@example.com,18,84598
3391,Employee_3391,user_3391@example.com,6,66647
3392,Employee_3392,user_3392@example.com,1,75146
3393,Employee_3393,user_3393@example.com,14,104324
3394,Employee_3394,user_3394@example.com,16,107398
3395,Employee_3395,user_3395@example.com,20,52346
3396,Employee_3396,user_3396@example.com,19,76795
3397,Employee_3397,user_3397@example.com,16,109213
3398,Employee_3398,user_3398@example.com,3,63114
3399,Employee_3399,user_3399@example.com,17,36531
3400,Employee_3400,user_3400@example.com,7,74218
3401,Employee_3401,user_3401@example.com,15,68891
3402,Employee_3402,user_3402@example.com,4,100437
3403,Employee_3403,user_3403@example.com,15,78198
3404,Employee_3404,user_3404@example.com,13,73581
3405,Employee_3405,user_3405@example.com,6,69024
3406,Employee_3406,user_3406@example.com,16,115218
3407,Employee_3407,user_3407@example.com,20,119653
3408,Employee_3408,user_3408@example.com,14,96314
3409,Employee_3409,user_3409@example.com,17,74254
3410,Employee_3410,user_3410@example.com,14,85330
3411,Employee_3411,user_3411@example.com,9,91060
3412,Employee_3412,user_3412@example.com,1,41056
3413,Employee_3413,user_3413@example.com,12,63193
3414,Employee_3414,user_3414@example.com,7,116723
3415,Employee_3415,user_3415@example.com,4,115372
3416,Employee_3416,user_3416@example.com,19,31709
3417,Employee_3417,user_3417@example.com,18,77119
3418,Employee_3418,user_3418@example.com,16,70551
3419,Employee_3419,user_3419@example.com,4,78431
3420,Employee_3420,user_3420@example.com,9,57100
3421,Employee_3421,user_3421@example.com,6,113136
3422,Employee_3422,user_3422@example.com,9,109779
3423,Employee_3423,user_3423@example.com,16,38845
3424,Employee_3424,user_3424@example.com,16,108248
3425,Employee_3425,user_3425@example.com,5,34563
3426,Employee_3426,user_3426@example.com,14,100328
3427,Employee_3427,user_3427@example.com,10,60187
3428,Employee_3428,user_3428@example.com,6,86899
3429,Employee_3429,user_3429@example.com,15,55118
3430,Employee_3430,user_3430@example.com,7,47996
3431,Employee_3431,user_3431@example.com,10,56074
3432,Employee_3432,user_3432@example.com,5,69894
3433,Employee_3433,user_3433@example.com,17,76539
3434,Employee_3434,user_3434@example.com,7,86759
3435,Employee_3435,user_3435@example.com,9,76634
3436,Employee_3436,user_3436@example.com,6,54334
3437,Employee_3437,user_3437@example.com,20,48367
3438,Employee_3438,user_3438@example.com,16,115907
3439,Employee_3439,user_3439@example.com,20,114457
3440,Employee_3440,user_3440@example.com,9,31353
3441,Employee_3441,user_3441@example.com,16,98619
3442,Employee_3442,user_3442@example.com,11,54766
3443,Employee_3443,user_3443@example.com,5,73738
3444,Employee_3444,user_3444@example.com,10,71292
3445,Employee_3445,user_3445@example.com,2,71873
3446,Employee_3446,user_3446@example.com,7,115292
3447,Employee_3447,user_3447@example.com,11,48550
3448,Employee_3448,user_3448@example.com,7,75696
3449,Employee_3449,user_3449@example.com,9,61169
3450,Employee_3450,user_3450@example.com,2,108914
3451,Employee_3451,user_3451@example.com,16,108173
3452,Employee_3452,user_3452@example.com,3,55132
3453,Employee_3453,user_3453@example.com,17,51500
3454,Employee_3454,user_3454@example.com,16,88306
3455,Employee_3455,user_3455@example.com,2,47096
3456,Employee_3456,user_3456@example.com,5,61253
3457,Employee_3457,user_3457@example.com,11,83866
3458,Employee_3458,user_3458@example.com,2,56669
3459,Employee_3459,user_3459@example.com,5,115916
3460,Employee_3460,user_3460@example.com,3,94926
3461,Employee_3461,user_3461@example.com,5,112066
3462,Employee_3462,user_3462@example.com,16,91005
3463,Employee_3463,user_3463@example.com,9,44222
3464,Employee_3464,user_3464@example.com,8,32162
3465,Employee_3465,user_3465@example.com,10,51026
3466,Employee_3466,user_3466@example.com,5,103451
3467,Employee_3467,user_3467@example.com,3,65055
3468,Employee_3468,user_3468@example.com,10,32474
3469,Employee_3469,user_3469@example.com,16,118651
3470,Employee_3470,user_3470@example.com,16,69873
3471,Employee_3471,user_3471@example.com,20,76237
3472,Employee_3472,user_3472@example.com,8,55667
3473,Employee_3473,user_3473@example.com,12,46539
3474,Employee_3474,user_3474@example.com,2,63990
3475,Employee_3475,user_3475@example.com,17,92232
3476,Employee_3476,user_3476@example.com,9,80765
3477,Employee_3477,user_3477@example.com,2,63879
3478,Employee_3478,user_3478@example.com,4,86964
3479,Employee_3479,user_3479@example.com,18,40611
3480,Employee_3480,user_3480@example.com,9,82903
3481,Employee_3481,user_3481@example.com,13,100996
3482,Employee_3482,user_3482@example.com,6,109387
3483,Employee_3483,user_3483@example.com,14,39817
3484,Employee_3484,user_3484@example.com,4,56275
3485,Employee_3485,user_3485@example.com,2,104873
3486,Employee_3486,user_3486@example.com,8,115638
3487,Employee_3487,user_3487@example.com,16,31617
3488,Employee_3488,user_3488@example.com,15,37249
3489,Employee_3489,user_3489@example.com,2,74195
3490,Employee_3490,user_3490@example.com,12,100410
3491,Employee_3491,user_3491@example.com,19,112917
3492,Employee_3492,user_3492@example.com,9,37324
3493,Employee_3493,user_3493@example.com,2,84325
3494,Employee_3494,user_3494@example.com,15,60806
3495,Employee_3495,user_3495@example.com,10,64872
3496,Employee_3496,user_3496@example.com,8,113636
3497,Employee_3497,user_3497@example.com,12,86610
3498,Employee_3498,user_3498@example.com,4,58432
3499,Employee_3499,user_3499@example.com,5,45926
3500,Employee_3500,user_3500@example.com,16,49985
3501,Employee_3501,user_3501@example.com,9,83720
3502,Employee_3502,user_3502@example.com,10,40295
3503,Employee_3503,user_3503@example.com,7,73570
3504,Employee_3504,user_3504@example.com,20,47770
3505,Employee_3505,user_3505@example.com,18,63767
3506,Employee_3506,user_3506@example.com,13,67674
3507,Employee_3507,user_3507@example.com,8,114302
3508,Employee_3508,user_3508@example.com,13,105707
3509,Employee_3509,user_3509@example.com,6,76650
3510,Employee_3510,user_3510@example.com,19,116190
3511,Employee_3511,user_3511@example.com,17,32475
3512,Employee_3512,user_3512@example.com,13,86898
3513,Employee_3513,user_3513@example.com,20,107470
3514,Employee_3514,user_3514@example.com,16,53983
3515,Employee_3515,user_3515@example.com,3,69414
3516,Employee_3516,user_3516@example.com,13,30521
3517,Employee_3517,user_3517@example.com,15,60793
3518,Employee_3518,user_3518@example.com,11,49417
3519,Employee_3519,user_3519@example.com,17,57882
3520,Employee_3520,user_3520@example.com,17,64332
3521,Employee_3521,user_3521@example.com,6,112582
3522,Employee_3522,user_3522@example.com,8,68556
3523,Employee_3523,user_3523@example.com,16,57282
3524,Employee_3524,user_3524@example.com,3,49156
3525,Employee_3525,user_3525@example.com,2,30421
3526,Employee_3526,user_3526@example.com,8,74101
3527,Employee_3527,user_3527@example.com,1,96211
3528,Employee_3528,user_3528@example.com,12,50185
3529,Employee_3529,user_3529@example.com,20,47157
3530,Employee_3530,user_3530@example.com,20,63168
3531,Employee_3531,user_3531@example.com,8,34952
3532,Employee_3532,user_3532@example.com,2,39515
3533,Employee_3533,user_3533@example.com,2,79827
3534,Employee_3534,user_3534@example.com,16,38600
3535,Employee_3535,user_3535@example.com,5,89955
3536,Employee_3536,user_3536@example.com,12,31160
3537,Employee_3537,user_3537@example.com,10,111016
3538,Employee_3538,user_3538@example.com,19,75203
3539,Employee_3539,user_3539@example.com,4,65566
3540,Employee_3540,user_3540@example.com,10,42957
3541,Employee_3541,user_3541@example.com,6,94193
3542,Employee_3542,user_3542@example.com,20,89195
3543,Employee_3543,user_3543@example.com,10,116487
3544,Employee_3544,user_3544@example.com,5,52083
3545,Employee_3545,user_3545@example.com,17,79210
3546,Employee_3546,user_3546@example.com,20,67517
3547,Employee_3547,user_3547@example.com,5,94119
3548,Employee_3548,user_3548@example.com,18,92655
3549,Employee_3549,user_3549@example.com,8,117424
3550,Employee_3550,user_3550@example.com,9,54353
3551,Employee_3551,user_3551@example.com,5,68680
3552,Employee_3552,user_3552@example.com,2,45449
3553,Employee_3553,user_3553@example.com,16,93766
3554,Employee_3554,user_3554@example.com,10,119737
3555,Employee_3555,user_3555@example.com,3,83203
3556,Employee_3556,user_3556@example.com,14,46279
3557,Employee_3557,user_3557@example.com,7,93343
3558,Employee_3558,user_3558@example.com,16,56096
3559,Employee_3559,user_3559@example.com,3,33837
3560,Employee_3560,user_3560@example.com,6,104980
3561,Employee_3561,user_3561@example.com,8,108630
3562,Employee_3562,user_3562@example.com,7,46735
3563,Employee_3563,user_3563@example.com,1,55676
3564,Employee_3564,user_3564@example.com,3,85081
3565,Employee_3565,user_3565@example.com,7,119419
3566,Employee_3566,user_3566@example.com,20,100333
3567,Employee_3567,user_3567@example.com,7,46137
3568,Employee_3568,user_3568@example.com,1,91657
3569,Employee_3569,user_3569@example.com,18,88349
3570,Employee_3570,user_3570@example.com,13,32173
3571,Employee_3571,user_3571@example.com,16,118259
3572,Employee_3572,user_3572@example.com,17,112387
3573,Employee_3573,user_3573@example.com,1,98745
3574,Employee_3574,user_3574@example.com,8,81424
3575,Employee_3575,user_3575@example.com,12,78022
3576,Employee_3576,user_3576@example.com,8,75602
3577,Employee_3577,user_3577@example.com,18,101764
3578,Employee_3578,user_3578@example.com,1,50648
3579,Employee_3579,user_3579@example.com,14,114613
3580,Employee_3580,user_3580@example.com,8,47043
3581,Employee_3581,user_3581@example.com,3,55061
3582,Employee_3582,user_3582@example.com,20,42376
3583,Employee_3583,user_3583@example.com,15,59958
3584,Employee_3584,user_3584@example.com,8,100755
3585,Employee_3585,user_3585@example.com,6,78933
3586,Employee_3586,user_3586@example.com,3,66916
3587,Employee_3587,user_3587@example.com,19,70072
3588,Employee_3588,user_3588@example.com,2,46497
3589,Employee_3589,user_3589@example.com,3,109652
3590,Employee_3590,user_3590@example.com,15,43432
3591,Employee_3591,user_3591@example.com,1,111439
3592,Employee_3592,user_3592@example.com,5,81350
3593,Employee_3593,user_3593@example.com,1,91525
3594,Employee_3594,user_3594@example.com,2,92880
3595,Employee_3595,user_3595@example.com,11,87886
3596,Employee_3596,user_3596@example.com,7,71526
3597,Employee_3597,user_3597@example.com,19,114253
3598,Employee_3598,user_3598@example.com,3,112999
3599,Employee_3599,user_3599@example.com,4,92603
3600,Employee_3600,user_3600@example.com,8,55236
3601,Employee_3601,user_3601@example.com,3,89977
3602,Employee_3602,user_3602@example.com,10,99428
3603,Employee_3603,user_3603@example.com,1,91944
3604,Employee_3604,user_3604@example.com,9,91187
3605,Employee_3605,user_3605@example.com,19,76272
3606,Employee_3606,user_3606@example.com,20,60350
3607,Employee_3607,user_3607@example.com,18,96224
3608,Employee_3608,user_3608@example.com,16,114557
3609,Employee_3609,user_3609@example.com,6,89005
3610,Employee_3610,user_3610@example.com,3,89311
3611,Employee_3611,user_3611@example.com,8,63428
3612,Employee_3612,user_3612@example.com,12,71126
3613,Employee_3613,user_3613@example.com,10,82901
3614,Employee_3614,user_3614@example.com,8,82678
3615,Employee_3615,user_3615@example.com,7,75625
3616,Employee_3616,user_3616@example.com,19,46907
3617,Employee_3617,user_3617@example.com,5,87501
3618,Employee_3618,user_3618@example.com,14,36435
3619,Employee_3619,user_3619@example.com,4,108885
3620,Employee_3620,user_3620@example.com,12,85198
3621,Employee_3621,user_3621@example.com,2,49414
3622,Employee_3622,user_3622@example.com,20,76921
3623,Employee_3623,user_3623@example.com,15,94828
3624,Employee_3624,user_3624@example.com,1,112589
3625,Employee_3625,user_3625@example.com,18,95787
3626,Employee_3626,user_3626@example.com,14,42967
3627,Employee_3627,user_3627@example.com,15,86528
3628,Employee_3628,user_3628@example.com,5,34791
3629,Employee_3629,user_3629@example.com,20,41211
3630,Employee_3630,user_3630@example.com,4,88307
3631,Employee_3631,user_3631@example.com,11,59512
3632,Employee_3632,user_3632@example.com,6,93604
3633,Employee_3633,user_3633@example.com,4,48957
3634,Employee_3634,user_3634@example.com,14,85212
3635,Employee_3635,user_3635@example.com,11,104481
3636,Employee_3636,user_3636@example.com,4,31193
3637,Employee_3637,user_3637@example.com,6,112829
3638,Employee_3638,user_3638@example.com,12,30849
3639,Employee_3639,user_3639@example.com,7,114913
3640,Employee_3640,user_3640@example.com,5,86424
3641,Employee_3641,user_3641@example.com,11,108322
3642,Employee_3642,user_3642@example.com,11,33973
3643,Employee_3643,user_3643@example.com,5,93433
3644,Employee_3644,user_3644@example.com,4,75403
3645,Employee_3645,user_3645@example.com,16,109226
3646,Employee_3646,user_3646@example.com,5,69992
3647,Employee_3647,user_3647@example.com,20,60044
3648,Employee_3648,user_3648@example.com,5,104129
3649,Employee_3649,user_3649@example.com,3,33873
3650,Employee_3650,user_3650@example.com,15,61734
3651,Employee_3651,user_3651@example.com,9,66185
3652,Employee_3652,user_3652@example.com,8,35733
3653,Employee_3653,user_3653@example.com,7,43619
3654,Employee_3654,user_3654@example.com,5,118011
3655,Employee_3655,user_3655@example.com,12,76666
3656,Employee_3656,user_3656@example.com,15,93204
3657,Employee_3657,user_3657@example.com,10,85354
3658,Employee_3658,user_3658@example.com,19,65745
3659,Employee_3659,user_3659@example.com,16,60925
3660,Employee_3660,user_3660@example.com,11,72945
3661,Employee_3661,user_3661@example.com,1,106766
3662,Employee_3662,user_3662@example.com,13,69976
3663,Employee_3663,user_3663@example.com,15,44906
3664,Employee_3664,user_3664@example.com,20,95540
3665,Employee_3665,user_3665@example.com,16,56185
3666,Employee_3666,user_3666@example.com,17,85844
3667,Employee_3667,user_3667@example.com,4,62196
3668,Employee_3668,user_3668@example.com,13,38886
3669,Employee_3669,user_3669@example.com,8,69256
3670,Employee_3670,user_3670@example.com,16,76693
3671,Employee_3671,user_3671@example.com,6,55208
3672,Employee_3672,user_3672@example.com,20,104998
3673,Employee_3673,user_3673@example.com,8,50382
3674,Employee_3674,user_3674@example.com,6,67253
3675,Employee_3675,user_3675@example.com,19,111042
3676,Employee_3676,user_3676@example.com,11,78668
3677,Employee_3677,user_3677@example.com,11,87195
3678,Employee_3678,user_3678@example.com,1,90437
3679,Employee_3679,user_3679@example.com,1,83839
3680,Employee_3680,user_3680@example.com,8,97085
3681,Employee_3681,user_3681@example.com,6,42405
3682,Employee_3682,user_3682@example.com,14,110399
3683,Employee_3683,user_3683@example.com,20,54926
3684,Employee_3684,user_3684@example.com,10,72217
3685,Employee_3685,user_3685@example.com,17,83942
3686,Employee_3686,user_3686@example.com,3,46894
3687,Employee_3687,user_3687@example.com,1,76001
3688,Employee_3688,user_3688@example.com,3,54904
3689,Employee_3689,user_3689@example.com,10,76166
3690,Employee_3690,user_3690@example.com,14,92486
3691,Employee_3691,user_3691@example.com,16,98458
3692,Employee_3692,user_3692@example.com,3,51095
3693,Employee_3693,user_3693@example.com,14,41363
3694,Employee_3694,user_3694@example.com,2,36459
3695,Employee_3695,user_3695@example.com,5,58518
3696,Employee_3696,user_3696@example.com,12,63687
3697,Employee_3697,user_3697@example.com,15,41484
3698,Employee_3698,user_3698@example.com,17,94756
3699,Employee_3699,user_3699@example.com,4,90784
3700,Employee_3700,user_3700@example.com,7,65309
3701,Employee_3701,user_3701@example.com,6,91007
3702,Employee_3702,user_3702@example.com,2,91449
3703,Employee_3703,user_3703@example.com,14,88275
3704,Employee_3704,user_3704@example.com,8,37096
3705,Employee_3705,user_3705@example.com,9,74091
3706,Employee_3706,user_3706@example.com,7,37316
3707,Employee_3707,user_3707@example.com,15,79744
3708,Employee_3708,user_3708@example.com,1,103308
3709,Employee_3709,user_3709@example.com,8,71395
3710,Employee_3710,user_3710@example.com,1,63298
3711,Employee_3711,user_3711@example.com,14,114687
3712,Employee_3712,user_3712@example.com,16,117764
3713,Employee_3713,user_3713@example.com,18,47250
3714,Employee_3714,user_3714@example.com,6,45020
3715,Employee_3715,user_3715@example.com,16,102431
3716,Employee_3716,user_3716@example.com,4,88033
3717,Employee_3717,user_3717@example.com,15,84298
3718,Employee_3718,user_3718@example.com,12,80776
3719,Employee_3719,user_3719@example.com,7,45183
3720,Employee_3720,user_3720@example.com,3,59334
3721,Employee_3721,user_3721@example.com,4,66898
3722,Employee_3722,user_3722@example.com,6,91129
3723,Employee_3723,user_3723@example.com,14,34704
3724,Employee_3724,user_3724@example.com,20,40772
3725,Employee_3725,user_3725@example.com,18,95673
3726,Employee_3726,user_3726@example.com,14,118883
3727,Employee_3727,user_3727@example.com,17,100826
3728,Employee_3728,user_3728@example.com,12,42300
3729,Employee_3729,user_3729@example.com,19,118894
3730,Employee_3730,user_3730@example.com,2,31321
3731,Employee_3731,user_3731@example.com,19,66279
3732,Employee_3732,user_3732@example.com,8,63253
3733,Employee_3733,user_3733@example.com,2,84476
3734,Employee_3734,user_3734@example.com,6,50606
3735,Employee_3735,user_3735@example.com,18,103385
3736,Employee_3736,user_3736@example.com,14,87800
3737,Employee_3737,user_3737@example.com,6,82279
3738,Employee_3738,user_3738@example.com,5,105880
3739,Employee_3739,user_3739@example.com,11,115301
3740,Employee_3740,user_3740@example.com,20,85482
3741,Employee_3741,user_3741@example.com,18,66979
3742,Employee_3742,user_3742@example.com,4,104845
3743,Employee_3743,user_3743@example.com,14,112981
3744,Employee_3744,user_3744@example.com,4,61995
3745,Employee_3745,user_3745@example.com,5,119506
3746,Employee_3746,user_3746@example.com,13,40273
3747,Employee_3747,user_3747@example.com,19,87873
3748,Employee_3748,user_3748@example.com,18,63732
3749,Employee_3749,user_3749@example.com,10,101602
3750,Employee_3750,user_3750@example.com,9,74565
3751,Employee_3751,user_3751@example.com,15,119373
3752,Employee_3752,user_3752@example.com,8,52933
3753,Employee_3753,user_3753@example.com,11,35294
3754,Employee_3754,user_3754@example.com,3,85426
3755,Employee_3755,user_3755@example.com,18,92452
3756,Employee_3756,user_3756@example.com,10,37674
3757,Employee_3757,user_3757@example.com,8,108083
3758,Employee_3758,user_3758@example.com,5,95529
3759,Employee_3759,user_3759@example.com,20,86322
3760,Employee_3760,user_3760@example.com,14,71314
3761,Employee_3761,user_3761@example.com,1,99991
3762,Employee_3762,user_3762@example.com,17,100576
3763,Employee_3763,user_3763@example.com,14,94340
3764,Employee_3764,user_3764@example.com,17,95936
3765,Employee_3765,user_3765@example.com,13,91248
3766,Employee_3766,user_3766@example.com,10,70502
3767,Employee_3767,user_3767@example.com,10,40260
3768,Employee_3768,user_3768@example.com,10,70777
3769,Employee_3769,user_3769@example.com,2,30798
3770,Employee_3770,user_3770@example.com,4,65261
3771,Employee_3771,user_3771@example.com,15,78624
3772,Employee_3772,user_3772@example.com,11,109979
3773,Employee_3773,user_3773@example.com,7,33476
3774,Employee_3774,user_3774@example.com,14,62885
3775,Employee_3775,user_3775@example.com,18,33913
3776,Employee_3776,user_3776@example.com,20,57088
3777,Employee_3777,user_3777@example.com,2,60667
3778,Employee_3778,user_3778@example.com,2,78098
3779,Employee_3779,user_3779@example.com,10,117429
3780,Employee_3780,user_3780@example.com,15,43233
3781,Employee_3781,user_3781@example.com,15,71931
3782,Employee_3782,user_3782@example.com,1,85078
3783,Employee_3783,user_3783@example.com,7,54804
3784,Employee_3784,user_3784@example.com,9,118012
3785,Employee_3785,user_3785@example.com,3,99568
3786,Employee_3786,user_3786@example.com,11,47304
3787,Employee_3787,user_3787@example.com,16,91050
3788,Employee_3788,user_3788@example.com,11,38705
3789,Employee_3789,user_3789@example.com,19,85900
3790,Employee_3790,user_3790@example.com,1,112581
3791,Employee_3791,user_3791@example.com,18,60371
3792,Employee_3792,user_3792@example.com,4,116360
3793,Employee_3793,user_3793@example.com,3,104002
3794,Employee_3794,user_3794@example.com,10,96427
3795,Employee_3795,user_3795@example.com,2,41177
3796,Employee_3796,user_3796@example.com,7,92359
3797,Employee_3797,user_3797@example.com,5,75068
3798,Employee_3798,user_3798@example.com,6,92022
3799,Employee_3799,user_3799@example.com,2,49216
3800,Employee_3800,user_3800@example.com,10,117451
3801,Employee_3801,user_3801@example.com,8,47487
3802,Employee_3802,user_3802@example.com,5,72939
3803,Employee_3803,user_3803@example.com,6,65491
3804,Employee_3804,user_3804@example.com,11,53721
3805,Employee_3805,user_3805@example.com,6,113284
3806,Employee_3806,user_3806@example.com,19,46275
3807,Employee_3807,user_3807@example.com,20,98733
3808,Employee_3808,user_3808@example.com,19,72184
3809,Employee_3809,user_3809@example.com,20,49594
3810,Employee_3810,user_3810@example.com,15,52267
3811,Employee_3811,user_3811@example.com,12,65502
3812,Employee_3812,user_3812@example.com,12,99608
3813,Employee_3813,user_3813@example.com,7,55711
3814,Employee_3814,user_3814@example.com,6,106981
3815,Employee_3815,user_3815@example.com,1,63657
3816,Employee_3816,user_3816@example.com,8,64952
3817,Employee_3817,user_3817@example.com,18,86152
3818,Employee_3818,user_3818@example.com,11,62878
3819,Employee_3819,user_3819@example.com,5,69456
3820,Employee_3820,user_3820@example.com,11,109527
3821,Employee_3821,user_3821@example.com,5,69403
3822,Employee_3822,user_3822@example.com,8,105840
3823,Employee_3823,user_3823@example.com,10,85942
3824,Employee_3824,user_3824@example.com,18,95505
3825,Employee_3825,user_3825@example.com,19,115204
3826,Employee_3826,user_3826@example.com,16,107444
3827,Employee_3827,user_3827@example.com,17,67781
3828,Employee_3828,user_3828@example.com,17,54510
3829,Employee_3829,user_3829@example.com,11,31394
3830,Employee_3830,user_3830@example.com,7,114990
3831,Employee_3831,user_3831@example.com,18,54830
3832,Employee_3832,user_3832@example.com,18,74497
3833,Employee_3833,user_3833@example.com,8,115029
3834,Employee_3834,user_3834@example.com,11,36407
3835,Employee_3835,user_3835@example.com,2,51107
3836,Employee_3836,user_3836@example.com,8,72398
3837,Employee_3837,user_3837@example.com,16,104037
3838,Employee_3838,user_3838@example.com,16,63350
3839,Employee_3839,user_3839@example.com,3,39167
3840,Employee_3840,user_3840@example.com,9,70422
3841,Employee_3841,user_3841@example.com,6,55069
3842,Employee_3842,user_3842@example.com,8,108366
3843,Employee_3843,user_3843@example.com,3,106834
3844,Employee_3844,user_3844@example.com,15,50573
3845,Employee_3845,user_3845@example.com,18,78485
3846,Employee_3846,user_3846@example.com,7,80435
3847,Employee_3847,user_3847@example.com,17,109664
3848,Employee_3848,user_3848@example.com,11,34947
3849,Employee_3849,user_3849@example.com,1,77765
3850,Employee_3850,user_3850@example.com,17,58069
3851,Employee_3851,user_3851@example.com,7,57357
3852,Employee_3852,user_3852@example.com,3,81514
3853,Employee_3853,user_3853@example.com,9,65382
3854,Employee_3854,user_3854@example.com,14,114196
3855,Employee_3855,user_3855@example.com,9,70246
3856,Employee_3856,user_3856@example.com,19,109914
3857,Employee_3857,user_3857@example.com,4,85685
3858,Employee_3858,user_3858@example.com,11,117021
3859,Employee_3859,user_3859@example.com,20,51819
3860,Employee_3860,user_3860@example.com,17,95263
3861,Employee_3861,user_3861@example.com,14,38776
3862,Employee_3862,user_3862@example.com,19,74599
3863,Employee_3863,user_3863@example.com,9,84302
3864,Employee_3864,user_3864@example.com,14,86197
3865,Employee_3865,user_3865@example.com,13,56110
3866,Employee_3866,user_3866@example.com,19,33216
3867,Employee_3867,user_3867@example.com,15,32831
3868,Employee_3868,user_3868@example.com,20,55813
3869,Employee_3869,user_3869@example.com,14,84852
3870,Employee_3870,user_3870@example.com,3,109620
3871,Employee_3871,user_3871@example.com,6,58867
3872,Employee_3872,user_3872@example.com,9,114005
3873,Employee_3873,user_3873@example.com,11,78366
3874,Employee_3874,user_3874@example.com,10,39746
3875,Employee_3875,user_3875@example.com,8,40951
3876,Employee_3876,user_3876@example.com,7,100871
3877,Employee_3877,user_3877@example.com,17,98774
3878,Employee_3878,user_3878@example.com,9,84626
3879,Employee_3879,user_3879@example.com,5,39653
3880,Employee_3880,user_3880@example.com,6,54795
3881,Employee_3881,user_3881@example.com,20,57483
3882,Employee_3882,user_3882@example.com,6,92907
3883,Employee_3883,user_3883@example.com,17,118774
3884,Employee_3884,user_3884@example.com,5,99637
3885,Employee_3885,user_3885@example.com,15,60041
3886,Employee_3886,user_3886@example.com,16,110944
3887,Employee_3887,user_3887@example.com,19,58435
3888,Employee_3888,user_3888@example.com,20,38320
3889,Employee_3889,user_3889@example.com,18,52323
3890,Employee_3890,user_3890@example.com,17,81103
3891,Employee_3891,user_3891@example.com,1,116221
3892,Employee_3892,user_3892@example.com,11,85205
3893,Employee_3893,user_3893@example.com,19,91576
3894,Employee_3894,user_3894@example.com,1,52056
3895,Employee_3895,user_3895@example.com,20,66589
3896,Employee_3896,user_3896@example.com,4,114713
3897,Employee_3897,user_3897@example.com,17,78740
3898,Employee_3898,user_3898@example.com,1,95524
3899,Employee_3899,user_3899@example.com,4,95920
3900,Employee_3900,user_3900@example.com,20,65403
3901,Employee_3901,user_3901@example.com,3,60267
3902,Employee_3902,user_3902@example.com,5,60703
3903,Employee_3903,user_3903@example.com,9,70771
3904,Employee_3904,user_3904@example.com,11,89696
3905,Employee_3905,user_3905@example.com,13,38685
3906,Employee_3906,user_3906@example.com,19,71919
3907,Employee_3907,user_3907@example.com,1,86827
3908,Employee_3908,user_3908@example.com,16,100576
3909,Employee_3909,user_3909@example.com,10,54022
3910,Employee_3910,user_3910@example.com,5,31611
3911,Employee_3911,user_3911@example.com,14,107388
3912,Employee_3912,user_3912@example.com,18,119072
3913,Employee_3913,user_3913@example.com,6,83177
3914,Employee_3914,user_3914@example.com,13,73518
3915,Employee_3915,user_3915@example.com,16,104638
3916,Employee_3916,user_3916@example.com,7,81335
3917,Employee_3917,user_3917@example.com,16,50868
3918,Employee_3918,user_3918@example.com,15,73092
3919,Employee_3919,user_3919@example.com,12,117201
3920,Employee_3920,user_3920@example.com,6,45447
3921,Employee_3921,user_3921@example.com,14,89268
3922,Employee_3922,user_3922@example.com,8,45816
3923,Employee_3923,user_3923@example.com,18,113565
3924,Employee_3924,user_3924@example.com,6,118707
3925,Employee_3925,user_3925@example.com,17,107152
3926,Employee_3926,user_3926@example.com,19,95728
3927,Employee_3927,user_3927@example.com,5,47784
3928,Employee_3928,user_3928@example.com,15,67194
3929,Employee_3929,user_3929@example.com,13,83353
3930,Employee_3930,user_3930@example.com,4,49886
3931,Employee_3931,user_3931@example.com,17,94849
3932,Employee_3932,user_3932@example.com,11,74467
3933,Employee_3933,user_3933@example.com,15,72469
3934,Employee_3934,user_3934@example.com,7,79300
3935,Employee_3935,user_3935@example.com,17,57915
3936,Employee_3936,user_3936@example.com,12,115413
3937,Employee_3937,user_3937@example.com,5,37436
3938,Employee_3938,user_3938@example.com,8,99252
3939,Employee_3939,user_3939@example.com,18,81349
3940,Employee_3940,user_3940@example.com,2,102183
3941,Employee_3941,user_3941@example.com,11,41585
3942,Employee_3942,user_3942@example.com,11,104509
3943,Employee_3943,user_3943@example.com,11,89461
3944,Employee_3944,user_3944@example.com,6,67988
3945,Employee_3945,user_3945@example.com,8,94541
3946,Employee_3946,user_3946@example.com,20,75535
3947,Employee_3947,user_3947@example.com,14,92569
3948,Employee_3948,user_3948@example.com,5,103095
3949,Employee_3949,user_3949@example.com,20,49847
3950,Employee_3950,user_3950@example.com,9,94029
3951,Employee_3951,user_3951@example.com,2,45830
3952,Employee_3952,user_3952@example.com,11,96670
3953,Employee_3953,user_3953@example.com,7,70462
3954,Employee_3954,user_3954@example.com,16,100142
3955,Employee_3955,user_3955@example.com,10,36941
3956,Employee_3956,user_3956@example.com,10,66367
3957,Employee_3957,user_3957@example.com,1,50430
3958,Employee_3958,user_3958@example.com,19,73122
3959,Employee_3959,user_3959@example.com,20,36269
3960,Employee_3960,user_3960@example.com,16,90014
3961,Employee_3961,user_3961@example.com,14,88318
3962,Employee_3962,user_3962@example.com,14,73609
3963,Employee_3963,user_3963@example.com,10,81838
3964,Employee_3964,user_3964@example.com,3,75702
3965,Employee_3965,user_3965@example.com,12,115882
3966,Employee_3966,user_3966@example.com,18,61498
3967,Employee_3967,user_3967@example.com,14,99158
3968,Employee_3968,user_3968@example.com,1,118335
3969,Employee_3969,user_3969@example.com,2,34738
3970,Employee_3970,user_3970@example.com,6,58038
3971,Employee_3971,user_3971@example.com,2,116028
3972,Employee_3972,user_3972@example.com,20,119792
3973,Employee_3973,user_3973@example.com,15,107479
3974,Employee_3974,user_3974@example.com,8,34252
3975,Employee_3975,user_3975@example.com,2,43030
3976,Employee_3976,user_3976@example.com,7,74877
3977,Employee_3977,user_3977@example.com,4,62489
3978,Employee_3978,user_3978@example.com,10,59225
3979,Employee_3979,user_3979@example.com,15,38468
3980,Employee_3980,user_3980@example.com,7,87199
3981,Employee_3981,user_3981@example.com,14,36935
3982,Employee_3982,user_3982@example.com,16,115447
3983,Employee_3983,user_3983@example.com,9,41277
3984,Employee_3984,user_3984@example.com,10,92513
3985,Employee_3985,user_3985@example.com,15,79522
3986,Employee_3986,user_3986@example.com,9,111004
3987,Employee_3987,user_3987@example.com,12,111665
3988,Employee_3988,user_3988@example.com,4,86693
3989,Employee_3989,user_3989@example.com,18,34682
3990,Employee_3990,user_3990@example.com,11,72215
3991,Employee_3991,user_3991@example.com,8,111030
3992,Employee_3992,user_3992@example.com,20,59343
3993,Employee_3993,user_3993@example.com,17,107035
3994,Employee_3994,user_3994@example.com,9,119737
3995,Employee_3995,user_3995@example.com,13,99832
3996,Employee_3996,user_3996@example.com,4,45972
3997,Employee_3997,user_3997@example.com,9,60388
3998,Employee_3998,user_3998@example.com,12,46290
3999,Employee_3999,user_3999@example.com,16,43193
4000,Employee_4000,user_4000@example.com,18,85906
4001,Employee_4001,user_4001@example.com,7,119330
4002,Employee_4002,user_4002@example.com,7,47760
4003,Employee_4003,user_4003@example.com,7,95309
4004,Employee_4004,user_4004@example.com,7,73136
4005,Employee_4005,user_4005@example.com,20,91638
4006,Employee_4006,user_4006@example.com,11,112271
4007,Employee_4007,user_4007@example.com,1,70941
4008,Employee_4008,user_4008@example.com,11,88951
4009,Employee_4009,user_4009@example.com,20,113997
4010,Employee_4010,user_4010@example.com,1,91910
4011,Employee_4011,user_4011@example.com,16,31951
4012,Employee_4012,user_4012@example.com,15,105878
4013,Employee_4013,user_4013@example.com,1,88492
4014,Employee_4014,user_4014@example.com,20,75979
4015,Employee_4015,user_4015@example.com,4,96524
4016,Employee_4016,user_4016@example.com,3,110444
4017,Employee_4017,user_4017@example.com,8,35355
4018,Employee_4018,user_4018@example.com,10,39265
4019,Employee_4019,user_4019@example.com,16,78531
4020,Employee_4020,user_4020@example.com,2,92076
4021,Employee_4021,user_4021@example.com,6,61720
4022,Employee_4022,user_4022@example.com,13,39644
4023,Employee_4023,user_4023@example.com,1,67705
4024,Employee_4024,user_4024@example.com,17,98143
4025,Employee_4025,user_4025@example.com,16,37817
4026,Employee_4026,user_4026@example.com,4,55805
4027,Employee_4027,user_4027@example.com,19,97701
4028,Employee_4028,user_4028@example.com,19,73612
4029,Employee_4029,user_4029@example.com,15,59035
4030,Employee_4030,user_4030@example.com,15,79948
4031,Employee_4031,user_4031@example.com,19,105445
4032,Employee_4032,user_4032@example.com,8,96919
4033,Employee_4033,user_4033@example.com,13,31139
4034,Employee_4034,user_4034@example.com,19,119648
4035,Employee_4035,user_4035@example.com,15,108426
4036,Employee_4036,user_4036@example.com,3,33314
4037,Employee_4037,user_4037@example.com,4,70176
4038,Employee_4038,user_4038@example.com,12,102379
4039,Employee_4039,user_4039@example.com,2,37759
4040,Employee_4040,user_4040@example.com,5,46139
4041,Employee_4041,user_4041@example.com,8,88638
4042,Employee_4042,user_4042@example.com,3,38112
4043,Employee_4043,user_4043@example.com,4,77893
4044,Employee_4044,user_4044@example.com,3,45694
4045,Employee_4045,user_4045@example.com,18,38494
4046,Employee_4046,user_4046@example.com,15,105839
4047,Employee_4047,user_4047@example.com,14,45598
4048,Employee_4048,user_4048@example.com,11,90402
4049,Employee_4049,user_4049@example.com,20,40411
4050,Employee_4050,user_4050@example.com,12,58611
4051,Employee_4051,user_4051@example.com,12,40695
4052,Employee_4052,user_4052@example.com,10,89498
4053,Employee_4053,user_4053@example.com,10,107834
4054,Employee_4054,user_4054@example.com,15,108800
4055,Employee_4055,user_4055@example.com,6,115618
4056,Employee_4056,user_4056@example.com,11,88018
4057,Employee_4057,user_4057@example.com,10,105092
4058,Employee_4058,user_4058@example.com,8,56933
4059,Employee_4059,user_4059@example.com,7,46912
4060,Employee_4060,user_4060@example.com,20,57390
4061,Employee_4061,user_4061@example.com,7,68911
4062,Employee_4062,user_4062@example.com,17,32402
4063,Employee_4063,user_4063@example.com,18,37726
4064,Employee_4064,user_4064@example.com,11,115277
4065,Employee_4065,user_4065@example.com,7,84863
4066,Employee_4066,user_4066@example.com,6,99519
4067,Employee_4067,user_4067@example.com,11,103980
4068,Employee_4068,user_4068@example.com,7,95075
4069,Employee_4069,user_4069@example.com,12,104745
4070,Employee_4070,user_4070@example.com,16,71271
4071,Employee_4071,user_4071@example.com,5,41801
4072,Employee_4072,user_4072@example.com,15,46710
4073,Employee_4073,user_4073@example.com,12,70385
4074,Employee_4074,user_4074@example.com,3,33738
4075,Employee_4075,user_4075@example.com,13,77432
4076,Employee_4076,user_4076@example.com,7,88715
4077,Employee_4077,user_4077@example.com,3,54414
4078,Employee_4078,user_4078@example.com,17,105852
4079,Employee_4079,user_4079@example.com,8,66904
4080,Employee_4080,user_4080@example.com,17,49082
4081,Employee_4081,user_4081@example.com,8,61169
4082,Employee_4082,user_4082@example.com,2,110131
4083,Employee_4083,user_4083@example.com,10,44922
4084,Employee_4084,user_4084@example.com,20,117808
4085,Employee_4085,user_4085@example.com,4,79297
4086,Employee_4086,user_4086@example.com,19,116222
4087,Employee_4087,user_4087@example.com,5,85469
4088,Employee_4088,user_4088@example.com,5,68905
4089,Employee_4089,user_4089@example.com,5,107985
4090,Employee_4090,user_4090@example.com,5,34148
4091,Employee_4091,user_4091@example.com,1,55255
4092,Employee_4092,user_4092@example.com,5,71295
4093,Employee_4093,user_4093@example.com,2,76504
4094,Employee_4094,user_4094@example.com,10,83128
4095,Employee_4095,user_4095@example.com,20,51165
4096,Employee_4096,user_4096@example.com,6,72046
4097,Employee_4097,user_4097@example.com,12,69354
4098,Employee_4098,user_4098@example.com,4,54502
4099,Employee_4099,user_4099@example.com,10,99796
4100,Employee_4100,user_4100@example.com,13,117247
4101,Employee_4101,user_4101@example.com,20,71228
4102,Employee_4102,user_4102@example.com,17,40598
4103,Employee_4103,user_4103@example.com,11,39318
4104,Employee_4104,user_4104@example.com,7,70107
4105,Employee_4105,user_4105@example.com,9,36572
4106,Employee_4106,user_4106@example.com,12,79959
4107,Employee_4107,user_4107@example.com,18,59650
4108,Employee_4108,user_4108@example.com,8,88452
4109,Employee_4109,user_4109@example.com,13,49965
4110,Employee_4110,user_4110@example.com,19,37010
4111,Employee_4111,user_4111@example.com,16,118050
4112,Employee_4112,user_4112@example.com,14,77925
4113,Employee_4113,user_4113@example.com,1,51793
4114,Employee_4114,user_4114@example.com,15,69505
4115,Employee_4115,user_4115@example.com,17,58555
4116,Employee_4116,user_4116@example.com,5,35086
4117,Employee_4117,user_4117@example.com,12,119925
4118,Employee_4118,user_4118@example.com,19,35426
4119,Employee_4119,user_4119@example.com,4,54701
4120,Employee_4120,user_4120@example.com,20,88132
4121,Employee_4121,user_4121@example.com,9,63576
4122,Employee_4122,user_4122@example.com,9,110998
4123,Employee_4123,user_4123@example.com,12,30327
4124,Employee_4124,user_4124@example.com,17,106492
4125,Employee_4125,user_4125@example.com,7,82789
4126,Employee_4126,user_4126@example.com,4,105718
4127,Employee_4127,user_4127@example.com,5,73899
4128,Employee_4128,user_4128@example.com,13,31796
4129,Employee_4129,user_4129@example.com,12,46224
4130,Employee_4130,user_4130@example.com,19,68017
4131,Employee_4131,user_4131@example.com,4,73668
4132,Employee_4132,user_4132@example.com,6,40283
4133,Employee_4133,user_4133@example.com,5,75993
4134,Employee_4134,user_4134@example.com,13,86675
4135,Employee_4135,user_4135@example.com,20,103127
4136,Employee_4136,user_4136@example.com,14,66664
4137,Employee_4137,user_4137@example.com,4,101873
4138,Employee_4138,user_4138@example.com,11,73407
4139,Employee_4139,user_4139@example.com,7,71211
4140,Employee_4140,user_4140@example.com,11,105598
4141,Employee_4141,user_4141@example.com,12,60969
4142,Employee_4142,user_4142@example.com,3,106469
4143,Employee_4143,user_4143@example.com,20,110895
4144,Employee_4144,user_4144@example.com,18,70831
4145,Employee_4145,user_4145@example.com,14,118852
4146,Employee_4146,user_4146@example.com,16,85367
4147,Employee_4147,user_4147@example.com,2,106531
4148,Employee_4148,user_4148@example.com,19,66767
4149,Employee_4149,user_4149@example.com,6,114706
4150,Employee_4150,user_4150@example.com,8,98470
4151,Employee_4151,user_4151@example.com,1,37157
4152,Employee_4152,user_4152@example.com,10,76904
4153,Employee_4153,user_4153@example.com,19,60512
4154,Employee_4154,user_4154@example.com,11,94843
4155,Employee_4155,user_4155@example.com,20,32868
4156,Employee_4156,user_4156@example.com,7,105782
4157,Employee_4157,user_4157@example.com,6,66686
4158,Employee_4158,user_4158@example.com,16,81939
4159,Employee_4159,user_4159@example.com,6,112578
4160,Employee_4160,user_4160@example.com,6,115510
4161,Employee_4161,user_4161@example.com,18,71554
4162,Employee_4162,user_4162@example.com,3,78036
4163,Employee_4163,user_4163@example.com,3,47249
4164,Employee_4164,user_4164@example.com,8,78509
4165,Employee_4165,user_4165@example.com,5,42122
4166,Employee_4166,user_4166@example.com,15,43788
4167,Employee_4167,user_4167@example.com,19,70330
4168,Employee_4168,user_4168@example.com,19,96956
4169,Employee_4169,user_4169@example.com,2,112501
4170,Employee_4170,user_4170@example.com,7,98263
4171,Employee_4171,user_4171@example.com,15,109745
4172,Employee_4172,user_4172@example.com,11,105061
4173,Employee_4173,user_4173@example.com,14,109581
4174,Employee_4174,user_4174@example.com,10,116357
4175,Employee_4175,user_4175@example.com,8,53426
4176,Employee_4176,user_4176@example.com,15,86841
4177,Employee_4177,user_4177@example.com,7,44537
4178,Employee_4178,user_4178@example.com,16,95915
4179,Employee_4179,user_4179@example.com,14,86060
4180,Employee_4180,user_4180@example.com,12,82606
4181,Employee_4181,user_4181@example.com,6,85411
4182,Employee_4182,user_4182@example.com,20,84835
4183,Employee_4183,user_4183@example.com,14,65049
4184,Employee_4184,user_4184@example.com,19,104246
4185,Employee_4185,user_4185@example.com,11,89528
4186,Employee_4186,user_4186@example.com,12,112381
4187,Employee_4187,user_4187@example.com,2,37252
4188,Employee_4188,user_4188@example.com,13,109065
4189,Employee_4189,user_4189@example.com,13,87873
4190,Employee_4190,user_4190@example.com,5,37478
4191,Employee_4191,user_4191@example.com,10,113870
4192,Employee_4192,user_4192@example.com,19,107161
4193,Employee_4193,user_4193@example.com,12,47018
4194,Employee_4194,user_4194@example.com,8,41842
4195,Employee_4195,user_4195@example.com,12,65753
4196,Employee_4196,user_4196@example.com,1,66042
4197,Employee_4197,user_4197@example.com,13,82283
4198,Employee_4198,user_4198@example.com,6,38483
4199,Employee_4199,user_4199@example.com,15,30227
4200,Employee_4200,user_4200@example.com,8,59843
4201,Employee_4201,user_4201@example.com,6,106511
4202,Employee_4202,user_4202@example.com,8,79331
4203,Employee_4203,user_4203@example.com,11,62956
4204,Employee_4204,user_4204@example.com,5,104359
4205,Employee_4205,user_4205@example.com,8,62315
4206,Employee_4206,user_4206@example.com,4,78799
4207,Employee_4207,user_4207@example.com,14,71966
4208,Employee_4208,user_4208@example.com,17,109774
4209,Employee_4209,user_4209@example.com,20,91042
4210,Employee_4210,user_4210@example.com,2,43260
4211,Employee_4211,user_4211@example.com,4,119999
4212,Employee_4212,user_4212@example.com,5,93371
4213,Employee_4213,user_4213@example.com,17,78766
4214,Employee_4214,user_4214@example.com,5,105693
4215,Employee_4215,user_4215@example.com,8,43830
4216,Employee_4216,user_4216@example.com,2,33643
4217,Employee_4217,user_4217@example.com,4,69424
4218,Employee_4218,user_4218@example.com,3,71441
4219,Employee_4219,user_4219@example.com,18,72628
4220,Employee_4220,user_4220@example.com,4,68718
4221,Employee_4221,user_4221@example.com,19,83885
4222,Employee_4222,user_4222@example.com,14,41501
4223,Employee_4223,user_4223@example.com,9,89213
4224,Employee_4224,user_4224@example.com,9,45942
4225,Employee_4225,user_4225@example.com,15,76233
4226,Employee_4226,user_4226@example.com,2,38610
4227,Employee_4227,user_4227@example.com,14,62819
4228,Employee_4228,user_4228@example.com,13,72310
4229,Employee_4229,user_4229@example.com,18,36627
4230,Employee_4230,user_4230@example.com,18,66783
4231,Employee_4231,user_4231@example.com,6,107320
4232,Employee_4232,user_4232@example.com,2,103273
4233,Employee_4233,user_4233@example.com,1,39886
4234,Employee_4234,user_4234@example.com,6,44337
4235,Employee_4235,user_4235@example.com,1,83309
4236,Employee_4236,user_4236@example.com,1,118246
4237,Employee_4237,user_4237@example.com,17,30114
4238,Employee_4238,user_4238@example.com,19,68723
4239,Employee_4239,user_4239@example.com,19,60425
4240,Employee_4240,user_4240@example.com,17,94452
4241,Employee_4241,user_4241@example.com,17,100105
4242,Employee_4242,user_4242@example.com,16,50753
4243,Employee_4243,user_4243@example.com,7,37225
4244,Employee_4244,user_4244@example.com,7,79443
4245,Employee_4245,user_4245@example.com,14,60422
4246,Employee_4246,user_4246@example.com,11,73701
4247,Employee_4247,user_4247@example.com,5,45662
4248,Employee_4248,user_4248@example.com,18,103108
4249,Employee_4249,user_4249@example.com,2,77320
4250,Employee_4250,user_4250@example.com,17,91266
4251,Employee_4251,user_4251@example.com,15,111429
4252,Employee_4252,user_4252@example.com,16,117887
4253,Employee_4253,user_4253@example.com,1,109426
4254,Employee_4254,user_4254@example.com,17,79452
4255,Employee_4255,user_4255@example.com,4,93724
4256,Employee_4256,user_4256@example.com,7,100675
4257,Employee_4257,user_4257@example.com,20,51106
4258,Employee_4258,user_4258@example.com,8,118103
4259,Employee_4259,user_4259@example.com,19,114350
4260,Employee_4260,user_4260@example.com,11,79342
4261,Employee_4261,user_4261@example.com,6,103463
4262,Employee_4262,user_4262@example.com,18,58947
4263,Employee_4263,user_4263@example.com,12,76093
4264,Employee_4264,user_4264@example.com,8,92415
4265,Employee_4265,user_4265@example.com,15,64338
4266,Employee_4266,user_4266@example.com,9,94684
4267,Employee_4267,user_4267@example.com,20,59339
4268,Employee_4268,user_4268@example.com,1,113237
4269,Employee_4269,user_4269@example.com,20,78061
4270,Employee_4270,user_4270@example.com,4,92675
4271,Employee_4271,user_4271@example.com,18,77601
4272,Employee_4272,user_4272@example.com,4,85782
4273,Employee_4273,user_4273@example.com,13,53082
4274,Employee_4274,user_4274@example.com,16,94652
4275,Employee_4275,user_4275@example.com,17,112714
4276,Employee_4276,user_4276@example.com,12,48484
4277,Employee_4277,user_4277@example.com,9,95494
4278,Employee_4278,user_4278@example.com,4,105970
4279,Employee_4279,user_4279@example.com,12,56393
4280,Employee_4280,user_4280@example.com,10,102875
4281,Employee_4281,user_4281@example.com,12,96902
4282,Employee_4282,user_4282@example.com,10,91350
4283,Employee_4283,user_4283@example.com,2,112358
4284,Employee_4284,user_4284@example.com,8,41019
4285,Employee_4285,user_4285@example.com,11,39303
4286,Employee_4286,user_4286@example.com,16,63212
4287,Employee_4287,user_4287@example.com,9,86099
4288,Employee_4288,user_4288@example.com,8,40203
4289,Employee_4289,user_4289@example.com,11,71178
4290,Employee_4290,user_4290@example.com,7,110111
4291,Employee_4291,user_4291@example.com,1,64553
4292,Employee_4292,user_4292@example.com,15,88245
4293,Employee_4293,user_4293@example.com,20,74191
4294,Employee_4294,user_4294@example.com,2,62471
4295,Employee_4295,user_4295@example.com,10,93646
4296,Employee_4296,user_4296@example.com,10,69748
4297,Employee_4297,user_4297@example.com,3,100505
4298,Employee_4298,user_4298@example.com,7,106350
4299,Employee_4299,user_4299@example.com,12,118995
4300,Employee_4300,user_4300@example.com,7,66520
4301,Employee_4301,user_4301@example.com,3,52568
4302,Employee_4302,user_4302@example.com,19,110493
4303,Employee_4303,user_4303@example.com,8,66048
4304,Employee_4304,user_4304@example.com,8,114252
4305,Employee_4305,user_4305@example.com,18,52403
4306,Employee_4306,user_4306@example.com,11,74395
4307,Employee_4307,user_4307@example.com,19,57071
4308,Employee_4308,user_4308@example.com,11,66638
4309,Employee_4309,user_4309@example.com,19,31742
4310,Employee_4310,user_4310@example.com,9,111734
4311,Employee_4311,user_4311@example.com,5,34628
4312,Employee_4312,user_4312@example.com,10,114325
4313,Employee_4313,user_4313@example.com,16,111193
4314,Employee_4314,user_4314@example.com,19,32720
4315,Employee_4315,user_4315@example.com,17,51038
4316,Employee_4316,user_4316@example.com,6,97046
4317,Employee_4317,user_4317@example.com,8,47720
4318,Employee_4318,user_4318@example.com,13,52500
4319,Employee_4319,user_4319@example.com,12,108434
4320,Employee_4320,user_4320@example.com,10,91002
4321,Employee_4321,user_4321@example.com,15,57241
4322,Employee_4322,user_4322@example.com,11,70315
4323,Employee_4323,user_4323@example.com,19,47483
4324,Employee_4324,user_4324@example.com,1,100510
4325,Employee_4325,user_4325@example.com,9,76689
4326,Employee_4326,user_4326@example.com,7,53100
4327,Employee_4327,user_4327@example.com,9,59469
4328,Employee_4328,user_4328@example.com,10,72796
4329,Employee_4329,user_4329@example.com,11,39165
4330,Employee_4330,user_4330@example.com,18,91310
4331,Employee_4331,user_4331@example.com,15,103397
4332,Employee_4332,user_4332@example.com,14,38474
4333,Employee_4333,user_4333@example.com,5,31880
4334,Employee_4334,user_4334@example.com,7,92850
4335,Employee_4335,user_4335@example.com,6,80791
4336,Employee_4336,user_4336@example.com,16,76003
4337,Employee_4337,user_4337@example.com,9,63678
4338,Employee_4338,user_4338@example.com,19,56980
4339,Employee_4339,user_4339@example.com,12,96493
4340,Employee_4340,user_4340@example.com,8,85992
4341,Employee_4341,user_4341@example.com,1,43291
4342,Employee_4342,user_4342@example.com,3,88011
4343,Employee_4343,user_4343@example.com,11,88160
4344,Employee_4344,user_4344@example.com,16,102242
4345,Employee_4345,user_4345@example.com,7,111514
4346,Employee_4346,user_4346@example.com,1,78840
4347,Employee_4347,user_4347@example.com,16,58675
4348,Employee_4348,user_4348@example.com,4,110707
4349,Employee_4349,user_4349@example.com,19,39483
4350,Employee_4350,user_4350@example.com,9,74903
4351,Employee_4351,user_4351@example.com,11,104264
4352,Employee_4352,user_4352@example.com,8,89928
4353,Employee_4353,user_4353@example.com,17,38544
4354,Employee_4354,user_4354@example.com,19,40254
4355,Employee_4355,user_4355@example.com,6,59163
4356,Employee_4356,user_4356@example.com,1,62881
4357,Employee_4357,user_4357@example.com,6,102532
4358,Employee_4358,user_4358@example.com,15,113470
4359,Employee_4359,user_4359@example.com,10,108944
4360,Employee_4360,user_4360@example.com,17,101609
4361,Employee_4361,user_4361@example.com,10,39311
4362,Employee_4362,user_4362@example.com,11,109387
4363,Employee_4363,user_4363@example.com,19,85804
4364,Employee_4364,user_4364@example.com,11,39866
4365,Employee_4365,user_4365@example.com,5,111429
4366,Employee_4366,user_4366@example.com,9,101331
4367,Employee_4367,user_4367@example.com,10,111207
4368,Employee_4368,user_4368@example.com,19,49549
4369,Employee_4369,user_4369@example.com,18,72978
4370,Employee_4370,user_4370@example.com,13,40182
4371,Employee_4371,user_4371@example.com,10,57646
4372,Employee_4372,user_4372@example.com,17,35782
4373,Employee_4373,user_4373@example.com,12,33753
4374,Employee_4374,user_4374@example.com,18,39542
4375,Employee_4375,user_4375@example.com,6,38358
4376,Employee_4376,user_4376@example.com,12,46287
4377,Employee_4377,user_4377@example.com,15,75057
4378,Employee_4378,user_4378@example.com,17,40592
4379,Employee_4379,user_4379@example.com,3,119397
4380,Employee_4380,user_4380@example.com,18,104084
4381,Employee_4381,user_4381@example.com,2,107376
4382,Employee_4382,user_4382@example.com,9,98903
4383,Employee_4383,user_4383@example.com,7,93671
4384,Employee_4384,user_4384@example.com,6,105846
4385,Employee_4385,user_4385@example.com,7,103306
4386,Employee_4386,user_4386@example.com,16,106964
4387,Employee_4387,user_4387@example.com,14,33573
4388,Employee_4388,user_4388@example.com,18,70473
4389,Employee_4389,user_4389@example.com,15,69304
4390,Employee_4390,user_4390@example.com,12,100599
4391,Employee_4391,user_4391@example.com,17,110280
4392,Employee_4392,user_4392@example.com,20,52241
4393,Employee_4393,user_4393@example.com,10,96787
4394,Employee_4394,user_4394@example.com,16,69368
4395,Employee_4395,user_4395@example.com,5,73116
4396,Employee_4396,user_4396@example.com,11,116157
4397,Employee_4397,user_4397@example.com,1,70684
4398,Employee_4398,user_4398@example.com,9,44029
4399,Employee_4399,user_4399@example.com,18,33771
4400,Employee_4400,user_4400@example.com,20,57270
4401,Employee_4401,user_4401@example.com,2,112828
4402,Employee_4402,user_4402@example.com,15,81644
4403,Employee_4403,user_4403@example.com,3,104865
4404,Employee_4404,user_4404@example.com,11,63425
4405,Employee_4405,user_4405@example.com,11,35337
4406,Employee_4406,user_4406@example.com,16,37524
4407,Employee_4407,user_4407@example.com,16,71077
4408,Employee_4408,user_4408@example.com,11,62889
4409,Employee_4409,user_4409@example.com,18,96799
4410,Employee_4410,user_4410@example.com,14,91032
4411,Employee_4411,user_4411@example.com,2,54365
4412,Employee_4412,user_4412@example.com,4,113580
4413,Employee_4413,user_4413@example.com,2,83080
4414,Employee_4414,user_4414@example.com,10,66296
4415,Employee_4415,user_4415@example.com,14,43976
4416,Employee_4416,user_4416@example.com,16,30576
4417,Employee_4417,user_4417@example.com,14,85892
4418,Employee_4418,user_4418@example.com,14,45598
4419,Employee_4419,user_4419@example.com,10,114541
4420,Employee_4420,user_4420@example.com,20,107527
4421,Employee_4421,user_4421@example.com,13,44929
4422,Employee_4422,user_4422@example.com,3,34027
4423,Employee_4423,user_4423@example.com,2,108590
4424,Employee_4424,user_4424@example.com,7,96925
4425,Employee_4425,user_4425@example.com,13,84668
4426,Employee_4426,user_4426@example.com,11,89643
4427,Employee_4427,user_4427@example.com,17,79723
4428,Employee_4428,user_4428@example.com,14,113626
4429,Employee_4429,user_4429@example.com,5,35738
4430,Employee_4430,user_4430@example.com,2,47016
4431,Employee_4431,user_4431@example.com,17,90215
4432,Employee_4432,user_4432@example.com,10,33680
4433,Employee_4433,user_4433@example.com,16,93126
4434,Employee_4434,user_4434@example.com,1,60311
4435,Employee_4435,user_4435@example.com,4,97960
4436,Employee_4436,user_4436@example.com,5,100138
4437,Employee_4437,user_4437@example.com,8,93311
4438,Employee_4438,user_4438@example.com,14,80713
4439,Employee_4439,user_4439@example.com,10,38692
4440,Employee_4440,user_4440@example.com,20,73389
4441,Employee_4441,user_4441@example.com,19,41116
4442,Employee_4442,user_4442@example.com,16,32114
4443,Employee_4443,user_4443@example.com,5,97770
4444,Employee_4444,user_4444@example.com,1,119520
4445,Employee_4445,user_4445@example.com,13,57480
4446,Employee_4446,user_4446@example.com,9,112609
4447,Employee_4447,user_4447@example.com,1,63504
4448,Employee_4448,user_4448@example.com,4,35321
4449,Employee_4449,user_4449@example.com,5,106841
4450,Employee_4450,user_4450@example.com,8,76378
4451,Employee_4451,user_4451@example.com,13,119068
4452,Employee_4452,user_4452@example.com,1,67965
4453,Employee_4453,user_4453@example.com,10,57097
4454,Employee_4454,user_4454@example.com,4,40405
4455,Employee_4455,user_4455@example.com,5,84951
4456,Employee_4456,user_4456@example.com,7,57884
4457,Employee_4457,user_4457@example.com,15,56795
4458,Employee_4458,user_4458@example.com,15,44957
4459,Employee_4459,user_4459@example.com,3,87491
4460,Employee_4460,user_4460@example.com,2,66030
4461,Employee_4461,user_4461@example.com,4,56424
4462,Employee_4462,user_4462@example.com,8,83937
4463,Employee_4463,user_4463@example.com,8,31648
4464,Employee_4464,user_4464@example.com,11,81357
4465,Employee_4465,user_4465@example.com,12,82802
4466,Employee_4466,user_4466@example.com,16,92850
4467,Employee_4467,user_4467@example.com,17,104204
4468,Employee_4468,user_4468@example.com,16,33342
4469,Employee_4469,user_4469@example.com,7,52294
4470,Employee_4470,user_4470@example.com,2,32502
4471,Employee_4471,user_4471@example.com,3,62786
4472,Employee_4472,user_4472@example.com,1,90603
4473,Employee_4473,user_4473@example.com,11,115667
4474,Employee_4474,user_4474@example.com,12,72978
4475,Employee_4475,user_4475@example.com,15,42591
4476,Employee_4476,user_4476@example.com,6,63129
4477,Employee_4477,user_4477@example.com,5,104387
4478,Employee_4478,user_4478@example.com,5,101248
4479,Employee_4479,user_4479@example.com,10,114589
4480,Employee_4480,user_4480@example.com,5,68833
4481,Employee_4481,user_4481@example.com,1,36185
4482,Employee_4482,user_4482@example.com,12,55069
4483,Employee_4483,user_4483@example.com,8,38472
4484,Employee_4484,user_4484@example.com,3,79577
4485,Employee_4485,user_4485@example.com,16,62969
4486,Employee_4486,user_4486@example.com,19,48857
4487,Employee_4487,user_4487@example.com,4,34267
4488,Employee_4488,user_4488@example.com,10,107336
4489,Employee_4489,user_4489@example.com,5,113379
4490,Employee_4490,user_4490@example.com,10,77368
4491,Employee_4491,user_4491@example.com,20,50463
4492,Employee_4492,user_4492@example.com,12,37703
4493,Employee_4493,user_4493@example.com,19,72034
4494,Employee_4494,user_4494@example.com,18,49125
4495,Employee_4495,user_4495@example.com,3,57830
4496,Employee_4496,user_4496@example.com,2,44999
4497,Employee_4497,user_4497@example.com,13,69499
4498,Employee_4498,user_4498@example.com,7,49435
4499,Employee_4499,user_4499@example.com,13,35723
4500,Employee_4500,user_4500@example.com,11,70262
4501,Employee_4501,user_4501@example.com,5,71517
4502,Employee_4502,user_4502@example.com,4,77162
4503,Employee_4503,user_4503@example.com,5,30831
4504,Employee_4504,user_4504@example.com,5,37860
4505,Employee_4505,user_4505@example.com,9,76598
4506,Employee_4506,user_4506@example.com,14,35749
4507,Employee_4507,user_4507@example.com,19,97958
4508,Employee_4508,user_4508@example.com,6,104009
4509,Employee_4509,user_4509@example.com,17,64738
4510,Employee_4510,user_4510@example.com,19,48380
4511,Employee_4511,user_4511@example.com,4,53188
4512,Employee_4512,user_4512@example.com,7,50137
4513,Employee_4513,user_4513@example.com,12,82240
4514,Employee_4514,user_4514@example.com,5,106718
4515,Employee_4515,user_4515@example.com,16,51726
4516,Employee_4516,user_4516@example.com,11,89740
4517,Employee_4517,user_4517@example.com,4,58576
4518,Employee_4518,user_4518@example.com,16,90196
4519,Employee_4519,user_4519@example.com,10,59243
4520,Employee_4520,user_4520@example.com,10,62579
4521,Employee_4521,user_4521@example.com,13,51857
4522,Employee_4522,user_4522@example.com,11,105217
4523,Employee_4523,user_4523@example.com,16,101997
4524,Employee_4524,user_4524@example.com,2,36116
4525,Employee_4525,user_4525@example.com,9,113046
4526,Employee_4526,user_4526@example.com,12,67135
4527,Employee_4527,user_4527@example.com,4,88031
4528,Employee_4528,user_4528@example.com,11,33037
4529,Employee_4529,user_4529@example.com,20,54647
4530,Employee_4530,user_4530@example.com,5,116143
4531,Employee_4531,user_4531@example.com,17,83205
4532,Employee_4532,user_4532@example.com,12,42813
4533,Employee_4533,user_4533@example.com,16,91706
4534,Employee_4534,user_4534@example.com,20,65489
4535,Employee_4535,user_4535@example.com,11,72383
4536,Employee_4536,user_4536@example.com,12,51112
4537,Employee_4537,user_4537@example.com,18,62441
4538,Employee_4538,user_4538@example.com,8,43648
4539,Employee_4539,user_4539@example.com,6,62724
4540,Employee_4540,user_4540@example.com,5,92484
4541,Employee_4541,user_4541@example.com,4,96716
4542,Employee_4542,user_4542@example.com,20,38227
4543,Employee_4543,user_4543@example.com,17,79843
4544,Employee_4544,user_4544@example.com,4,51224
4545,Employee_4545,user_4545@example.com,2,61737
4546,Employee_4546,user_4546@example.com,18,43796
4547,Employee_4547,user_4547@example.com,8,75054
4548,Employee_4548,user_4548@example.com,2,47411
4549,Employee_4549,user_4549@example.com,6,79590
4550,Employee_4550,user_4550@example.com,14,52944
4551,Employee_4551,user_4551@example.com,4,40796
4552,Employee_4552,user_4552@example.com,18,74646
4553,Employee_4553,user_4553@example.com,13,70076
4554,Employee_4554,user_4554@example.com,19,45784
4555,Employee_4555,user_4555@example.com,8,96434
4556,Employee_4556,user_4556@example.com,7,99807
4557,Employee_4557,user_4557@example.com,6,86538
4558,Employee_4558,user_4558@example.com,3,99397
4559,Employee_4559,user_4559@example.com,4,39032
4560,Employee_4560,user_4560@example.com,9,48783
4561,Employee_4561,user_4561@example.com,11,44386
4562,Employee_4562,user_4562@example.com,15,92524
4563,Employee_4563,user_4563@example.com,8,97636
4564,Employee_4564,user_4564@example.com,10,56408
4565,Employee_4565,user_4565@example.com,5,56318
4566,Employee_4566,user_4566@example.com,20,100224
4567,Employee_4567,user_4567@example.com,18,61437
4568,Employee_4568,user_4568@example.com,19,50535
4569,Employee_4569,user_4569@example.com,17,88170
4570,Employee_4570,user_4570@example.com,16,101016
4571,Employee_4571,user_4571@example.com,10,62822
4572,Employee_4572,user_4572@example.com,18,76318
4573,Employee_4573,user_4573@example.com,14,98199
4574,Employee_4574,user_4574@example.com,12,74878
4575,Employee_4575,user_4575@example.com,12,108031
4576,Employee_4576,user_4576@example.com,15,63384
4577,Employee_4577,user_4577@example.com,11,40242
4578,Employee_4578,user_4578@example.com,19,51937
4579,Employee_4579,user_4579@example.com,4,106202
4580,Employee_4580,user_4580@example.com,7,45990
4581,Employee_4581,user_4581@example.com,11,86009
4582,Employee_4582,user_4582@example.com,3,117133
4583,Employee_4583,user_4583@example.com,12,46856
4584,Employee_4584,user_4584@example.com,13,39174
4585,Employee_4585,user_4585@example.com,10,54024
4586,Employee_4586,user_4586@example.com,14,101613
4587,Employee_4587,user_4587@example.com,9,42863
4588,Employee_4588,user_4588@example.com,14,72639
4589,Employee_4589,user_4589@example.com,8,50384
4590,Employee_4590,user_4590@example.com,17,94734
4591,Employee_4591,user_4591@example.com,11,104617
4592,Employee_4592,user_4592@example.com,14,32740
4593,Employee_4593,user_4593@example.com,17,112817
4594,Employee_4594,user_4594@example.com,16,90292
4595,Employee_4595,user_4595@example.com,7,32820
4596,Employee_4596,user_4596@example.com,16,80768
4597,Employee_4597,user_4597@example.com,15,104112
4598,Employee_4598,user_4598@example.com,12,117462
4599,Employee_4599,user_4599@example.com,12,46502
4600,Employee_4600,user_4600@example.com,20,93187
4601,Employee_4601,user_4601@example.com,4,52477
4602,Employee_4602,user_4602@example.com,20,82812
4603,Employee_4603,user_4603@example.com,9,63315
4604,Employee_4604,user_4604@example.com,9,116694
4605,Employee_4605,user_4605@example.com,19,54675
4606,Employee_4606,user_4606@example.com,5,86280
4607,Employee_4607,user_4607@example.com,13,39033
4608,Employee_4608,user_4608@example.com,6,112883
4609,Employee_4609,user_4609@example.com,3,91628
4610,Employee_4610,user_4610@example.com,14,90005
4611,Employee_4611,user_4611@example.com,2,49859
4612,Employee_4612,user_4612@example.com,10,108229
4613,Employee_4613,user_4613@example.com,18,40257
4614,Employee_4614,user_4614@example.com,15,40874
4615,Employee_4615,user_4615@example.com,13,70129
4616,Employee_4616,user_4616@example.com,3,63530
4617,Employee_4617,user_4617@example.com,10,72884
4618,Employee_4618,user_4618@example.com,13,43392
4619,Employee_4619,user_4619@example.com,7,50733
4620,Employee_4620,user_4620@example.com,17,36402
4621,Employee_4621,user_4621@example.com,15,44866
4622,Employee_4622,user_4622@example.com,13,37874
4623,Employee_4623,user_4623@example.com,6,35386
4624,Employee_4624,user_4624@example.com,9,116568
4625,Employee_4625,user_4625@example.com,2,56033
4626,Employee_4626,user_4626@example.com,19,88586
4627,Employee_4627,user_4627@example.com,17,95757
4628,Employee_4628,user_4628@example.com,8,62981
4629,Employee_4629,user_4629@example.com,11,31352
4630,Employee_4630,user_4630@example.com,17,34184
4631,Employee_4631,user_4631@example.com,14,51386
4632,Employee_4632,user_4632@example.com,17,107839
4633,Employee_4633,user_4633@example.com,13,73720
4634,Employee_4634,user_4634@example.com,8,110828
4635,Employee_4635,user_4635@example.com,13,39999
4636,Employee_4636,user_4636@example.com,2,44899
4637,Employee_4637,user_4637@example.com,19,98900
4638,Employee_4638,user_4638@example.com,10,40510
4639,Employee_4639,user_4639@example.com,10,78364
4640,Employee_4640,user_4640@example.com,15,48515
4641,Employee_4641,user_4641@example.com,13,54279
4642,Employee_4642,user_4642@example.com,7,105841
4643,Employee_4643,user_4643@example.com,9,47669
4644,Employee_4644,user_4644@example.com,16,93973
4645,Employee_4645,user_4645@example.com,15,109854
4646,Employee_4646,user_4646@example.com,9,37033
4647,Employee_4647,user_4647@example.com,20,71444
4648,Employee_4648,user_4648@example.com,13,70481
4649,Employee_4649,user_4649@example.com,9,67980
4650,Employee_4650,user_4650@example.com,1,99052
4651,Employee_4651,user_4651@example.com,11,58746
4652,Employee_4652,user_4652@example.com,11,52436
4653,Employee_4653,user_4653@example.com,19,107553
4654,Employee_4654,user_4654@example.com,8,47064
4655,Employee_4655,user_4655@example.com,16,86127
4656,Employee_4656,user_4656@example.com,8,33949
4657,Employee_4657,user_4657@example.com,11,38669
4658,Employee_4658,user_4658@example.com,12,82828
4659,Employee_4659,user_4659@example.com,2,93603
4660,Employee_4660,user_4660@example.com,6,75231
4661,Employee_4661,user_4661@example.com,19,74210
4662,Employee_4662,user_4662@example.com,5,105230
4663,Employee_4663,user_4663@example.com,6,113722
4664,Employee_4664,user_4664@example.com,5,50139
4665,Employee_4665,user_4665@example.com,16,42229
4666,Employee_4666,user_4666@example.com,4,64993
4667,Employee_4667,user_4667@example.com,7,70169
4668,Employee_4668,user_4668@example.com,14,114495
4669,Employee_4669,user_4669@example.com,19,73646
4670,Employee_4670,user_4670@example.com,2,34572
4671,Employee_4671,user_4671@example.com,11,70605
4672,Employee_4672,user_4672@example.com,17,95541
4673,Employee_4673,user_4673@example.com,13,39568
4674,Employee_4674,user_4674@example.com,19,69192
4675,Employee_4675,user_4675@example.com,10,78791
4676,Employee_4676,user_4676@example.com,9,56896
4677,Employee_4677,user_4677@example.com,9,85479
4678,Employee_4678,user_4678@example.com,3,38950
4679,Employee_4679,user_4679@example.com,16,62264
4680,Employee_4680,user_4680@example.com,7,41805
4681,Employee_4681,user_4681@example.com,15,111551
4682,Employee_4682,user_4682@example.com,14,63450
4683,Employee_4683,user_4683@example.com,16,37439
4684,Employee_4684,user_4684@example.com,18,52263
4685,Employee_4685,user_4685@example.com,19,48550
4686,Employee_4686,user_4686@example.com,19,59279
4687,Employee_4687,user_4687@example.com,7,119047
4688,Employee_4688,user_4688@example.com,11,47396
4689,Employee_4689,user_4689@example.com,13,41112
4690,Employee_4690,user_4690@example.com,11,90253
4691,Employee_4691,user_4691@example.com,18,30322
4692,Employee_4692,user_4692@example.com,20,67431
4693,Employee_4693,user_4693@example.com,16,64891
4694,Employee_4694,user_4694@example.com,16,92674
4695,Employee_4695,user_4695@example.com,2,66705
4696,Employee_4696,user_4696@example.com,13,117103
4697,Employee_4697,user_4697@example.com,4,104641
4698,Employee_4698,user_4698@example.com,11,99593
4699,Employee_4699,user_4699@example.com,16,69396
4700,Employee_4700,user_4700@example.com,8,65086
4701,Employee_4701,user_4701@example.com,6,105843
4702,Employee_4702,user_4702@example.com,1,40338
4703,Employee_4703,user_4703@example.com,4,68356
4704,Employee_4704,user_4704@example.com,1,66159
4705,Employee_4705,user_4705@example.com,5,42581
4706,Employee_4706,user_4706@example.com,9,64891
4707,Employee_4707,user_4707@example.com,20,47656
4708,Employee_4708,user_4708@example.com,9,100505
4709,Employee_4709,user_4709@example.com,12,34939
4710,Employee_4710,user_4710@example.com,18,117886
4711,Employee_4711,user_4711@example.com,6,47723
4712,Employee_4712,user_4712@example.com,2,31444
4713,Employee_4713,user_4713@example.com,14,90352
4714,Employee_4714,user_4714@example.com,20,62692
4715,Employee_4715,user_4715@example.com,1,50491
4716,Employee_4716,user_4716@example.com,15,64014
4717,Employee_4717,user_4717@example.com,4,90754
4718,Employee_4718,user_4718@example.com,8,76932
4719,Employee_4719,user_4719@example.com,2,62334
4720,Employee_4720,user_4720@example.com,18,39756
4721,Employee_4721,user_4721@example.com,12,54461
4722,Employee_4722,user_4722@example.com,8,74202
4723,Employee_4723,user_4723@example.com,7,86482
4724,Employee_4724,user_4724@example.com,18,97060
4725,Employee_4725,user_4725@example.com,17,119737
4726,Employee_4726,user_4726@example.com,15,49305
4727,Employee_4727,user_4727@example.com,9,89517
4728,Employee_4728,user_4728@example.com,20,38997
4729,Employee_4729,user_4729@example.com,17,112324
4730,Employee_4730,user_4730@example.com,1,73314
4731,Employee_4731,user_4731@example.com,1,35243
4732,Employee_4732,user_4732@example.com,7,44131
4733,Employee_4733,user_4733@example.com,4,53702
4734,Employee_4734,user_4734@example.com,4,64387
4735,Employee_4735,user_4735@example.com,14,46204
4736,Employee_4736,user_4736@example.com,4,107564
4737,Employee_4737,user_4737@example.com,4,76281
4738,Employee_4738,user_4738@example.com,6,49630
4739,Employee_4739,user_4739@example.com,1,113745
4740,Employee_4740,user_4740@example.com,8,88106
4741,Employee_4741,user_4741@example.com,16,38135
4742,Employee_4742,user_4742@example.com,9,47315
4743,Employee_4743,user_4743@example.com,15,77616
4744,Employee_4744,user_4744@example.com,2,76496
4745,Employee_4745,user_4745@example.com,11,41029
4746,Employee_4746,user_4746@example.com,3,57618
4747,Employee_4747,user_4747@example.com,15,73429
4748,Employee_4748,user_4748@example.com,12,54367
4749,Employee_4749,user_4749@example.com,18,95030
4750,Employee_4750,user_4750@example.com,1,47901
4751,Employee_4751,user_4751@example.com,10,97023
4752,Employee_4752,user_4752@example.com,5,39662
4753,Employee_4753,user_4753@example.com,20,30688
4754,Employee_4754,user_4754@example.com,17,113344
4755,Employee_4755,user_4755@example.com,7,64994
4756,Employee_4756,user_4756@example.com,2,95102
4757,Employee_4757,user_4757@example.com,18,102921
4758,Employee_4758,user_4758@example.com,4,109683
4759,Employee_4759,user_4759@example.com,18,87350
4760,Employee_4760,user_4760@example.com,19,73770
4761,Employee_4761,user_4761@example.com,3,79246
4762,Employee_4762,user_4762@example.com,6,53127
4763,Employee_4763,user_4763@example.com,13,104192
4764,Employee_4764,user_4764@example.com,16,31503
4765,Employee_4765,user_4765@example.com,10,46495
4766,Employee_4766,user_4766@example.com,10,102663
4767,Employee_4767,user_4767@example.com,5,68752
4768,Employee_4768,user_4768@example.com,12,32716
4769,Employee_4769,user_4769@example.com,14,46848
4770,Employee_4770,user_4770@example.com,10,104223
4771,Employee_4771,user_4771@example.com,13,102574
4772,Employee_4772,user_4772@example.com,11,78518
4773,Employee_4773,user_4773@example.com,19,44176
4774,Employee_4774,user_4774@example.com,11,50261
4775,Employee_4775,user_4775@example.com,20,86914
4776,Employee_4776,user_4776@example.com,4,62918
4777,Employee_4777,user_4777@example.com,20,83884
4778,Employee_4778,user_4778@example.com,18,53709
4779,Employee_4779,user_4779@example.com,19,60911
4780,Employee_4780,user_4780@example.com,18,43254
4781,Employee_4781,user_4781@example.com,1,45442
4782,Employee_4782,user_4782@example.com,13,56553
4783,Employee_4783,user_4783@example.com,15,30082
4784,Employee_4784,user_4784@example.com,8,53384
4785,Employee_4785,user_4785@example.com,16,98757
4786,Employee_4786,user_4786@example.com,8,93172
4787,Employee_4787,user_4787@example.com,5,91943
4788,Employee_4788,user_4788@example.com,7,112813
4789,Employee_4789,user_4789@example.com,2,59923
4790,Employee_4790,user_4790@example.com,15,42947
4791,Employee_4791,user_4791@example.com,2,45167
4792,Employee_4792,user_4792@example.com,16,107546
4793,Employee_4793,user_4793@example.com,11,104354
4794,Employee_4794,user_4794@example.com,4,41326
4795,Employee_4795,user_4795@example.com,14,98992
4796,Employee_4796,user_4796@example.com,19,61087
4797,Employee_4797,user_4797@example.com,16,97553
4798,Employee_4798,user_4798@example.com,18,113986
4799,Employee_4799,user_4799@example.com,20,115177
4800,Employee_4800,user_4800@example.com,8,54718
4801,Employee_4801,user_4801@example.com,19,105208
4802,Employee_4802,user_4802@example.com,10,47974
4803,Employee_4803,user_4803@example.com,1,39388
4804,Employee_4804,user_4804@example.com,7,97270
4805,Employee_4805,user_4805@example.com,19,118731
4806,Employee_4806,user_4806@example.com,9,33677
4807,Employee_4807,user_4807@example.com,8,85585
4808,Employee_4808,user_4808@example.com,1,99420
4809,Employee_4809,user_4809@example.com,7,74256
4810,Employee_4810,user_4810@example.com,8,116335
4811,Employee_4811,user_4811@example.com,12,88881
4812,Employee_4812,user_4812@example.com,3,92228
4813,Employee_4813,user_4813@example.com,19,58290
4814,Employee_4814,user_4814@example.com,10,40952
4815,Employee_4815,user_4815@example.com,4,89848
4816,Employee_4816,user_4816@example.com,3,43753
4817,Employee_4817,user_4817@example.com,20,107029
4818,Employee_4818,user_4818@example.com,9,101032
4819,Employee_4819,user_4819@example.com,19,105187
4820,Employee_4820,user_4820@example.com,3,117610
4821,Employee_4821,user_4821@example.com,20,49787
4822,Employee_4822,user_4822@example.com,3,44552
4823,Employee_4823,user_4823@example.com,20,43565
4824,Employee_4824,user_4824@example.com,1,102930
4825,Employee_4825,user_4825@example.com,20,60906
4826,Employee_4826,user_4826@example.com,9,83822
4827,Employee_4827,user_4827@example.com,7,33232
4828,Employee_4828,user_4828@example.com,20,111608
4829,Employee_4829,user_4829@example.com,20,106585
4830,Employee_4830,user_4830@example.com,13,53473
4831,Employee_4831,user_4831@example.com,17,84265
4832,Employee_4832,user_4832@example.com,6,56838
4833,Employee_4833,user_4833@example.com,4,71963
4834,Employee_4834,user_4834@example.com,17,92546
4835,Employee_4835,user_4835@example.com,18,75836
4836,Employee_4836,user_4836@example.com,9,74312
4837,Employee_4837,user_4837@example.com,10,80639
4838,Employee_4838,user_4838@example.com,13,81166
4839,Employee_4839,user_4839@example.com,17,100444
4840,Employee_4840,user_4840@example.com,9,117900
4841,Employee_4841,user_4841@example.com,6,44082
4842,Employee_4842,user_4842@example.com,10,98082
4843,Employee_4843,user_4843@example.com,8,71931
4844,Employee_4844,user_4844@example.com,20,97973
4845,Employee_4845,user_4845@example.com,3,76383
4846,Employee_4846,user_4846@example.com,4,41717
4847,Employee_4847,user_4847@example.com,12,96306
4848,Employee_4848,user_4848@example.com,6,119049
4849,Employee_4849,user_4849@example.com,19,64630
4850,Employee_4850,user_4850@example.com,9,95900
4851,Employee_4851,user_4851@example.com,11,75243
4852,Employee_4852,user_4852@example.com,4,53815
4853,Employee_4853,user_4853@example.com,18,44217
4854,Employee_4854,user_4854@example.com,6,41199
4855,Employee_4855,user_4855@example.com,16,43101
4856,Employee_4856,user_4856@example.com,1,41123
4857,Employee_4857,user_4857@example.com,11,39783
4858,Employee_4858,user_4858@example.com,8,89258
4859,Employee_4859,user_4859@example.com,17,115064
4860,Employee_4860,user_4860@example.com,6,115817
4861,Employee_4861,user_4861@example.com,8,43236
4862,Employee_4862,user_4862@example.com,2,92698
4863,Employee_4863,user_4863@example.com,16,53117
4864,Employee_4864,user_4864@example.com,12,47358
4865,Employee_4865,user_4865@example.com,17,114254
4866,Employee_4866,user_4866@example.com,9,53985
4867,Employee_4867,user_4867@example.com,5,110548
4868,Employee_4868,user_4868@example.com,5,43675
4869,Employee_4869,user_4869@example.com,3,92594
4870,Employee_4870,user_4870@example.com,19,75290
4871,Employee_4871,user_4871@example.com,9,65019
4872,Employee_4872,user_4872@example.com,10,87649
4873,Employee_4873,user_4873@example.com,3,34839
4874,Employee_4874,user_4874@example.com,15,90123
4875,Employee_4875,user_4875@example.com,14,71944
4876,Employee_4876,user_4876@example.com,17,97618
4877,Employee_4877,user_4877@example.com,11,65207
4878,Employee_4878,user_4878@example.com,11,78910
4879,Employee_4879,user_4879@example.com,8,45214
4880,Employee_4880,user_4880@example.com,16,37533
4881,Employee_4881,user_4881@example.com,10,104940
4882,Employee_4882,user_4882@example.com,10,65103
4883,Employee_4883,user_4883@example.com,11,75703
4884,Employee_4884,user_4884@example.com,14,48199
4885,Employee_4885,user_4885@example.com,17,111968
4886,Employee_4886,user_4886@example.com,3,46529
4887,Employee_4887,user_4887@example.com,4,95590
4888,Employee_4888,user_4888@example.com,11,84060
4889,Employee_4889,user_4889@example.com,18,60225
4890,Employee_4890,user_4890@example.com,9,103182
4891,Employee_4891,user_4891@example.com,12,91620
4892,Employee_4892,user_4892@example.com,11,84003
4893,Employee_4893,user_4893@example.com,15,101465
4894,Employee_4894,user_4894@example.com,16,114635
4895,Employee_4895,user_4895@example.com,16,37420
4896,Employee_4896,user_4896@example.com,20,57346
4897,Employee_4897,user_4897@example.com,6,34378
4898,Employee_4898,user_4898@example.com,3,50607
4899,Employee_4899,user_4899@example.com,5,40732
4900,Employee_4900,user_4900@example.com,16,59526
4901,Employee_4901,user_4901@example.com,12,100153
4902,Employee_4902,user_4902@example.com,20,33390
4903,Employee_4903,user_4903@example.com,16,64907
4904,Employee_4904,user_4904@example.com,16,40826
4905,Employee_4905,user_4905@example.com,20,68366
4906,Employee_4906,user_4906@example.com,6,51040
4907,Employee_4907,user_4907@example.com,7,105543
4908,Employee_4908,user_4908@example.com,2,72988
4909,Employee_4909,user_4909@example.com,2,101220
4910,Employee_4910,user_4910@example.com,12,82922
4911,Employee_4911,user_4911@example.com,2,114706
4912,Employee_4912,user_4912@example.com,2,114818
4913,Employee_4913,user_4913@example.com,14,119916
4914,Employee_4914,user_4914@example.com,9,100983
4915,Employee_4915,user_4915@example.com,10,54025
4916,Employee_4916,user_4916@example.com,11,46312
4917,Employee_4917,user_4917@example.com,12,41008
4918,Employee_4918,user_4918@example.com,12,102108
4919,Employee_4919,user_4919@example.com,19,58346
4920,Employee_4920,user_4920@example.com,6,83090
4921,Employee_4921,user_4921@example.com,13,49772
4922,Employee_4922,user_4922@example.com,8,45506
4923,Employee_4923,user_4923@example.com,1,55625
4924,Employee_4924,user_4924@example.com,13,60638
4925,Employee_4925,user_4925@example.com,20,33119
4926,Employee_4926,user_4926@example.com,18,43501
4927,Employee_4927,user_4927@example.com,14,49523
4928,Employee_4928,user_4928@example.com,14,111168
4929,Employee_4929,user_4929@example.com,18,63997
4930,Employee_4930,user_4930@example.com,10,55441
4931,Employee_4931,user_4931@example.com,10,48682
4932,Employee_4932,user_4932@example.com,10,90886
4933,Employee_4933,user_4933@example.com,6,107453
4934,Employee_4934,user_4934@example.com,13,85431
4935,Employee_4935,user_4935@example.com,5,30941
4936,Employee_4936,user_4936@example.com,13,91518
4937,Employee_4937,user_4937@example.com,15,58189
4938,Employee_4938,user_4938@example.com,14,92609
4939,Employee_4939,user_4939@example.com,8,104772
4940,Employee_4940,user_4940@example.com,8,113511
4941,Employee_4941,user_4941@example.com,6,113177
4942,Employee_4942,user_4942@example.com,3,119452
4943,Employee_4943,user_4943@example.com,12,94273
4944,Employee_4944,user_4944@example.com,8,47204
4945,Employee_4945,user_4945@example.com,2,117491
4946,Employee_4946,user_4946@example.com,18,116246
4947,Employee_4947,user_4947@example.com,14,61349
4948,Employee_4948,user_4948@example.com,4,109024
4949,Employee_4949,user_4949@example.com,3,48492
4950,Employee_4950,user_4950@example.com,2,85712
4951,Employee_4951,user_4951@example.com,12,97711
4952,Employee_4952,user_4952@example.com,20,100241
4953,Employee_4953,user_4953@example.com,6,99871
4954,Employee_4954,user_4954@example.com,14,98299
4955,Employee_4955,user_4955@example.com,14,99390
4956,Employee_4956,user_4956@example.com,4,118107
4957,Employee_4957,user_4957@example.com,14,71133
4958,Employee_4958,user_4958@example.com,3,78345
4959,Employee_4959,user_4959@example.com,12,93841
4960,Employee_4960,user_4960@example.com,20,48218
4961,Employee_4961,user_4961@example.com,4,39395
4962,Employee_4962,user_4962@example.com,8,102108
4963,Employee_4963,user_4963@example.com,12,61035
4964,Employee_4964,user_4964@example.com,12,57170
4965,Employee_4965,user_4965@example.com,2,87517
4966,Employee_4966,user_4966@example.com,6,114646
4967,Employee_4967,user_4967@example.com,19,110836
4968,Employee_4968,user_4968@example.com,18,100236
4969,Employee_4969,user_4969@example.com,5,53147
4970,Employee_4970,user_4970@example.com,9,112545
4971,Employee_4971,user_4971@example.com,2,58775
4972,Employee_4972,user_4972@example.com,20,41679
4973,Employee_4973,user_4973@example.com,11,43119
4974,Employee_4974,user_4974@example.com,10,58829
4975,Employee_4975,user_4975@example.com,5,86074
4976,Employee_4976,user_4976@example.com,20,87370
4977,Employee_4977,user_4977@example.com,13,79570
4978,Employee_4978,user_4978@example.com,20,42203
4979,Employee_4979,user_4979@example.com,17,56545
4980,Employee_4980,user_4980@example.com,7,105825
4981,Employee_4981,user_4981@example.com,3,72392
4982,Employee_4982,user_4982@example.com,18,63288
4983,Employee_4983,user_4983@example.com,6,89795
4984,Employee_4984,user_4984@example.com,11,111204
4985,Employee_4985,user_4985@example.com,17,44992
4986,Employee_4986,user_4986@example.com,10,30080
4987,Employee_4987,user_4987@example.com,7,74364
4988,Employee_4988,user_4988@example.com,18,45455
4989,Employee_4989,user_4989@example.com,1,107405
4990,Employee_4990,user_4990@example.com,1,98390
4991,Employee_4991,user_4991@example.com,18,108763
4992,Employee_4992,user_4992@example.com,10,57673
4993,Employee_4993,user_4993@example.com,1,86176
4994,Employee_4994,user_4994@example.com,12,101187
4995,Employee_4995,user_4995@example.com,14,51341
4996,Employee_4996,user_4996@example.com,14,84873
4997,Employee_4997,user_4997@example.com,15,54926
4998,Employee_4998,user_4998@example.com,19,51083
4999,Employee_4999,user_4999@example.com,4,56906
5000,Employee_5000,user_5000@example.com,6,95656
5001,Employee_5001,user_5001@example.com,11,46174
5002,Employee_5002,user_5002@example.com,10,68835
5003,Employee_5003,user_5003@example.com,16,43567
5004,Employee_5004,user_5004@example.com,19,112650
5005,Employee_5005,user_5005@example.com,2,32021
5006,Employee_5006,user_5006@example.com,7,106466
5007,Employee_5007,user_5007@example.com,7,67565
5008,Employee_5008,user_5008@example.com,1,98832
5009,Employee_5009,user_5009@example.com,6,116046
5010,Employee_5010,user_5010@example.com,16,101056
5011,Employee_5011,user_5011@example.com,7,109903
5012,Employee_5012,user_5012@example.com,4,59590
5013,Employee_5013,user_5013@example.com,5,35912
5014,Employee_5014,user_5014@example.com,14,111640
5015,Employee_5015,user_5015@example.com,9,102909
5016,Employee_5016,user_5016@example.com,19,107839
5017,Employee_5017,user_5017@example.com,1,71361
5018,Employee_5018,user_5018@example.com,12,31606
5019,Employee_5019,user_5019@example.com,6,108003
5020,Employee_5020,user_5020@example.com,7,37746
5021,Employee_5021,user_5021@example.com,11,86942
5022,Employee_5022,user_5022@example.com,13,77495
5023,Employee_5023,user_5023@example.com,19,58885
5024,Employee_5024,user_5024@example.com,3,57244
5025,Employee_5025,user_5025@example.com,3,40545
5026,Employee_5026,user_5026@example.com,13,53642
5027,Employee_5027,user_5027@example.com,7,61902
5028,Employee_5028,user_5028@example.com,6,73738
5029,Employee_5029,user_5029@example.com,17,106494
5030,Employee_5030,user_5030@example.com,3,113021
5031,Employee_5031,user_5031@example.com,6,89936
5032,Employee_5032,user_5032@example.com,4,91577
5033,Employee_5033,user_5033@example.com,11,101921
5034,Employee_5034,user_5034@example.com,12,90199
5035,Employee_5035,user_5035@example.com,15,102124
5036,Employee_5036,user_5036@example.com,5,80676
5037,Employee_5037,user_5037@example.com,13,53528
5038,Employee_5038,user_5038@example.com,13,78048
5039,Employee_5039,user_5039@example.com,13,117345
5040,Employee_5040,user_5040@example.com,4,59831
5041,Employee_5041,user_5041@example.com,2,118558
5042,Employee_5042,user_5042@example.com,3,77628
5043,Employee_5043,user_5043@example.com,6,90884
5044,Employee_5044,user_5044@example.com,7,111441
5045,Employee_5045,user_5045@example.com,19,79246
5046,Employee_5046,user_5046@example.com,12,44252
5047,Employee_5047,user_5047@example.com,5,116226
5048,Employee_5048,user_5048@example.com,3,35765
5049,Employee_5049,user_5049@example.com,10,79509
5050,Employee_5050,user_5050@example.com,1,31372
5051,Employee_5051,user_5051@example.com,12,45988
5052,Employee_5052,user_5052@example.com,14,116311
5053,Employee_5053,user_5053@example.com,19,97482
5054,Employee_5054,user_5054@example.com,13,85438
5055,Employee_5055,user_5055@example.com,11,35540
5056,Employee_5056,user_5056@example.com,3,38399
5057,Employee_5057,user_5057@example.com,20,91676
5058,Employee_5058,user_5058@example.com,13,115299
5059,Employee_5059,user_5059@example.com,12,84371
5060,Employee_5060,user_5060@example.com,18,74073
5061,Employee_5061,user_5061@example.com,6,58859
5062,Employee_5062,user_5062@example.com,6,32959
5063,Employee_5063,user_5063@example.com,7,51480
5064,Employee_5064,user_5064@example.com,15,69098
5065,Employee_5065,user_5065@example.com,11,52142
5066,Employee_5066,user_5066@example.com,14,86988
5067,Employee_5067,user_5067@example.com,1,44995
5068,Employee_5068,user_5068@example.com,9,83019
5069,Employee_5069,user_5069@example.com,6,101541
5070,Employee_5070,user_5070@example.com,1,35200
5071,Employee_5071,user_5071@example.com,13,74584
5072,Employee_5072,user_5072@example.com,12,54107
5073,Employee_5073,user_5073@example.com,9,82570
5074,Employee_5074,user_5074@example.com,1,55000
5075,Employee_5075,user_5075@example.com,4,86013
5076,Employee_5076,user_5076@example.com,2,105599
5077,Employee_5077,user_5077@example.com,13,95129
5078,Employee_5078,user_5078@example.com,19,94414
5079,Employee_5079,user_5079@example.com,12,106416
5080,Employee_5080,user_5080@example.com,1,39285
5081,Employee_5081,user_5081@example.com,10,118420
5082,Employee_5082,user_5082@example.com,6,83927
5083,Employee_5083,user_5083@example.com,2,51697
5084,Employee_5084,user_5084@example.com,15,81055
5085,Employee_5085,user_5085@example.com,8,97330
5086,Employee_5086,user_5086@example.com,2,104032
5087,Employee_5087,user_5087@example.com,14,97100
5088,Employee_5088,user_5088@example.com,3,52503
5089,Employee_5089,user_5089@example.com,19,115251
5090,Employee_5090,user_5090@example.com,6,67330
5091,Employee_5091,user_5091@example.com,10,72971
5092,Employee_5092,user_5092@example.com,3,108234
5093,Employee_5093,user_5093@example.com,20,38386
5094,Employee_5094,user_5094@example.com,17,61168
5095,Employee_5095,user_5095@example.com,5,30051
5096,Employee_5096,user_5096@example.com,1,100721
5097,Employee_5097,user_5097@example.com,13,93826
5098,Employee_5098,user_5098@example.com,4,98316
5099,Employee_5099,user_5099@example.com,16,83037
5100,Employee_5100,user_5100@example.com,9,61547
5101,Employee_5101,user_5101@example.com,19,99726
5102,Employee_5102,user_5102@example.com,17,42121
5103,Employee_5103,user_5103@example.com,9,45845
5104,Employee_5104,user_5104@example.com,17,86166
5105,Employee_5105,user_5105@example.com,8,49648
5106,Employee_5106,user_5106@example.com,2,83948
5107,Employee_5107,user_5107@example.com,1,49621
5108,Employee_5108,user_5108@example.com,17,37316
5109,Employee_5109,user_5109@example.com,17,94406
5110,Employee_5110,user_5110@example.com,7,55405
5111,Employee_5111,user_5111@example.com,19,62772
5112,Employee_5112,user_5112@example.com,6,118780
5113,Employee_5113,user_5113@example.com,16,35917
5114,Employee_5114,user_5114@example.com,20,87976
5115,Employee_5115,user_5115@example.com,3,93166
5116,Employee_5116,user_5116@example.com,12,112399
5117,Employee_5117,user_5117@example.com,19,49673
5118,Employee_5118,user_5118@example.com,15,95031
5119,Employee_5119,user_5119@example.com,2,91541
5120,Employee_5120,user_5120@example.com,14,36349
5121,Employee_5121,user_5121@example.com,20,118017
5122,Employee_5122,user_5122@example.com,9,66461
5123,Employee_5123,user_5123@example.com,13,101673
5124,Employee_5124,user_5124@example.com,8,32108
5125,Employee_5125,user_5125@example.com,19,52532
5126,Employee_5126,user_5126@example.com,20,98234
5127,Employee_5127,user_5127@example.com,6,117134
5128,Employee_5128,user_5128@example.com,13,92447
5129,Employee_5129,user_5129@example.com,2,95531
5130,Employee_5130,user_5130@example.com,7,118343
5131,Employee_5131,user_5131@example.com,13,70539
5132,Employee_5132,user_5132@example.com,2,92036
5133,Employee_5133,user_5133@example.com,8,85513
5134,Employee_5134,user_5134@example.com,13,41898
5135,Employee_5135,user_5135@example.com,6,84418
5136,Employee_5136,user_5136@example.com,10,40018
5137,Employee_5137,user_5137@example.com,20,63505
5138,Employee_5138,user_5138@example.com,8,98380
5139,Employee_5139,user_5139@example.com,16,88280
5140,Employee_5140,user_5140@example.com,11,38903
5141,Employee_5141,user_5141@example.com,13,107012
5142,Employee_5142,user_5142@example.com,7,68301
5143,Employee_5143,user_5143@example.com,14,78913
5144,Employee_5144,user_5144@example.com,9,80002
5145,Employee_5145,user_5145@example.com,1,65070
5146,Employee_5146,user_5146@example.com,10,100127
5147,Employee_5147,user_5147@example.com,16,94548
5148,Employee_5148,user_5148@example.com,16,39645
5149,Employee_5149,user_5149@example.com,4,55307
5150,Employee_5150,user_5150@example.com,5,69893
5151,Employee_5151,user_5151@example.com,18,46702
5152,Employee_5152,user_5152@example.com,14,110099
5153,Employee_5153,user_5153@example.com,8,41469
5154,Employee_5154,user_5154@example.com,1,101384
5155,Employee_5155,user_5155@example.com,4,34204
5156,Employee_5156,user_5156@example.com,16,80188
5157,Employee_5157,user_5157@example.com,15,79822
5158,Employee_5158,user_5158@example.com,10,95748
5159,Employee_5159,user_5159@example.com,2,105425
5160,Employee_5160,user_5160@example.com,16,119181
5161,Employee_5161,user_5161@example.com,9,110717
5162,Employee_5162,user_5162@example.com,16,88167
5163,Employee_5163,user_5163@example.com,4,93252
5164,Employee_5164,user_5164@example.com,8,110664
5165,Employee_5165,user_5165@example.com,7,48834
5166,Employee_5166,user_5166@example.com,17,114232
5167,Employee_5167,user_5167@example.com,10,75988
5168,Employee_5168,user_5168@example.com,18,88890
5169,Employee_5169,user_5169@example.com,18,114118
5170,Employee_5170,user_5170@example.com,1,81962
5171,Employee_5171,user_5171@example.com,4,51801
5172,Employee_5172,user_5172@example.com,16,33737
5173,Employee_5173,user_5173@example.com,3,32125
5174,Employee_5174,user_5174@example.com,3,36492
5175,Employee_5175,user_5175@example.com,5,79408
5176,Employee_5176,user_5176@example.com,7,108759
5177,Employee_5177,user_5177@example.com,3,95217
5178,Employee_5178,user_5178@example.com,11,33908
5179,Employee_5179,user_5179@example.com,19,46000
5180,Employee_5180,user_5180@example.com,10,56413
5181,Employee_5181,user_5181@example.com,6,83495
5182,Employee_5182,user_5182@example.com,9,119417
5183,Employee_5183,user_5183@example.com,9,82627
5184,Employee_5184,user_5184@example.com,18,114325
5185,Employee_5185,user_5185@example.com,17,46169
5186,Employee_5186,user_5186@example.com,8,87075
5187,Employee_5187,user_5187@example.com,20,109219
5188,Employee_5188,user_5188@example.com,20,87832
5189,Employee_5189,user_5189@example.com,5,71428
5190,Employee_5190,user_5190@example.com,10,33795
5191,Employee_5191,user_5191@example.com,3,47023
5192,Employee_5192,user_5192@example.com,11,87980
5193,Employee_5193,user_5193@example.com,3,51228
5194,Employee_5194,user_5194@example.com,18,73813
5195,Employee_5195,user_5195@example.com,2,57017
5196,Employee_5196,user_5196@example.com,18,58732
5197,Employee_5197,user_5197@example.com,16,84994
5198,Employee_5198,user_5198@example.com,1,90721
5199,Employee_5199,user_5199@example.com,6,109775
5200,Employee_5200,user_5200@example.com,2,95956
5201,Employee_5201,user_5201@example.com,10,31646
5202,Employee_5202,user_5202@example.com,7,76131
5203,Employee_5203,user_5203@example.com,3,62910
5204,Employee_5204,user_5204@example.com,10,92505
5205,Employee_5205,user_5205@example.com,13,59051
5206,Employee_5206,user_5206@example.com,1,51185
5207,Employee_5207,user_5207@example.com,18,50160
5208,Employee_5208,user_5208@example.com,9,35884
5209,Employee_5209,user_5209@example.com,9,108131
5210,Employee_5210,user_5210@example.com,10,88752
5211,Employee_5211,user_5211@example.com,5,55292
5212,Employee_5212,user_5212@example.com,11,39078
5213,Employee_5213,user_5213@example.com,4,70754
5214,Employee_5214,user_5214@example.com,10,42923
5215,Employee_5215,user_5215@example.com,3,75585
5216,Employee_5216,user_5216@example.com,5,75490
5217,Employee_5217,user_5217@example.com,1,91867
5218,Employee_5218,user_5218@example.com,2,85852
5219,Employee_5219,user_5219@example.com,10,95913
5220,Employee_5220,user_5220@example.com,16,84922
5221,Employee_5221,user_5221@example.com,4,104764
5222,Employee_5222,user_5222@example.com,4,63929
5223,Employee_5223,user_5223@example.com,8,57179
5224,Employee_5224,user_5224@example.com,19,54691
5225,Employee_5225,user_5225@example.com,12,112289
5226,Employee_5226,user_5226@example.com,14,63303
5227,Employee_5227,user_5227@example.com,8,62100
5228,Employee_5228,user_5228@example.com,6,57758
5229,Employee_5229,user_5229@example.com,17,46401
5230,Employee_5230,user_5230@example.com,15,44581
5231,Employee_5231,user_5231@example.com,12,94019
5232,Employee_5232,user_5232@example.com,8,98777
5233,Employee_5233,user_5233@example.com,1,32015
5234,Employee_5234,user_5234@example.com,18,94166
5235,Employee_5235,user_5235@example.com,4,94370
5236,Employee_5236,user_5236@example.com,1,48948
5237,Employee_5237,user_5237@example.com,1,33749
5238,Employee_5238,user_5238@example.com,14,41008
5239,Employee_5239,user_5239@example.com,11,93042
5240,Employee_5240,user_5240@example.com,5,85977
5241,Employee_5241,user_5241@example.com,8,44534
5242,Employee_5242,user_5242@example.com,12,96769
5243,Employee_5243,user_5243@example.com,1,53215
5244,Employee_5244,user_5244@example.com,6,52941
5245,Employee_5245,user_5245@example.com,18,38336
5246,Employee_5246,user_5246@example.com,6,66199
5247,Employee_5247,user_5247@example.com,13,41202
5248,Employee_5248,user_5248@example.com,1,66715
5249,Employee_5249,user_5249@example.com,10,105977
5250,Employee_5250,user_5250@example.com,15,82295
5251,Employee_5251,user_5251@example.com,19,33770
5252,Employee_5252,user_5252@example.com,10,32988
5253,Employee_5253,user_5253@example.com,19,94747
5254,Employee_5254,user_5254@example.com,7,32746
5255,Employee_5255,user_5255@example.com,15,106271
5256,Employee_5256,user_5256@example.com,5,90467
5257,Employee_5257,user_5257@example.com,16,119750
5258,Employee_5258,user_5258@example.com,15,99446
5259,Employee_5259,user_5259@example.com,13,110927
5260,Employee_5260,user_5260@example.com,11,102162
5261,Employee_5261,user_5261@example.com,13,52710
5262,Employee_5262,user_5262@example.com,11,62058
5263,Employee_5263,user_5263@example.com,15,69763
5264,Employee_5264,user_5264@example.com,15,67800
5265,Employee_5265,user_5265@example.com,2,102305
5266,Employee_5266,user_5266@example.com,9,35862
5267,Employee_5267,user_5267@example.com,8,83884
5268,Employee_5268,user_5268@example.com,15,50510
5269,Employee_5269,user_5269@example.com,9,41555
5270,Employee_5270,user_5270@example.com,16,37433
5271,Employee_5271,user_5271@example.com,2,87713
5272,Employee_5272,user_5272@example.com,9,51348
5273,Employee_5273,user_5273@example.com,10,34122
5274,Employee_5274,user_5274@example.com,5,103863
5275,Employee_5275,user_5275@example.com,20,85485
5276,Employee_5276,user_5276@example.com,10,49904
5277,Employee_5277,user_5277@example.com,17,109385
5278,Employee_5278,user_5278@example.com,1,68546
5279,Employee_5279,user_5279@example.com,19,38718
5280,Employee_5280,user_5280@example.com,12,67742
5281,Employee_5281,user_5281@example.com,15,55856
5282,Employee_5282,user_5282@example.com,6,39468
5283,Employee_5283,user_5283@example.com,12,42920
5284,Employee_5284,user_5284@example.com,13,72859
5285,Employee_5285,user_5285@example.com,13,116912
5286,Employee_5286,user_5286@example.com,18,112674
5287,Employee_5287,user_5287@example.com,11,118258
5288,Employee_5288,user_5288@example.com,19,58878
5289,Employee_5289,user_5289@example.com,13,45227
5290,Employee_5290,user_5290@example.com,10,115214
5291,Employee_5291,user_5291@example.com,13,86398
5292,Employee_5292,user_5292@example.com,9,94408
5293,Employee_5293,user_5293@example.com,17,50032
5294,Employee_5294,user_5294@example.com,11,32808
5295,Employee_5295,user_5295@example.com,8,46248
5296,Employee_5296,user_5296@example.com,20,77675
5297,Employee_5297,user_5297@example.com,2,114740
5298,Employee_5298,user_5298@example.com,13,58931
5299,Employee_5299,user_5299@example.com,20,102132
5300,Employee_5300,user_5300@example.com,16,56795
5301,Employee_5301,user_5301@example.com,20,116859
5302,Employee_5302,user_5302@example.com,4,79048
5303,Employee_5303,user_5303@example.com,20,96851
5304,Employee_5304,user_5304@example.com,20,78338
5305,Employee_5305,user_5305@example.com,3,64762
5306,Employee_5306,user_5306@example.com,10,101103
5307,Employee_5307,user_5307@example.com,14,59951
5308,Employee_5308,user_5308@example.com,11,84818
5309,Employee_5309,user_5309@example.com,9,110063
5310,Employee_5310,user_5310@example.com,11,70485
5311,Employee_5311,user_5311@example.com,10,89978
5312,Employee_5312,user_5312@example.com,18,55187
5313,Employee_5313,user_5313@example.com,2,79984
5314,Employee_5314,user_5314@example.com,19,76552
5315,Employee_5315,user_5315@example.com,1,85603
5316,Employee_5316,user_5316@example.com,9,78764
5317,Employee_5317,user_5317@example.com,13,47203
5318,Employee_5318,user_5318@example.com,3,36075
5319,Employee_5319,user_5319@example.com,5,114682
5320,Employee_5320,user_5320@example.com,3,62667
5321,Employee_5321,user_5321@example.com,2,115119
5322,Employee_5322,user_5322@example.com,11,106208
5323,Employee_5323,user_5323@example.com,4,118590
5324,Employee_5324,user_5324@example.com,2,78513
5325,Employee_5325,user_5325@example.com,15,92680
5326,Employee_5326,user_5326@example.com,16,85875
5327,Employee_5327,user_5327@example.com,7,81139
5328,Employee_5328,user_5328@example.com,11,108162
5329,Employee_5329,user_5329@example.com,20,34747
5330,Employee_5330,user_5330@example.com,16,51325
5331,Employee_5331,user_5331@example.com,10,110462
5332,Employee_5332,user_5332@example.com,7,88328
5333,Employee_5333,user_5333@example.com,9,95826
5334,Employee_5334,user_5334@example.com,7,85349
5335,Employee_5335,user_5335@example.com,4,52900
5336,Employee_5336,user_5336@example.com,19,69721
5337,Employee_5337,user_5337@example.com,13,106759
5338,Employee_5338,user_5338@example.com,16,32681
5339,Employee_5339,user_5339@example.com,4,49599
5340,Employee_5340,user_5340@example.com,12,32876
5341,Employee_5341,user_5341@example.com,15,36627
5342,Employee_5342,user_5342@example.com,18,51707
5343,Employee_5343,user_5343@example.com,14,79750
5344,Employee_5344,user_5344@example.com,3,36974
5345,Employee_5345,user_5345@example.com,19,38366
5346,Employee_5346,user_5346@example.com,4,74644
5347,Employee_5347,user_5347@example.com,14,67097
5348,Employee_5348,user_5348@example.com,14,41855
5349,Employee_5349,user_5349@example.com,6,102926
5350,Employee_5350,user_5350@example.com,12,90254
5351,Employee_5351,user_5351@example.com,8,101238
5352,Employee_5352,user_5352@example.com,14,96206
5353,Employee_5353,user_5353@example.com,14,47704
5354,Employee_5354,user_5354@example.com,5,99963
5355,Employee_5355,user_5355@example.com,17,88076
5356,Employee_5356,user_5356@example.com,16,43005
5357,Employee_5357,user_5357@example.com,15,56858
5358,Employee_5358,user_5358@example.com,18,38244
5359,Employee_5359,user_5359@example.com,10,84861
5360,Employee_5360,user_5360@example.com,12,76713
5361,Employee_5361,user_5361@example.com,6,47203
5362,Employee_5362,user_5362@example.com,4,51951
5363,Employee_5363,user_5363@example.com,16,60568
5364,Employee_5364,user_5364@example.com,2,54932
5365,Employee_5365,user_5365@example.com,13,40936
5366,Employee_5366,user_5366@example.com,14,95972
5367,Employee_5367,user_5367@example.com,15,52905
5368,Employee_5368,user_5368@example.com,3,74635
5369,Employee_5369,user_5369@example.com,10,95595
5370,Employee_5370,user_5370@example.com,1,103994
5371,Employee_5371,user_5371@example.com,9,78488
5372,Employee_5372,user_5372@example.com,9,60912
5373,Employee_5373,user_5373@example.com,11,106987
5374,Employee_5374,user_5374@example.com,1,79387
5375,Employee_5375,user_5375@example.com,10,81196
5376,Employee_5376,user_5376@example.com,6,34310
5377,Employee_5377,user_5377@example.com,2,72708
5378,Employee_5378,user_5378@example.com,7,111207
5379,Employee_5379,user_5379@example.com,17,70575
5380,Employee_5380,user_5380@example.com,13,63688
5381,Employee_5381,user_5381@example.com,14,117789
5382,Employee_5382,user_5382@example.com,14,55910
5383,Employee_5383,user_5383@example.com,17,95775
5384,Employee_5384,user_5384@example.com,18,92325
5385,Employee_5385,user_5385@example.com,9,91782
5386,Employee_5386,user_5386@example.com,13,52565
5387,Employee_5387,user_5387@example.com,2,76760
5388,Employee_5388,user_5388@example.com,2,44921
5389,Employee_5389,user_5389@example.com,15,112801
5390,Employee_5390,user_5390@example.com,14,52489
5391,Employee_5391,user_5391@example.com,12,88757
5392,Employee_5392,user_5392@example.com,7,118872
5393,Employee_5393,user_5393@example.com,9,93151
5394,Employee_5394,user_5394@example.com,1,51850
5395,Employee_5395,user_5395@example.com,7,55971
5396,Employee_5396,user_5396@example.com,1,57295
5397,Employee_5397,user_5397@example.com,17,98815
5398,Employee_5398,user_5398@example.com,18,54882
5399,Employee_5399,user_5399@example.com,1,48370
5400,Employee_5400,user_5400@example.com,14,77942
5401,Employee_5401,user_5401@example.com,12,76522
5402,Employee_5402,user_5402@example.com,14,57026
5403,Employee_5403,user_5403@example.com,9,71900
5404,Employee_5404,user_5404@example.com,5,82157
5405,Employee_5405,user_5405@example.com,4,60690
5406,Employee_5406,user_5406@example.com,5,55944
5407,Employee_5407,user_5407@example.com,2,64247
5408,Employee_5408,user_5408@example.com,10,43116
5409,Employee_5409,user_5409@example.com,3,34183
5410,Employee_5410,user_5410@example.com,4,101216
5411,Employee_5411,user_5411@example.com,12,82657
5412,Employee_5412,user_5412@example.com,11,113935
5413,Employee_5413,user_5413@example.com,3,77390
5414,Employee_5414,user_5414@example.com,20,71734
5415,Employee_5415,user_5415@example.com,7,34854
5416,Employee_5416,user_5416@example.com,4,65496
5417,Employee_5417,user_5417@example.com,5,106324
5418,Employee_5418,user_5418@example.com,5,117688
5419,Employee_5419,user_5419@example.com,1,99536
5420,Employee_5420,user_5420@example.com,1,53523
5421,Employee_5421,user_5421@example.com,6,89460
5422,Employee_5422,user_5422@example.com,9,101447
5423,Employee_5423,user_5423@example.com,3,40580
5424,Employee_5424,user_5424@example.com,6,105468
5425,Employee_5425,user_5425@example.com,18,71437
5426,Employee_5426,user_5426@example.com,15,85740
5427,Employee_5427,user_5427@example.com,14,39576
5428,Employee_5428,user_5428@example.com,15,78608
5429,Employee_5429,user_5429@example.com,9,53802
5430,Employee_5430,user_5430@example.com,7,40030
5431,Employee_5431,user_5431@example.com,14,66912
5432,Employee_5432,user_5432@example.com,2,52585
5433,Employee_5433,user_5433@example.com,4,64635
5434,Employee_5434,user_5434@example.com,14,81333
5435,Employee_5435,user_5435@example.com,15,34055
5436,Employee_5436,user_5436@example.com,1,114233
5437,Employee_5437,user_5437@example.com,20,89417
5438,Employee_5438,user_5438@example.com,20,114689
5439,Employee_5439,user_5439@example.com,13,38654
5440,Employee_5440,user_5440@example.com,20,70975
5441,Employee_5441,user_5441@example.com,11,114566
5442,Employee_5442,user_5442@example.com,12,97628
5443,Employee_5443,user_5443@example.com,12,43120
5444,Employee_5444,user_5444@example.com,8,72258
5445,Employee_5445,user_5445@example.com,20,80075
5446,Employee_5446,user_5446@example.com,13,114889
5447,Employee_5447,user_5447@example.com,5,72573
5448,Employee_5448,user_5448@example.com,6,89603
5449,Employee_5449,user_5449@example.com,1,49292
5450,Employee_5450,user_5450@example.com,4,88128
5451,Employee_5451,user_5451@example.com,2,98946
5452,Employee_5452,user_5452@example.com,4,90319
5453,Employee_5453,user_5453@example.com,2,112015
5454,Employee_5454,user_5454@example.com,3,53962
5455,Employee_5455,user_5455@example.com,11,68218
5456,Employee_5456,user_5456@example.com,3,116357
5457,Employee_5457,user_5457@example.com,16,95207
5458,Employee_5458,user_5458@example.com,18,101454
5459,Employee_5459,user_5459@example.com,18,86924
5460,Employee_5460,user_5460@example.com,7,51493
5461,Employee_5461,user_5461@example.com,9,118212
5462,Employee_5462,user_5462@example.com,5,45601
5463,Employee_5463,user_5463@example.com,18,72871
5464,Employee_5464,user_5464@example.com,8,72696
5465,Employee_5465,user_5465@example.com,7,70152
5466,Employee_5466,user_5466@example.com,13,82931
5467,Employee_5467,user_5467@example.com,7,40924
5468,Employee_5468,user_5468@example.com,15,98939
5469,Employee_5469,user_5469@example.com,8,110322
5470,Employee_5470,user_5470@example.com,1,61413
5471,Employee_5471,user_5471@example.com,11,54537
5472,Employee_5472,user_5472@example.com,9,45698
5473,Employee_5473,user_5473@example.com,3,73068
5474,Employee_5474,user_5474@example.com,7,95488
5475,Employee_5475,user_5475@example.com,14,105459
5476,Employee_5476,user_5476@example.com,11,72845
5477,Employee_5477,user_5477@example.com,14,43860
5478,Employee_5478,user_5478@example.com,10,48572
5479,Employee_5479,user_5479@example.com,18,65824
5480,Employee_5480,user_5480@example.com,17,76103
5481,Employee_5481,user_5481@example.com,2,71585
5482,Employee_5482,user_5482@example.com,20,43271
5483,Employee_5483,user_5483@example.com,15,81607
5484,Employee_5484,user_5484@example.com,17,46555
5485,Employee_5485,user_5485@example.com,13,114217
5486,Employee_5486,user_5486@example.com,7,63872
5487,Employee_5487,user_5487@example.com,13,53073
5488,Employee_5488,user_5488@example.com,11,56946
5489,Employee_5489,user_5489@example.com,15,58255
5490,Employee_5490,user_5490@example.com,13,61384
5491,Employee_5491,user_5491@example.com,13,68940
5492,Employee_5492,user_5492@example.com,12,32274
5493,Employee_5493,user_5493@example.com,20,41678
5494,Employee_5494,user_5494@example.com,15,55512
5495,Employee_5495,user_5495@example.com,12,63604
5496,Employee_5496,user_5496@example.com,17,96938
5497,Employee_5497,user_5497@example.com,12,102867
5498,Employee_5498,user_5498@example.com,17,77495
5499,Employee_5499,user_5499@example.com,11,105846
5500,Employee_5500,user_5500@example.com,19,46545
5501,Employee_5501,user_5501@example.com,3,90507
5502,Employee_5502,user_5502@example.com,3,60254
5503,Employee_5503,user_5503@example.com,6,115661
5504,Employee_5504,user_5504@example.com,12,113255
5505,Employee_5505,user_5505@example.com,10,65936
5506,Employee_5506,user_5506@example.com,16,100399
5507,Employee_5507,user_5507@example.com,9,102626
5508,Employee_5508,user_5508@example.com,9,45215
5509,Employee_5509,user_5509@example.com,18,42396
5510,Employee_5510,user_5510@example.com,5,116991
5511,Employee_5511,user_5511@example.com,2,46773
5512,Employee_5512,user_5512@example.com,3,88536
5513,Employee_5513,user_5513@example.com,1,43125
5514,Employee_5514,user_5514@example.com,13,113671
5515,Employee_5515,user_5515@example.com,2,33479
5516,Employee_5516,user_5516@example.com,8,55890
5517,Employee_5517,user_5517@example.com,7,53381
5518,Employee_5518,user_5518@example.com,8,49102
5519,Employee_5519,user_5519@example.com,17,81059
5520,Employee_5520,user_5520@example.com,9,37912
5521,Employee_5521,user_5521@example.com,20,81364
5522,Employee_5522,user_5522@example.com,6,74104
5523,Employee_5523,user_5523@example.com,10,39756
5524,Employee_5524,user_5524@example.com,8,96530
5525,Employee_5525,user_5525@example.com,11,40641
5526,Employee_5526,user_5526@example.com,13,78054
5527,Employee_5527,user_5527@example.com,17,110169
5528,Employee_5528,user_5528@example.com,5,79258
5529,Employee_5529,user_5529@example.com,1,52144
5530,Employee_5530,user_5530@example.com,15,75071
5531,Employee_5531,user_5531@example.com,15,116595
5532,Employee_5532,user_5532@example.com,14,88632
5533,Employee_5533,user_5533@example.com,9,54835
5534,Employee_5534,user_5534@example.com,14,41776
5535,Employee_5535,user_5535@example.com,8,81706
5536,Employee_5536,user_5536@example.com,7,31590
5537,Employee_5537,user_5537@example.com,2,39795
5538,Employee_5538,user_5538@example.com,20,74693
5539,Employee_5539,user_5539@example.com,1,38725
5540,Employee_5540,user_5540@example.com,9,57074
5541,Employee_5541,user_5541@example.com,16,104040
5542,Employee_5542,user_5542@example.com,15,58011
5543,Employee_5543,user_5543@example.com,10,95391
5544,Employee_5544,user_5544@example.com,12,38817
5545,Employee_5545,user_5545@example.com,17,52512
5546,Employee_5546,user_5546@example.com,1,103287
5547,Employee_5547,user_5547@example.com,9,78759
5548,Employee_5548,user_5548@example.com,20,50732
5549,Employee_5549,user_5549@example.com,18,48318
5550,Employee_5550,user_5550@example.com,5,77714
5551,Employee_5551,user_5551@example.com,4,111003
5552,Employee_5552,user_5552@example.com,3,97979
5553,Employee_5553,user_5553@example.com,12,113027
5554,Employee_5554,user_5554@example.com,3,43961
5555,Employee_5555,user_5555@example.com,13,68557
5556,Employee_5556,user_5556@example.com,1,91226
5557,Employee_5557,user_5557@example.com,11,93294
5558,Employee_5558,user_5558@example.com,8,58154
5559,Employee_5559,user_5559@example.com,13,46835
5560,Employee_5560,user_5560@example.com,2,114186
5561,Employee_5561,user_5561@example.com,13,80813
5562,Employee_5562,user_5562@example.com,19,115892
5563,Employee_5563,user_5563@example.com,2,91087
5564,Employee_5564,user_5564@example.com,6,37979
5565,Employee_5565,user_5565@example.com,5,40977
5566,Employee_5566,user_5566@example.com,3,83995
5567,Employee_5567,user_5567@example.com,11,48023
5568,Employee_5568,user_5568@example.com,7,83931
5569,Employee_5569,user_5569@example.com,19,78051
5570,Employee_5570,user_5570@example.com,5,31940
5571,Employee_5571,user_5571@example.com,3,78512
5572,Employee_5572,user_5572@example.com,9,93737
5573,Employee_5573,user_5573@example.com,1,109397
5574,Employee_5574,user_5574@example.com,19,78992
5575,Employee_5575,user_5575@example.com,19,33861
5576,Employee_5576,user_5576@example.com,18,57905
5577,Employee_5577,user_5577@example.com,12,75259
5578,Employee_5578,user_5578@example.com,11,101670
5579,Employee_5579,user_5579@example.com,15,65891
5580,Employee_5580,user_5580@example.com,1,41315
5581,Employee_5581,user_5581@example.com,16,93643
5582,Employee_5582,user_5582@example.com,15,45314
5583,Employee_5583,user_5583@example.com,8,108415
5584,Employee_5584,user_5584@example.com,2,50634
5585,Employee_5585,user_5585@example.com,4,59630
5586,Employee_5586,user_5586@example.com,6,117452
5587,Employee_5587,user_5587@example.com,6,96204
5588,Employee_5588,user_5588@example.com,20,31638
5589,Employee_5589,user_5589@example.com,6,110898
5590,Employee_5590,user_5590@example.com,3,46481
5591,Employee_5591,user_5591@example.com,16,37808
5592,Employee_5592,user_5592@example.com,14,41442
5593,Employee_5593,user_5593@example.com,16,89906
5594,Employee_5594,user_5594@example.com,2,42940
5595,Employee_5595,user_5595@example.com,19,79783
5596,Employee_5596,user_5596@example.com,16,115203
5597,Employee_5597,user_5597@example.com,2,69203
5598,Employee_5598,user_5598@example.com,3,97458
5599,Employee_5599,user_5599@example.com,2,64582
5600,Employee_5600,user_5600@example.com,19,51177
5601,Employee_5601,user_5601@example.com,4,51472
5602,Employee_5602,user_5602@example.com,2,82382
5603,Employee_5603,user_5603@example.com,16,53556
5604,Employee_5604,user_5604@example.com,4,93930
5605,Employee_5605,user_5605@example.com,2,39561
5606,Employee_5606,user_5606@example.com,13,70980
5607,Employee_5607,user_5607@example.com,13,107643
5608,Employee_5608,user_5608@example.com,8,91609
5609,Employee_5609,user_5609@example.com,14,103377
5610,Employee_5610,user_5610@example.com,19,106278
5611,Employee_5611,user_5611@example.com,4,75501
5612,Employee_5612,user_5612@example.com,7,70441
5613,Employee_5613,user_5613@example.com,8,67813
5614,Employee_5614,user_5614@example.com,16,68525
5615,Employee_5615,user_5615@example.com,3,102089
5616,Employee_5616,user_5616@example.com,8,69548
5617,Employee_5617,user_5617@example.com,6,43124
5618,Employee_5618,user_5618@example.com,18,47058
5619,Employee_5619,user_5619@example.com,9,88759
5620,Employee_5620,user_5620@example.com,13,86032
5621,Employee_5621,user_5621@example.com,17,89565
5622,Employee_5622,user_5622@example.com,4,34668
5623,Employee_5623,user_5623@example.com,19,44468
5624,Employee_5624,user_5624@example.com,3,48366
5625,Employee_5625,user_5625@example.com,14,46119
5626,Employee_5626,user_5626@example.com,11,82913
5627,Employee_5627,user_5627@example.com,14,84170
5628,Employee_5628,user_5628@example.com,5,72329
5629,Employee_5629,user_5629@example.com,6,36174
5630,Employee_5630,user_5630@example.com,11,108952
5631,Employee_5631,user_5631@example.com,1,45295
5632,Employee_5632,user_5632@example.com,19,58093
5633,Employee_5633,user_5633@example.com,1,45995
5634,Employee_5634,user_5634@example.com,12,117465
5635,Employee_5635,user_5635@example.com,5,77481
5636,Employee_5636,user_5636@example.com,20,62332
5637,Employee_5637,user_5637@example.com,11,59023
5638,Employee_5638,user_5638@example.com,17,78423
5639,Employee_5639,user_5639@example.com,9,74134
5640,Employee_5640,user_5640@example.com,13,71492
5641,Employee_5641,user_5641@example.com,5,51516
5642,Employee_5642,user_5642@example.com,15,80283
5643,Employee_5643,user_5643@example.com,14,54017
5644,Employee_5644,user_5644@example.com,7,96197
5645,Employee_5645,user_5645@example.com,11,77824
5646,Employee_5646,user_5646@example.com,2,84390
5647,Employee_5647,user_5647@example.com,13,101549
5648,Employee_5648,user_5648@example.com,20,30856
5649,Employee_5649,user_5649@example.com,5,91083
5650,Employee_5650,user_5650@example.com,4,47114
5651,Employee_5651,user_5651@example.com,16,67288
5652,Employee_5652,user_5652@example.com,17,86198
5653,Employee_5653,user_5653@example.com,15,114073
5654,Employee_5654,user_5654@example.com,6,81541
5655,Employee_5655,user_5655@example.com,14,74488
5656,Employee_5656,user_5656@example.com,5,57947
5657,Employee_5657,user_5657@example.com,19,31026
5658,Employee_5658,user_5658@example.com,2,60387
5659,Employee_5659,user_5659@example.com,16,60821
5660,Employee_5660,user_5660@example.com,13,99054
5661,Employee_5661,user_5661@example.com,13,62439
5662,Employee_5662,user_5662@example.com,3,62976
5663,Employee_5663,user_5663@example.com,5,33536
5664,Employee_5664,user_5664@example.com,6,93679
5665,Employee_5665,user_5665@example.com,3,76990
5666,Employee_5666,user_5666@example.com,18,49689
5667,Employee_5667,user_5667@example.com,11,54588
5668,Employee_5668,user_5668@example.com,13,46436
5669,Employee_5669,user_5669@example.com,17,67185
5670,Employee_5670,user_5670@example.com,18,106640
5671,Employee_5671,user_5671@example.com,14,46739
5672,Employee_5672,user_5672@example.com,1,98180
5673,Employee_5673,user_5673@example.com,1,116955
5674,Employee_5674,user_5674@example.com,6,33416
5675,Employee_5675,user_5675@example.com,12,118381
5676,Employee_5676,user_5676@example.com,18,65843
5677,Employee_5677,user_5677@example.com,6,30339
5678,Employee_5678,user_5678@example.com,17,109668
5679,Employee_5679,user_5679@example.com,17,40200
5680,Employee_5680,user_5680@example.com,2,70908
5681,Employee_5681,user_5681@example.com,5,115012
5682,Employee_5682,user_5682@example.com,11,98190
5683,Employee_5683,user_5683@example.com,19,60613
5684,Employee_5684,user_5684@example.com,14,103724
5685,Employee_5685,user_5685@example.com,20,58362
5686,Employee_5686,user_5686@example.com,17,35104
5687,Employee_5687,user_5687@example.com,13,70510
5688,Employee_5688,user_5688@example.com,8,110219
5689,Employee_5689,user_5689@example.com,17,66415
5690,Employee_5690,user_5690@example.com,1,95281
5691,Employee_5691,user_5691@example.com,15,41594
5692,Employee_5692,user_5692@example.com,2,109002
5693,Employee_5693,user_5693@example.com,7,49271
5694,Employee_5694,user_5694@example.com,14,44790
5695,Employee_5695,user_5695@example.com,12,102457
5696,Employee_5696,user_5696@example.com,3,33244
5697,Employee_5697,user_5697@example.com,14,31024
5698,Employee_5698,user_5698@example.com,14,86574
5699,Employee_5699,user_5699@example.com,19,65077
5700,Employee_5700,user_5700@example.com,15,63887
5701,Employee_5701,user_5701@example.com,16,54055
5702,Employee_5702,user_5702@example.com,11,104060
5703,Employee_5703,user_5703@example.com,11,115515
5704,Employee_5704,user_5704@example.com,16,85289
5705,Employee_5705,user_5705@example.com,16,103392
5706,Employee_5706,user_5706@example.com,11,87676
5707,Employee_5707,user_5707@example.com,12,68571
5708,Employee_5708,user_5708@example.com,7,81361
5709,Employee_5709,user_5709@example.com,6,97872
5710,Employee_5710,user_5710@example.com,5,82871
5711,Employee_5711,user_5711@example.com,17,73357
5712,Employee_5712,user_5712@example.com,1,96992
5713,Employee_5713,user_5713@example.com,8,117337
5714,Employee_5714,user_5714@example.com,20,58646
5715,Employee_5715,user_5715@example.com,9,32896
5716,Employee_5716,user_5716@example.com,7,56690
5717,Employee_5717,user_5717@example.com,1,106006
5718,Employee_5718,user_5718@example.com,16,86705
5719,Employee_5719,user_5719@example.com,17,84360
5720,Employee_5720,user_5720@example.com,7,55563
5721,Employee_5721,user_5721@example.com,15,54931
5722,Employee_5722,user_5722@example.com,2,96177
5723,Employee_5723,user_5723@example.com,3,74854
5724,Employee_5724,user_5724@example.com,1,59448
5725,Employee_5725,user_5725@example.com,8,94008
5726,Employee_5726,user_5726@example.com,11,88896
5727,Employee_5727,user_5727@example.com,7,76398
5728,Employee_5728,user_5728@example.com,11,110755
5729,Employee_5729,user_5729@example.com,6,33955
5730,Employee_5730,user_5730@example.com,6,111028
5731,Employee_5731,user_5731@example.com,4,65296
5732,Employee_5732,user_5732@example.com,16,71138
5733,Employee_5733,user_5733@example.com,4,53740
5734,Employee_5734,user_5734@example.com,11,79916
5735,Employee_5735,user_5735@example.com,2,51243
5736,Employee_5736,user_5736@example.com,2,54101
5737,Employee_5737,user_5737@example.com,14,46805
5738,Employee_5738,user_5738@example.com,13,41782
5739,Employee_5739,user_5739@example.com,10,48022
5740,Employee_5740,user_5740@example.com,7,69325
5741,Employee_5741,user_5741@example.com,8,47596
5742,Employee_5742,user_5742@example.com,8,87353
5743,Employee_5743,user_5743@example.com,9,52644
5744,Employee_5744,user_5744@example.com,12,82161
5745,Employee_5745,user_5745@example.com,3,91917
5746,Employee_5746,user_5746@example.com,9,112971
5747,Employee_5747,user_5747@example.com,12,47862
5748,Employee_5748,user_5748@example.com,11,92580
5749,Employee_5749,user_5749@example.com,5,48487
5750,Employee_5750,user_5750@example.com,15,63691
5751,Employee_5751,user_5751@example.com,16,88166
5752,Employee_5752,user_5752@example.com,18,90245
5753,Employee_5753,user_5753@example.com,14,36725
5754,Employee_5754,user_5754@example.com,11,66137
5755,Employee_5755,user_5755@example.com,14,39391
5756,Employee_5756,user_5756@example.com,15,41025
5757,Employee_5757,user_5757@example.com,17,96395
5758,Employee_5758,user_5758@example.com,16,40602
5759,Employee_5759,user_5759@example.com,14,35210
5760,Employee_5760,user_5760@example.com,6,91112
5761,Employee_5761,user_5761@example.com,14,67177
5762,Employee_5762,user_5762@example.com,15,74814
5763,Employee_5763,user_5763@example.com,11,61507
5764,Employee_5764,user_5764@example.com,4,89233
5765,Employee_5765,user_5765@example.com,6,90728
5766,Employee_5766,user_5766@example.com,14,91705
5767,Employee_5767,user_5767@example.com,8,96798
5768,Employee_5768,user_5768@example.com,17,118798
5769,Employee_5769,user_5769@example.com,16,116241
5770,Employee_5770,user_5770@example.com,4,104290
5771,Employee_5771,user_5771@example.com,16,41277
5772,Employee_5772,user_5772@example.com,17,90703
5773,Employee_5773,user_5773@example.com,16,115466
5774,Employee_5774,user_5774@example.com,14,68028
5775,Employee_5775,user_5775@example.com,10,100816
5776,Employee_5776,user_5776@example.com,2,49464
5777,Employee_5777,user_5777@example.com,16,109751
5778,Employee_5778,user_5778@example.com,8,44998
5779,Employee_5779,user_5779@example.com,3,80572
5780,Employee_5780,user_5780@example.com,1,36455
5781,Employee_5781,user_5781@example.com,12,45675
5782,Employee_5782,user_5782@example.com,8,84250
5783,Employee_5783,user_5783@example.com,13,72763
5784,Employee_5784,user_5784@example.com,16,53241
5785,Employee_5785,user_5785@example.com,19,96301
5786,Employee_5786,user_5786@example.com,14,44325
5787,Employee_5787,user_5787@example.com,3,91757
5788,Employee_5788,user_5788@example.com,16,38432
5789,Employee_5789,user_5789@example.com,20,83902
5790,Employee_5790,user_5790@example.com,19,85344
5791,Employee_5791,user_5791@example.com,19,68053
5792,Employee_5792,user_5792@example.com,14,31224
5793,Employee_5793,user_5793@example.com,16,118827
5794,Employee_5794,user_5794@example.com,8,51746
5795,Employee_5795,user_5795@example.com,19,112942
5796,Employee_5796,user_5796@example.com,5,35963
5797,Employee_5797,user_5797@example.com,15,74978
5798,Employee_5798,user_5798@example.com,14,105757
5799,Employee_5799,user_5799@example.com,3,36886
5800,Employee_5800,user_5800@example.com,5,47821
5801,Employee_5801,user_5801@example.com,10,80925
5802,Employee_5802,user_5802@example.com,12,96774
5803,Employee_5803,user_5803@example.com,16,47676
5804,Employee_5804,user_5804@example.com,8,66467
5805,Employee_5805,user_5805@example.com,8,87713
5806,Employee_5806,user_5806@example.com,3,64361
5807,Employee_5807,user_5807@example.com,10,32600
5808,Employee_5808,user_5808@example.com,9,108547
5809,Employee_5809,user_5809@example.com,10,102533
5810,Employee_5810,user_5810@example.com,3,109174
5811,Employee_5811,user_5811@example.com,1,118967
5812,Employee_5812,user_5812@example.com,10,53332
5813,Employee_5813,user_5813@example.com,15,30441
5814,Employee_5814,user_5814@example.com,18,119153
5815,Employee_5815,user_5815@example.com,18,33762
5816,Employee_5816,user_5816@example.com,3,57607
5817,Employee_5817,user_5817@example.com,13,42636
5818,Employee_5818,user_5818@example.com,11,55284
5819,Employee_5819,user_5819@example.com,10,71255
5820,Employee_5820,user_5820@example.com,3,80968
5821,Employee_5821,user_5821@example.com,19,88745
5822,Employee_5822,user_5822@example.com,20,84438
5823,Employee_5823,user_5823@example.com,9,97514
5824,Employee_5824,user_5824@example.com,9,106163
5825,Employee_5825,user_5825@example.com,9,96352
5826,Employee_5826,user_5826@example.com,6,119545
5827,Employee_5827,user_5827@example.com,3,86656
5828,Employee_5828,user_5828@example.com,18,104293
5829,Employee_5829,user_5829@example.com,19,86574
5830,Employee_5830,user_5830@example.com,15,41538
5831,Employee_5831,user_5831@example.com,18,73087
5832,Employee_5832,user_5832@example.com,18,43143
5833,Employee_5833,user_5833@example.com,2,73613
5834,Employee_5834,user_5834@example.com,6,88001
5835,Employee_5835,user_5835@example.com,17,66034
5836,Employee_5836,user_5836@example.com,12,108759
5837,Employee_5837,user_5837@example.com,9,81261
5838,Employee_5838,user_5838@example.com,2,115503
5839,Employee_5839,user_5839@example.com,8,119669
5840,Employee_5840,user_5840@example.com,2,106406
5841,Employee_5841,user_5841@example.com,1,91219
5842,Employee_5842,user_5842@example.com,19,109027
5843,Employee_5843,user_5843@example.com,20,67793
5844,Employee_5844,user_5844@example.com,8,101241
5845,Employee_5845,user_5845@example.com,17,32655
5846,Employee_5846,user_5846@example.com,14,30820
5847,Employee_5847,user_5847@example.com,15,50913
5848,Employee_5848,user_5848@example.com,13,116741
5849,Employee_5849,user_5849@example.com,1,96252
5850,Employee_5850,user_5850@example.com,8,77926
5851,Employee_5851,user_5851@example.com,8,49720
5852,Employee_5852,user_5852@example.com,11,117140
5853,Employee_5853,user_5853@example.com,19,65664
5854,Employee_5854,user_5854@example.com,7,31974
5855,Employee_5855,user_5855@example.com,8,45611
5856,Employee_5856,user_5856@example.com,6,116954
5857,Employee_5857,user_5857@example.com,9,115486
5858,Employee_5858,user_5858@example.com,6,36401
5859,Employee_5859,user_5859@example.com,5,113999
5860,Employee_5860,user_5860@example.com,18,73974
5861,Employee_5861,user_5861@example.com,17,65249
5862,Employee_5862,user_5862@example.com,14,55556
5863,Employee_5863,user_5863@example.com,20,37727
5864,Employee_5864,user_5864@example.com,5,108334
5865,Employee_5865,user_5865@example.com,12,63981
5866,Employee_5866,user_5866@example.com,4,115588
5867,Employee_5867,user_5867@example.com,8,31542
5868,Employee_5868,user_5868@example.com,11,35002
5869,Employee_5869,user_5869@example.com,20,73187
5870,Employee_5870,user_5870@example.com,16,45900
5871,Employee_5871,user_5871@example.com,3,38633
5872,Employee_5872,user_5872@example.com,3,118263
5873,Employee_5873,user_5873@example.com,12,40719
5874,Employee_5874,user_5874@example.com,5,81072
5875,Employee_5875,user_5875@example.com,9,39841
5876,Employee_5876,user_5876@example.com,5,94790
5877,Employee_5877,user_5877@example.com,8,80716
5878,Employee_5878,user_5878@example.com,19,118764
5879,Employee_5879,user_5879@example.com,7,113206
5880,Employee_5880,user_5880@example.com,12,70199
5881,Employee_5881,user_5881@example.com,14,57273
5882,Employee_5882,user_5882@example.com,13,49279
5883,Employee_5883,user_5883@example.com,6,57157
5884,Employee_5884,user_5884@example.com,14,71975
5885,Employee_5885,user_5885@example.com,4,60954
5886,Employee_5886,user_5886@example.com,15,94264
5887,Employee_5887,user_5887@example.com,6,88000
5888,Employee_5888,user_5888@example.com,20,94526
5889,Employee_5889,user_5889@example.com,13,54567
5890,Employee_5890,user_5890@example.com,1,85384
5891,Employee_5891,user_5891@example.com,20,110691
5892,Employee_5892,user_5892@example.com,9,75047
5893,Employee_5893,user_5893@example.com,18,91857
5894,Employee_5894,user_5894@example.com,1,85583
5895,Employee_5895,user_5895@example.com,5,114244
5896,Employee_5896,user_5896@example.com,8,118438
5897,Employee_5897,user_5897@example.com,19,110895
5898,Employee_5898,user_5898@example.com,2,65586
5899,Employee_5899,user_5899@example.com,5,51126
5900,Employee_5900,user_5900@example.com,20,78948
5901,Employee_5901,user_5901@example.com,13,99421
5902,Employee_5902,user_5902@example.com,17,52398
5903,Employee_5903,user_5903@example.com,1,34128
5904,Employee_5904,user_5904@example.com,17,51471
5905,Employee_5905,user_5905@example.com,13,61836
5906,Employee_5906,user_5906@example.com,17,109390
5907,Employee_5907,user_5907@example.com,13,30874
5908,Employee_5908,user_5908@example.com,19,38836
5909,Employee_5909,user_5909@example.com,7,103287
5910,Employee_5910,user_5910@example.com,4,77627
5911,Employee_5911,user_5911@example.com,20,43145
5912,Employee_5912,user_5912@example.com,4,34554
5913,Employee_5913,user_5913@example.com,18,46451
5914,Employee_5914,user_5914@example.com,10,30713
5915,Employee_5915,user_5915@example.com,20,86280
5916,Employee_5916,user_5916@example.com,9,75099
5917,Employee_5917,user_5917@example.com,8,109656
5918,Employee_5918,user_5918@example.com,19,97612
5919,Employee_5919,user_5919@example.com,16,75185
5920,Employee_5920,user_5920@example.com,15,30048
5921,Employee_5921,user_5921@example.com,16,48115
5922,Employee_5922,user_5922@example.com,9,55842
5923,Employee_5923,user_5923@example.com,19,45967
5924,Employee_5924,user_5924@example.com,1,84505
5925,Employee_5925,user_5925@example.com,17,99513
5926,Employee_5926,user_5926@example.com,11,89511
5927,Employee_5927,user_5927@example.com,16,63446
5928,Employee_5928,user_5928@example.com,18,100499
5929,Employee_5929,user_5929@example.com,11,45281
5930,Employee_5930,user_5930@example.com,3,54248
5931,Employee_5931,user_5931@example.com,17,60137
5932,Employee_5932,user_5932@example.com,2,59641
5933,Employee_5933,user_5933@example.com,8,69773
5934,Employee_5934,user_5934@example.com,9,77819
5935,Employee_5935,user_5935@example.com,19,115190
5936,Employee_5936,user_5936@example.com,20,35325
5937,Employee_5937,user_5937@example.com,5,107221
5938,Employee_5938,user_5938@example.com,11,52397
5939,Employee_5939,user_5939@example.com,18,62999
5940,Employee_5940,user_5940@example.com,3,89973
5941,Employee_5941,user_5941@example.com,17,34667
5942,Employee_5942,user_5942@example.com,4,36567
5943,Employee_5943,user_5943@example.com,13,44377
5944,Employee_5944,user_5944@example.com,9,40230
5945,Employee_5945,user_5945@example.com,1,74715
5946,Employee_5946,user_5946@example.com,14,59311
5947,Employee_5947,user_5947@example.com,2,39931
5948,Employee_5948,user_5948@example.com,14,79099
5949,Employee_5949,user_5949@example.com,5,88624
5950,Employee_5950,user_5950@example.com,3,58892
5951,Employee_5951,user_5951@example.com,18,73499
5952,Employee_5952,user_5952@example.com,11,67270
5953,Employee_5953,user_5953@example.com,5,48629
5954,Employee_5954,user_5954@example.com,1,45092
5955,Employee_5955,user_5955@example.com,14,97762
5956,Employee_5956,user_5956@example.com,7,76199
5957,Employee_5957,user_5957@example.com,2,40430
5958,Employee_5958,user_5958@example.com,17,117725
5959,Employee_5959,user_5959@example.com,2,107902
5960,Employee_5960,user_5960@example.com,4,99288
5961,Employee_5961,user_5961@example.com,15,101581
5962,Employee_5962,user_5962@example.com,17,72006
5963,Employee_5963,user_5963@example.com,2,51045
5964,Employee_5964,user_5964@example.com,18,91043
5965,Employee_5965,user_5965@example.com,4,113698
5966,Employee_5966,user_5966@example.com,3,108133
5967,Employee_5967,user_5967@example.com,11,82143
5968,Employee_5968,user_5968@example.com,19,70888
5969,Employee_5969,user_5969@example.com,5,82478
5970,Employee_5970,user_5970@example.com,15,89498
5971,Employee_5971,user_5971@example.com,8,90725
5972,Employee_5972,user_5972@example.com,5,81622
5973,Employee_5973,user_5973@example.com,3,97770
5974,Employee_5974,user_5974@example.com,17,102754
5975,Employee_5975,user_5975@example.com,8,46559
5976,Employee_5976,user_5976@example.com,18,72234
5977,Employee_5977,user_5977@example.com,16,84135
5978,Employee_5978,user_5978@example.com,9,79436
5979,Employee_5979,user_5979@example.com,7,81281
5980,Employee_5980,user_5980@example.com,19,83324
5981,Employee_5981,user_5981@example.com,17,94947
5982,Employee_5982,user_5982@example.com,20,88026
5983,Employee_5983,user_5983@example.com,14,98807
5984,Employee_5984,user_5984@example.com,17,47904
5985,Employee_5985,user_5985@example.com,10,81228
5986,Employee_5986,user_5986@example.com,6,56025
5987,Employee_5987,user_5987@example.com,18,78024
5988,Employee_5988,user_5988@example.com,2,67448
5989,Employee_5989,user_5989@example.com,19,85060
5990,Employee_5990,user_5990@example.com,4,118917
5991,Employee_5991,user_5991@example.com,3,58285
5992,Employee_5992,user_5992@example.com,7,53435
5993,Employee_5993,user_5993@example.com,20,75398
5994,Employee_5994,user_5994@example.com,5,68079
5995,Employee_5995,user_5995@example.com,19,108957
5996,Employee_5996,user_5996@example.com,16,30263
5997,Employee_5997,user_5997@example.com,14,64024
5998,Employee_5998,user_5998@example.com,1,102547
5999,Employee_5999,user_5999@example.com,16,61538
6000,Employee_6000,user_6000@example.com,10,100962
6001,Employee_6001,user_6001@example.com,6,88544
6002,Employee_6002,user_6002@example.com,10,83978
6003,Employee_6003,user_6003@example.com,2,47248
6004,Employee_6004,user_6004@example.com,20,107446
6005,Employee_6005,user_6005@example.com,19,46774
6006,Employee_6006,user_6006@example.com,1,66330
6007,Employee_6007,user_6007@example.com,13,70299
6008,Employee_6008,user_6008@example.com,11,87588
6009,Employee_6009,user_6009@example.com,13,82074
6010,Employee_6010,user_6010@example.com,13,105643
6011,Employee_6011,user_6011@example.com,7,111349
6012,Employee_6012,user_6012@example.com,15,45243
6013,Employee_6013,user_6013@example.com,15,34326
6014,Employee_6014,user_6014@example.com,12,52529
6015,Employee_6015,user_6015@example.com,12,37281
6016,Employee_6016,user_6016@example.com,17,46439
6017,Employee_6017,user_6017@example.com,10,93737
6018,Employee_6018,user_6018@example.com,8,70529
6019,Employee_6019,user_6019@example.com,18,47378
6020,Employee_6020,user_6020@example.com,20,40608
6021,Employee_6021,user_6021@example.com,20,61505
6022,Employee_6022,user_6022@example.com,10,85881
6023,Employee_6023,user_6023@example.com,9,55040
6024,Employee_6024,user_6024@example.com,1,40842
6025,Employee_6025,user_6025@example.com,20,57909
6026,Employee_6026,user_6026@example.com,1,112170
6027,Employee_6027,user_6027@example.com,10,49104
6028,Employee_6028,user_6028@example.com,11,116677
6029,Employee_6029,user_6029@example.com,2,50817
6030,Employee_6030,user_6030@example.com,16,115368
6031,Employee_6031,user_6031@example.com,19,61842
6032,Employee_6032,user_6032@example.com,9,61920
6033,Employee_6033,user_6033@example.com,5,74129
6034,Employee_6034,user_6034@example.com,15,113496
6035,Employee_6035,user_6035@example.com,4,38838
6036,Employee_6036,user_6036@example.com,5,53764
6037,Employee_6037,user_6037@example.com,20,63013
6038,Employee_6038,user_6038@example.com,1,115026
6039,Employee_6039,user_6039@example.com,4,39176
6040,Employee_6040,user_6040@example.com,20,93253
6041,Employee_6041,user_6041@example.com,14,86068
6042,Employee_6042,user_6042@example.com,7,94999
6043,Employee_6043,user_6043@example.com,1,119854
6044,Employee_6044,user_6044@example.com,19,99806
6045,Employee_6045,user_6045@example.com,3,84870
6046,Employee_6046,user_6046@example.com,1,85384
6047,Employee_6047,user_6047@example.com,20,46890
6048,Employee_6048,user_6048@example.com,9,79927
6049,Employee_6049,user_6049@example.com,16,95760
6050,Employee_6050,user_6050@example.com,10,51461
6051,Employee_6051,user_6051@example.com,8,50999
6052,Employee_6052,user_6052@example.com,12,45889
6053,Employee_6053,user_6053@example.com,2,76556
6054,Employee_6054,user_6054@example.com,20,35695
6055,Employee_6055,user_6055@example.com,10,48650
6056,Employee_6056,user_6056@example.com,10,87675
6057,Employee_6057,user_6057@example.com,7,54603
6058,Employee_6058,user_6058@example.com,13,104528
6059,Employee_6059,user_6059@example.com,13,102862
6060,Employee_6060,user_6060@example.com,7,49177
6061,Employee_6061,user_6061@example.com,9,114176
6062,Employee_6062,user_6062@example.com,7,73327
6063,Employee_6063,user_6063@example.com,16,68364
6064,Employee_6064,user_6064@example.com,5,108226
6065,Employee_6065,user_6065@example.com,6,83099
6066,Employee_6066,user_6066@example.com,19,103311
6067,Employee_6067,user_6067@example.com,20,30218
6068,Employee_6068,user_6068@example.com,17,55477
6069,Employee_6069,user_6069@example.com,3,85606
6070,Employee_6070,user_6070@example.com,11,98133
6071,Employee_6071,user_6071@example.com,10,110903
6072,Employee_6072,user_6072@example.com,5,108882
6073,Employee_6073,user_6073@example.com,16,49585
6074,Employee_6074,user_6074@example.com,2,47899
6075,Employee_6075,user_6075@example.com,11,59003
6076,Employee_6076,user_6076@example.com,5,103252
6077,Employee_6077,user_6077@example.com,15,104933
6078,Employee_6078,user_6078@example.com,14,115841
6079,Employee_6079,user_6079@example.com,11,110540
6080,Employee_6080,user_6080@example.com,16,56487
6081,Employee_6081,user_6081@example.com,18,95360
6082,Employee_6082,user_6082@example.com,19,113488
6083,Employee_6083,user_6083@example.com,1,38734
6084,Employee_6084,user_6084@example.com,10,68718
6085,Employee_6085,user_6085@example.com,9,104995
6086,Employee_6086,user_6086@example.com,15,104451
6087,Employee_6087,user_6087@example.com,18,41462
6088,Employee_6088,user_6088@example.com,16,62203
6089,Employee_6089,user_6089@example.com,4,46729
6090,Employee_6090,user_6090@example.com,3,115769
6091,Employee_6091,user_6091@example.com,10,52889
6092,Employee_6092,user_6092@example.com,3,88286
6093,Employee_6093,user_6093@example.com,11,40163
6094,Employee_6094,user_6094@example.com,18,82960
6095,Employee_6095,user_6095@example.com,7,91235
6096,Employee_6096,user_6096@example.com,7,108051
6097,Employee_6097,user_6097@example.com,13,91564
6098,Employee_6098,user_6098@example.com,4,66256
6099,Employee_6099,user_6099@example.com,16,46253
6100,Employee_6100,user_6100@example.com,12,114019
6101,Employee_6101,user_6101@example.com,1,43578
6102,Employee_6102,user_6102@example.com,14,51196
6103,Employee_6103,user_6103@example.com,12,106751
6104,Employee_6104,user_6104@example.com,11,37873
6105,Employee_6105,user_6105@example.com,3,47972
6106,Employee_6106,user_6106@example.com,14,90280
6107,Employee_6107,user_6107@example.com,14,117168
6108,Employee_6108,user_6108@example.com,10,46708
6109,Employee_6109,user_6109@example.com,12,75114
6110,Employee_6110,user_6110@example.com,16,96775
6111,Employee_6111,user_6111@example.com,20,65984
6112,Employee_6112,user_6112@example.com,18,101144
6113,Employee_6113,user_6113@example.com,7,41606
6114,Employee_6114,user_6114@example.com,16,90151
6115,Employee_6115,user_6115@example.com,8,99825
6116,Employee_6116,user_6116@example.com,8,61351
6117,Employee_6117,user_6117@example.com,18,115773
6118,Employee_6118,user_6118@example.com,13,113382
6119,Employee_6119,user_6119@example.com,13,88027
6120,Employee_6120,user_6120@example.com,12,89763
6121,Employee_6121,user_6121@example.com,19,115756
6122,Employee_6122,user_6122@example.com,9,117408
6123,Employee_6123,user_6123@example.com,19,46472
6124,Employee_6124,user_6124@example.com,5,42455
6125,Employee_6125,user_6125@example.com,7,67238
6126,Employee_6126,user_6126@example.com,18,113817
6127,Employee_6127,user_6127@example.com,2,87274
6128,Employee_6128,user_6128@example.com,4,32549
6129,Employee_6129,user_6129@example.com,4,92977
6130,Employee_6130,user_6130@example.com,18,94606
6131,Employee_6131,user_6131@example.com,14,79660
6132,Employee_6132,user_6132@example.com,18,118954
6133,Employee_6133,user_6133@example.com,8,96923
6134,Employee_6134,user_6134@example.com,14,47390
6135,Employee_6135,user_6135@example.com,7,54128
6136,Employee_6136,user_6136@example.com,7,96600
6137,Employee_6137,user_6137@example.com,17,84694
6138,Employee_6138,user_6138@example.com,20,63330
6139,Employee_6139,user_6139@example.com,3,98217
6140,Employee_6140,user_6140@example.com,9,53703
6141,Employee_6141,user_6141@example.com,2,99055
6142,Employee_6142,user_6142@example.com,8,70358
6143,Employee_6143,user_6143@example.com,16,90842
6144,Employee_6144,user_6144@example.com,10,105790
6145,Employee_6145,user_6145@example.com,15,106321
6146,Employee_6146,user_6146@example.com,4,53381
6147,Employee_6147,user_6147@example.com,3,107290
6148,Employee_6148,user_6148@example.com,18,94474
6149,Employee_6149,user_6149@example.com,10,56610
6150,Employee_6150,user_6150@example.com,13,50073
6151,Employee_6151,user_6151@example.com,7,73579
6152,Employee_6152,user_6152@example.com,10,60137
6153,Employee_6153,user_6153@example.com,13,73803
6154,Employee_6154,user_6154@example.com,4,31798
6155,Employee_6155,user_6155@example.com,10,104420
6156,Employee_6156,user_6156@example.com,18,84440
6157,Employee_6157,user_6157@example.com,11,76936
6158,Employee_6158,user_6158@example.com,18,82875
6159,Employee_6159,user_6159@example.com,1,53900
6160,Employee_6160,user_6160@example.com,8,98797
6161,Employee_6161,user_6161@example.com,5,43952
6162,Employee_6162,user_6162@example.com,20,103187
6163,Employee_6163,user_6163@example.com,3,92461
6164,Employee_6164,user_6164@example.com,11,65246
6165,Employee_6165,user_6165@example.com,6,33691
6166,Employee_6166,user_6166@example.com,18,52074
6167,Employee_6167,user_6167@example.com,12,47611
6168,Employee_6168,user_6168@example.com,14,77351
6169,Employee_6169,user_6169@example.com,20,90573
6170,Employee_6170,user_6170@example.com,14,37424
6171,Employee_6171,user_6171@example.com,4,87851
6172,Employee_6172,user_6172@example.com,5,75519
6173,Employee_6173,user_6173@example.com,9,35985
6174,Employee_6174,user_6174@example.com,3,42216
6175,Employee_6175,user_6175@example.com,10,65473
6176,Employee_6176,user_6176@example.com,3,38365
6177,Employee_6177,user_6177@example.com,9,48404
6178,Employee_6178,user_6178@example.com,18,60055
6179,Employee_6179,user_6179@example.com,12,91468
6180,Employee_6180,user_6180@example.com,13,102197
6181,Employee_6181,user_6181@example.com,7,56008
6182,Employee_6182,user_6182@example.com,4,46016
6183,Employee_6183,user_6183@example.com,16,88225
6184,Employee_6184,user_6184@example.com,2,71045
6185,Employee_6185,user_6185@example.com,20,61288
6186,Employee_6186,user_6186@example.com,10,71570
6187,Employee_6187,user_6187@example.com,11,57145
6188,Employee_6188,user_6188@example.com,17,69538
6189,Employee_6189,user_6189@example.com,13,91552
6190,Employee_6190,user_6190@example.com,19,79158
6191,Employee_6191,user_6191@example.com,6,37968
6192,Employee_6192,user_6192@example.com,16,47952
6193,Employee_6193,user_6193@example.com,1,67522
6194,Employee_6194,user_6194@example.com,11,81675
6195,Employee_6195,user_6195@example.com,3,106034
6196,Employee_6196,user_6196@example.com,10,60724
6197,Employee_6197,user_6197@example.com,13,112938
6198,Employee_6198,user_6198@example.com,13,78560
6199,Employee_6199,user_6199@example.com,6,107941
6200,Employee_6200,user_6200@example.com,19,30833
6201,Employee_6201,user_6201@example.com,15,32620
6202,Employee_6202,user_6202@example.com,15,42503
6203,Employee_6203,user_6203@example.com,2,96711
6204,Employee_6204,user_6204@example.com,3,91371
6205,Employee_6205,user_6205@example.com,9,42424
6206,Employee_6206,user_6206@example.com,4,108343
6207,Employee_6207,user_6207@example.com,4,109977
6208,Employee_6208,user_6208@example.com,3,31728
6209,Employee_6209,user_6209@example.com,8,54727
6210,Employee_6210,user_6210@example.com,9,42786
6211,Employee_6211,user_6211@example.com,7,63871
6212,Employee_6212,user_6212@example.com,17,52023
6213,Employee_6213,user_6213@example.com,9,71247
6214,Employee_6214,user_6214@example.com,15,43766
6215,Employee_6215,user_6215@example.com,17,87963
6216,Employee_6216,user_6216@example.com,13,41060
6217,Employee_6217,user_6217@example.com,1,83793
6218,Employee_6218,user_6218@example.com,4,93260
6219,Employee_6219,user_6219@example.com,14,39000
6220,Employee_6220,user_6220@example.com,16,77528
6221,Employee_6221,user_6221@example.com,4,106918
6222,Employee_6222,user_6222@example.com,5,58921
6223,Employee_6223,user_6223@example.com,9,65303
6224,Employee_6224,user_6224@example.com,18,64004
6225,Employee_6225,user_6225@example.com,18,113743
6226,Employee_6226,user_6226@example.com,10,118577
6227,Employee_6227,user_6227@example.com,16,56153
6228,Employee_6228,user_6228@example.com,17,42335
6229,Employee_6229,user_6229@example.com,6,119772
6230,Employee_6230,user_6230@example.com,13,96114
6231,Employee_6231,user_6231@example.com,20,56012
6232,Employee_6232,user_6232@example.com,4,89991
6233,Employee_6233,user_6233@example.com,13,73285
6234,Employee_6234,user_6234@example.com,5,58233
6235,Employee_6235,user_6235@example.com,15,60500
6236,Employee_6236,user_6236@example.com,19,91955
6237,Employee_6237,user_6237@example.com,4,47801
6238,Employee_6238,user_6238@example.com,3,38553
6239,Employee_6239,user_6239@example.com,8,48884
6240,Employee_6240,user_6240@example.com,15,85006
6241,Employee_6241,user_6241@example.com,16,37880
6242,Employee_6242,user_6242@example.com,20,41619
6243,Employee_6243,user_6243@example.com,2,68932
6244,Employee_6244,user_6244@example.com,15,97096
6245,Employee_6245,user_6245@example.com,7,31254
6246,Employee_6246,user_6246@example.com,3,33701
6247,Employee_6247,user_6247@example.com,19,68211
6248,Employee_6248,user_6248@example.com,4,118235
6249,Employee_6249,user_6249@example.com,9,46768
6250,Employee_6250,user_6250@example.com,7,73228
6251,Employee_6251,user_6251@example.com,2,84610
6252,Employee_6252,user_6252@example.com,7,68501
6253,Employee_6253,user_6253@example.com,2,73239
6254,Employee_6254,user_6254@example.com,13,57807
6255,Employee_6255,user_6255@example.com,14,68382
6256,Employee_6256,user_6256@example.com,15,85032
6257,Employee_6257,user_6257@example.com,8,31758
6258,Employee_6258,user_6258@example.com,9,94335
6259,Employee_6259,user_6259@example.com,12,117899
6260,Employee_6260,user_6260@example.com,13,90066
6261,Employee_6261,user_6261@example.com,15,57958
6262,Employee_6262,user_6262@example.com,16,88715
6263,Employee_6263,user_6263@example.com,20,58031
6264,Employee_6264,user_6264@example.com,10,37917
6265,Employee_6265,user_6265@example.com,7,91190
6266,Employee_6266,user_6266@example.com,18,98586
6267,Employee_6267,user_6267@example.com,1,90872
6268,Employee_6268,user_6268@example.com,16,57654
6269,Employee_6269,user_6269@example.com,6,71260
6270,Employee_6270,user_6270@example.com,13,73276
6271,Employee_6271,user_6271@example.com,6,89713
6272,Employee_6272,user_6272@example.com,9,80234
6273,Employee_6273,user_6273@example.com,4,48897
6274,Employee_6274,user_6274@example.com,17,44588
6275,Employee_6275,user_6275@example.com,17,68319
6276,Employee_6276,user_6276@example.com,2,115018
6277,Employee_6277,user_6277@example.com,12,96882
6278,Employee_6278,user_6278@example.com,8,116648
6279,Employee_6279,user_6279@example.com,16,71517
6280,Employee_6280,user_6280@example.com,20,52336
6281,Employee_6281,user_6281@example.com,20,97697
6282,Employee_6282,user_6282@example.com,9,104704
6283,Employee_6283,user_6283@example.com,18,31284
6284,Employee_6284,user_6284@example.com,19,77094
6285,Employee_6285,user_6285@example.com,16,84632
6286,Employee_6286,user_6286@example.com,13,62744
6287,Employee_6287,user_6287@example.com,4,93530
6288,Employee_6288,user_6288@example.com,16,92208
6289,Employee_6289,user_6289@example.com,4,101324
6290,Employee_6290,user_6290@example.com,20,96561
6291,Employee_6291,user_6291@example.com,4,85856
6292,Employee_6292,user_6292@example.com,2,110192
6293,Employee_6293,user_6293@example.com,3,93934
6294,Employee_6294,user_6294@example.com,15,37983
6295,Employee_6295,user_6295@example.com,17,115328
6296,Employee_6296,user_6296@example.com,9,89412
6297,Employee_6297,user_6297@example.com,17,114665
6298,Employee_6298,user_6298@example.com,10,97921
6299,Employee_6299,user_6299@example.com,19,83417
6300,Employee_6300,user_6300@example.com,10,65867
6301,Employee_6301,user_6301@example.com,10,77515
6302,Employee_6302,user_6302@example.com,15,39939
6303,Employee_6303,user_6303@example.com,5,48716
6304,Employee_6304,user_6304@example.com,9,34338
6305,Employee_6305,user_6305@example.com,15,66988
6306,Employee_6306,user_6306@example.com,13,30108
6307,Employee_6307,user_6307@example.com,15,115096
6308,Employee_6308,user_6308@example.com,8,119942
6309,Employee_6309,user_6309@example.com,8,116956
6310,Employee_6310,user_6310@example.com,14,109031
6311,Employee_6311,user_6311@example.com,4,57978
6312,Employee_6312,user_6312@example.com,6,37301
6313,Employee_6313,user_6313@example.com,4,119350
6314,Employee_6314,user_6314@example.com,8,82822
6315,Employee_6315,user_6315@example.com,9,72289
6316,Employee_6316,user_6316@example.com,9,49806
6317,Employee_6317,user_6317@example.com,3,94290
6318,Employee_6318,user_6318@example.com,13,61485
6319,Employee_6319,user_6319@example.com,10,45961
6320,Employee_6320,user_6320@example.com,6,84850
6321,Employee_6321,user_6321@example.com,18,60083
6322,Employee_6322,user_6322@example.com,11,97948
6323,Employee_6323,user_6323@example.com,20,104547
6324,Employee_6324,user_6324@example.com,10,58852
6325,Employee_6325,user_6325@example.com,20,77512
6326,Employee_6326,user_6326@example.com,16,72153
6327,Employee_6327,user_6327@example.com,1,52960
6328,Employee_6328,user_6328@example.com,16,94519
6329,Employee_6329,user_6329@example.com,9,81970
6330,Employee_6330,user_6330@example.com,2,43431
6331,Employee_6331,user_6331@example.com,19,96534
6332,Employee_6332,user_6332@example.com,6,62354
6333,Employee_6333,user_6333@example.com,20,30749
6334,Employee_6334,user_6334@example.com,20,53740
6335,Employee_6335,user_6335@example.com,18,109547
6336,Employee_6336,user_6336@example.com,5,78855
6337,Employee_6337,user_6337@example.com,4,59962
6338,Employee_6338,user_6338@example.com,4,48658
6339,Employee_6339,user_6339@example.com,18,63180
6340,Employee_6340,user_6340@example.com,20,86059
6341,Employee_6341,user_6341@example.com,19,86733
6342,Employee_6342,user_6342@example.com,2,97470
6343,Employee_6343,user_6343@example.com,1,62958
6344,Employee_6344,user_6344@example.com,15,90767
6345,Employee_6345,user_6345@example.com,15,113986
6346,Employee_6346,user_6346@example.com,1,38640
6347,Employee_6347,user_6347@example.com,16,100195
6348,Employee_6348,user_6348@example.com,7,111189
6349,Employee_6349,user_6349@example.com,19,116974
6350,Employee_6350,user_6350@example.com,17,86132
6351,Employee_6351,user_6351@example.com,5,42318
6352,Employee_6352,user_6352@example.com,15,43163
6353,Employee_6353,user_6353@example.com,13,105187
6354,Employee_6354,user_6354@example.com,5,49501
6355,Employee_6355,user_6355@example.com,7,31867
6356,Employee_6356,user_6356@example.com,16,88371
6357,Employee_6357,user_6357@example.com,10,41642
6358,Employee_6358,user_6358@example.com,7,77835
6359,Employee_6359,user_6359@example.com,17,34316
6360,Employee_6360,user_6360@example.com,4,67413
6361,Employee_6361,user_6361@example.com,1,65248
6362,Employee_6362,user_6362@example.com,9,107794
6363,Employee_6363,user_6363@example.com,11,71355
6364,Employee_6364,user_6364@example.com,6,36677
6365,Employee_6365,user_6365@example.com,11,116590
6366,Employee_6366,user_6366@example.com,3,32164
6367,Employee_6367,user_6367@example.com,10,67765
6368,Employee_6368,user_6368@example.com,15,48753
6369,Employee_6369,user_6369@example.com,12,43240
6370,Employee_6370,user_6370@example.com,12,115092
6371,Employee_6371,user_6371@example.com,9,112773
6372,Employee_6372,user_6372@example.com,8,83901
6373,Employee_6373,user_6373@example.com,8,96243
6374,Employee_6374,user_6374@example.com,4,35083
6375,Employee_6375,user_6375@example.com,20,80746
6376,Employee_6376,user_6376@example.com,10,75712
6377,Employee_6377,user_6377@example.com,14,105168
6378,Employee_6378,user_6378@example.com,4,69730
6379,Employee_6379,user_6379@example.com,5,59105
6380,Employee_6380,user_6380@example.com,14,40824
6381,Employee_6381,user_6381@example.com,5,37899
6382,Employee_6382,user_6382@example.com,12,50820
6383,Employee_6383,user_6383@example.com,16,102492
6384,Employee_6384,user_6384@example.com,12,73297
6385,Employee_6385,user_6385@example.com,9,111877
6386,Employee_6386,user_6386@example.com,18,49201
6387,Employee_6387,user_6387@example.com,8,52368
6388,Employee_6388,user_6388@example.com,3,86028
6389,Employee_6389,user_6389@example.com,18,32774
6390,Employee_6390,user_6390@example.com,15,106889
6391,Employee_6391,user_6391@example.com,10,71847
6392,Employee_6392,user_6392@example.com,20,81486
6393,Employee_6393,user_6393@example.com,11,118717
6394,Employee_6394,user_6394@example.com,6,37334
6395,Employee_6395,user_6395@example.com,2,109350
6396,Employee_6396,user_6396@example.com,15,46554
6397,Employee_6397,user_6397@example.com,4,115208
6398,Employee_6398,user_6398@example.com,9,57914
6399,Employee_6399,user_6399@example.com,18,80330
6400,Employee_6400,user_6400@example.com,2,44481
6401,Employee_6401,user_6401@example.com,18,97697
6402,Employee_6402,user_6402@example.com,1,107518
6403,Employee_6403,user_6403@example.com,11,95150
6404,Employee_6404,user_6404@example.com,14,94673
6405,Employee_6405,user_6405@example.com,13,78947
6406,Employee_6406,user_6406@example.com,19,51901
6407,Employee_6407,user_6407@example.com,12,78310
6408,Employee_6408,user_6408@example.com,19,85424
6409,Employee_6409,user_6409@example.com,11,92370
6410,Employee_6410,user_6410@example.com,18,74829
6411,Employee_6411,user_6411@example.com,1,49148
6412,Employee_6412,user_6412@example.com,15,50448
6413,Employee_6413,user_6413@example.com,5,114269
6414,Employee_6414,user_6414@example.com,4,59299
6415,Employee_6415,user_6415@example.com,3,78620
6416,Employee_6416,user_6416@example.com,7,111091
6417,Employee_6417,user_6417@example.com,16,106207
6418,Employee_6418,user_6418@example.com,15,67324
6419,Employee_6419,user_6419@example.com,20,84850
6420,Employee_6420,user_6420@example.com,13,60323
6421,Employee_6421,user_6421@example.com,5,111384
6422,Employee_6422,user_6422@example.com,20,119628
6423,Employee_6423,user_6423@example.com,17,45628
6424,Employee_6424,user_6424@example.com,1,50000
6425,Employee_6425,user_6425@example.com,4,60770
6426,Employee_6426,user_6426@example.com,5,55959
6427,Employee_6427,user_6427@example.com,17,115377
6428,Employee_6428,user_6428@example.com,11,116732
6429,Employee_6429,user_6429@example.com,20,93872
6430,Employee_6430,user_6430@example.com,15,80636
6431,Employee_6431,user_6431@example.com,17,57903
6432,Employee_6432,user_6432@example.com,12,50684
6433,Employee_6433,user_6433@example.com,14,41665
6434,Employee_6434,user_6434@example.com,12,87629
6435,Employee_6435,user_6435@example.com,16,84355
6436,Employee_6436,user_6436@example.com,5,51906
6437,Employee_6437,user_6437@example.com,11,110791
6438,Employee_6438,user_6438@example.com,10,78106
6439,Employee_6439,user_6439@example.com,7,48708
6440,Employee_6440,user_6440@example.com,1,66036
6441,Employee_6441,user_6441@example.com,5,85524
6442,Employee_6442,user_6442@example.com,1,39267
6443,Employee_6443,user_6443@example.com,19,104843
6444,Employee_6444,user_6444@example.com,5,40787
6445,Employee_6445,user_6445@example.com,1,109710
6446,Employee_6446,user_6446@example.com,7,64889
6447,Employee_6447,user_6447@example.com,10,106849
6448,Employee_6448,user_6448@example.com,19,60201
6449,Employee_6449,user_6449@example.com,3,47207
6450,Employee_6450,user_6450@example.com,9,114783
6451,Employee_6451,user_6451@example.com,13,105387
6452,Employee_6452,user_6452@example.com,17,115482
6453,Employee_6453,user_6453@example.com,13,81755
6454,Employee_6454,user_6454@example.com,1,101273
6455,Employee_6455,user_6455@example.com,3,92591
6456,Employee_6456,user_6456@example.com,12,102580
6457,Employee_6457,user_6457@example.com,20,65112
6458,Employee_6458,user_6458@example.com,7,89402
6459,Employee_6459,user_6459@example.com,19,93263
6460,Employee_6460,user_6460@example.com,10,106384
6461,Employee_6461,user_6461@example.com,15,107512
6462,Employee_6462,user_6462@example.com,3,90438
6463,Employee_6463,user_6463@example.com,14,89912
6464,Employee_6464,user_6464@example.com,19,56021
6465,Employee_6465,user_6465@example.com,13,96034
6466,Employee_6466,user_6466@example.com,10,98433
6467,Employee_6467,user_6467@example.com,11,73730
6468,Employee_6468,user_6468@example.com,14,43575
6469,Employee_6469,user_6469@example.com,2,92298
6470,Employee_6470,user_6470@example.com,20,118695
6471,Employee_6471,user_6471@example.com,18,113327
6472,Employee_6472,user_6472@example.com,11,96233
6473,Employee_6473,user_6473@example.com,8,98044
6474,Employee_6474,user_6474@example.com,2,95490
6475,Employee_6475,user_6475@example.com,7,46258
6476,Employee_6476,user_6476@example.com,7,35113
6477,Employee_6477,user_6477@example.com,10,43512
6478,Employee_6478,user_6478@example.com,9,75310
6479,Employee_6479,user_6479@example.com,5,44615
6480,Employee_6480,user_6480@example.com,4,34565
6481,Employee_6481,user_6481@example.com,15,84265
6482,Employee_6482,user_6482@example.com,20,99544
6483,Employee_6483,user_6483@example.com,11,85271
6484,Employee_6484,user_6484@example.com,16,38330
6485,Employee_6485,user_6485@example.com,16,59917
6486,Employee_6486,user_6486@example.com,10,58390
6487,Employee_6487,user_6487@example.com,7,45648
6488,Employee_6488,user_6488@example.com,3,106519
6489,Employee_6489,user_6489@example.com,4,80857
6490,Employee_6490,user_6490@example.com,4,36404
6491,Employee_6491,user_6491@example.com,14,92230
6492,Employee_6492,user_6492@example.com,12,71814
6493,Employee_6493,user_6493@example.com,11,38156
6494,Employee_6494,user_6494@example.com,15,115106
6495,Employee_6495,user_6495@example.com,1,34385
6496,Employee_6496,user_6496@example.com,9,101142
6497,Employee_6497,user_6497@example.com,14,101805
6498,Employee_6498,user_6498@example.com,7,61115
6499,Employee_6499,user_6499@example.com,19,100337
6500,Employee_6500,user_6500@example.com,17,67470
6501,Employee_6501,user_6501@example.com,2,44797
6502,Employee_6502,user_6502@example.com,20,87918
6503,Employee_6503,user_6503@example.com,8,103674
6504,Employee_6504,user_6504@example.com,2,106281
6505,Employee_6505,user_6505@example.com,12,91803
6506,Employee_6506,user_6506@example.com,4,75988
6507,Employee_6507,user_6507@example.com,12,92298
6508,Employee_6508,user_6508@example.com,2,69722
6509,Employee_6509,user_6509@example.com,19,45273
6510,Employee_6510,user_6510@example.com,18,65844
6511,Employee_6511,user_6511@example.com,7,83833
6512,Employee_6512,user_6512@example.com,13,69444
6513,Employee_6513,user_6513@example.com,2,56680
6514,Employee_6514,user_6514@example.com,13,40743
6515,Employee_6515,user_6515@example.com,15,100626
6516,Employee_6516,user_6516@example.com,1,103998
6517,Employee_6517,user_6517@example.com,18,77042
6518,Employee_6518,user_6518@example.com,16,36127
6519,Employee_6519,user_6519@example.com,13,89017
6520,Employee_6520,user_6520@example.com,20,80135
6521,Employee_6521,user_6521@example.com,5,60896
6522,Employee_6522,user_6522@example.com,13,60299
6523,Employee_6523,user_6523@example.com,8,85147
6524,Employee_6524,user_6524@example.com,18,82467
6525,Employee_6525,user_6525@example.com,17,92341
6526,Employee_6526,user_6526@example.com,16,34073
6527,Employee_6527,user_6527@example.com,4,31150
6528,Employee_6528,user_6528@example.com,16,60097
6529,Employee_6529,user_6529@example.com,10,55384
6530,Employee_6530,user_6530@example.com,4,36895
6531,Employee_6531,user_6531@example.com,13,106887
6532,Employee_6532,user_6532@example.com,6,110749
6533,Employee_6533,user_6533@example.com,2,53578
6534,Employee_6534,user_6534@example.com,10,39033
6535,Employee_6535,user_6535@example.com,10,117626
6536,Employee_6536,user_6536@example.com,8,110416
6537,Employee_6537,user_6537@example.com,6,101236
6538,Employee_6538,user_6538@example.com,2,111294
6539,Employee_6539,user_6539@example.com,1,106144
6540,Employee_6540,user_6540@example.com,3,66895
6541,Employee_6541,user_6541@example.com,1,58210
6542,Employee_6542,user_6542@example.com,11,58904
6543,Employee_6543,user_6543@example.com,2,73831
6544,Employee_6544,user_6544@example.com,2,49356
6545,Employee_6545,user_6545@example.com,14,59467
6546,Employee_6546,user_6546@example.com,1,58668
6547,Employee_6547,user_6547@example.com,2,57526
6548,Employee_6548,user_6548@example.com,4,70916
6549,Employee_6549,user_6549@example.com,15,80276
6550,Employee_6550,user_6550@example.com,6,92927
6551,Employee_6551,user_6551@example.com,10,70052
6552,Employee_6552,user_6552@example.com,4,90083
6553,Employee_6553,user_6553@example.com,17,65105
6554,Employee_6554,user_6554@example.com,3,72692
6555,Employee_6555,user_6555@example.com,8,109057
6556,Employee_6556,user_6556@example.com,15,35902
6557,Employee_6557,user_6557@example.com,16,42179
6558,Employee_6558,user_6558@example.com,10,64597
6559,Employee_6559,user_6559@example.com,9,94585
6560,Employee_6560,user_6560@example.com,15,45769
6561,Employee_6561,user_6561@example.com,13,96497
6562,Employee_6562,user_6562@example.com,9,80113
6563,Employee_6563,user_6563@example.com,1,59815
6564,Employee_6564,user_6564@example.com,11,41593
6565,Employee_6565,user_6565@example.com,9,97770
6566,Employee_6566,user_6566@example.com,11,105060
6567,Employee_6567,user_6567@example.com,14,35065
6568,Employee_6568,user_6568@example.com,6,97855
6569,Employee_6569,user_6569@example.com,12,55935
6570,Employee_6570,user_6570@example.com,10,119636
6571,Employee_6571,user_6571@example.com,18,61244
6572,Employee_6572,user_6572@example.com,14,42077
6573,Employee_6573,user_6573@example.com,11,98193
6574,Employee_6574,user_6574@example.com,3,61611
6575,Employee_6575,user_6575@example.com,18,36410
6576,Employee_6576,user_6576@example.com,7,72105
6577,Employee_6577,user_6577@example.com,8,72502
6578,Employee_6578,user_6578@example.com,15,36658
6579,Employee_6579,user_6579@example.com,14,50660
6580,Employee_6580,user_6580@example.com,9,49768
6581,Employee_6581,user_6581@example.com,13,113354
6582,Employee_6582,user_6582@example.com,8,34661
6583,Employee_6583,user_6583@example.com,10,70838
6584,Employee_6584,user_6584@example.com,3,101789
6585,Employee_6585,user_6585@example.com,6,33324
6586,Employee_6586,user_6586@example.com,14,93164
6587,Employee_6587,user_6587@example.com,3,35416
6588,Employee_6588,user_6588@example.com,9,33598
6589,Employee_6589,user_6589@example.com,17,117207
6590,Employee_6590,user_6590@example.com,3,44413
6591,Employee_6591,user_6591@example.com,19,106169
6592,Employee_6592,user_6592@example.com,1,57840
6593,Employee_6593,user_6593@example.com,3,104467
6594,Employee_6594,user_6594@example.com,11,40630
6595,Employee_6595,user_6595@example.com,19,63331
6596,Employee_6596,user_6596@example.com,9,116589
6597,Employee_6597,user_6597@example.com,6,46572
6598,Employee_6598,user_6598@example.com,18,80497
6599,Employee_6599,user_6599@example.com,19,98587
6600,Employee_6600,user_6600@example.com,3,40957
6601,Employee_6601,user_6601@example.com,4,81214
6602,Employee_6602,user_6602@example.com,15,57665
6603,Employee_6603,user_6603@example.com,15,73754
6604,Employee_6604,user_6604@example.com,8,31439
6605,Employee_6605,user_6605@example.com,10,114266
6606,Employee_6606,user_6606@example.com,10,98622
6607,Employee_6607,user_6607@example.com,15,32726
6608,Employee_6608,user_6608@example.com,17,89200
6609,Employee_6609,user_6609@example.com,1,106027
6610,Employee_6610,user_6610@example.com,14,117723
6611,Employee_6611,user_6611@example.com,5,103274
6612,Employee_6612,user_6612@example.com,4,53068
6613,Employee_6613,user_6613@example.com,10,113975
6614,Employee_6614,user_6614@example.com,20,31317
6615,Employee_6615,user_6615@example.com,9,86943
6616,Employee_6616,user_6616@example.com,13,57881
6617,Employee_6617,user_6617@example.com,13,60729
6618,Employee_6618,user_6618@example.com,15,47495
6619,Employee_6619,user_6619@example.com,13,46243
6620,Employee_6620,user_6620@example.com,19,66478
6621,Employee_6621,user_6621@example.com,1,98925
6622,Employee_6622,user_6622@example.com,16,69883
6623,Employee_6623,user_6623@example.com,5,116964
6624,Employee_6624,user_6624@example.com,12,77520
6625,Employee_6625,user_6625@example.com,20,57422
6626,Employee_6626,user_6626@example.com,6,61014
6627,Employee_6627,user_6627@example.com,17,101667
6628,Employee_6628,user_6628@example.com,9,54512
6629,Employee_6629,user_6629@example.com,7,61023
6630,Employee_6630,user_6630@example.com,1,92089
6631,Employee_6631,user_6631@example.com,4,73697
6632,Employee_6632,user_6632@example.com,4,90226
6633,Employee_6633,user_6633@example.com,6,32569
6634,Employee_6634,user_6634@example.com,9,61208
6635,Employee_6635,user_6635@example.com,18,66703
6636,Employee_6636,user_6636@example.com,12,31577
6637,Employee_6637,user_6637@example.com,18,71504
6638,Employee_6638,user_6638@example.com,10,60946
6639,Employee_6639,user_6639@example.com,8,37287
6640,Employee_6640,user_6640@example.com,10,50879
6641,Employee_6641,user_6641@example.com,8,94660
6642,Employee_6642,user_6642@example.com,20,79377
6643,Employee_6643,user_6643@example.com,14,88735
6644,Employee_6644,user_6644@example.com,10,94627
6645,Employee_6645,user_6645@example.com,8,105631
6646,Employee_6646,user_6646@example.com,9,49626
6647,Employee_6647,user_6647@example.com,16,41626
6648,Employee_6648,user_6648@example.com,6,44064
6649,Employee_6649,user_6649@example.com,18,71416
6650,Employee_6650,user_6650@example.com,4,38204
6651,Employee_6651,user_6651@example.com,14,98316
6652,Employee_6652,user_6652@example.com,1,55372
6653,Employee_6653,user_6653@example.com,4,99472
6654,Employee_6654,user_6654@example.com,19,105524
6655,Employee_6655,user_6655@example.com,6,103727
6656,Employee_6656,user_6656@example.com,16,47069
6657,Employee_6657,user_6657@example.com,17,88384
6658,Employee_6658,user_6658@example.com,5,94584
6659,Employee_6659,user_6659@example.com,14,104504
6660,Employee_6660,user_6660@example.com,11,54310
6661,Employee_6661,user_6661@example.com,16,98878
6662,Employee_6662,user_6662@example.com,15,96106
6663,Employee_6663,user_6663@example.com,1,118435
6664,Employee_6664,user_6664@example.com,11,40171
6665,Employee_6665,user_6665@example.com,20,95027
6666,Employee_6666,user_6666@example.com,15,117089
6667,Employee_6667,user_6667@example.com,16,68010
6668,Employee_6668,user_6668@example.com,8,85160
6669,Employee_6669,user_6669@example.com,5,114498
6670,Employee_6670,user_6670@example.com,16,40536
6671,Employee_6671,user_6671@example.com,19,87994
6672,Employee_6672,user_6672@example.com,19,89286
6673,Employee_6673,user_6673@example.com,16,75405
6674,Employee_6674,user_6674@example.com,2,115020
6675,Employee_6675,user_6675@example.com,8,36558
6676,Employee_6676,user_6676@example.com,9,100506
6677,Employee_6677,user_6677@example.com,17,99445
6678,Employee_6678,user_6678@example.com,12,56420
6679,Employee_6679,user_6679@example.com,10,69299
6680,Employee_6680,user_6680@example.com,13,30704
6681,Employee_6681,user_6681@example.com,5,71096
6682,Employee_6682,user_6682@example.com,7,74132
6683,Employee_6683,user_6683@example.com,1,100858
6684,Employee_6684,user_6684@example.com,3,93522
6685,Employee_6685,user_6685@example.com,7,83372
6686,Employee_6686,user_6686@example.com,19,45564
6687,Employee_6687,user_6687@example.com,8,82928
6688,Employee_6688,user_6688@example.com,18,115727
6689,Employee_6689,user_6689@example.com,17,37408
6690,Employee_6690,user_6690@example.com,12,89570
6691,Employee_6691,user_6691@example.com,16,48454
6692,Employee_6692,user_6692@example.com,8,71370
6693,Employee_6693,user_6693@example.com,17,97254
6694,Employee_6694,user_6694@example.com,1,54711
6695,Employee_6695,user_6695@example.com,3,106341
6696,Employee_6696,user_6696@example.com,20,37746
6697,Employee_6697,user_6697@example.com,18,66919
6698,Employee_6698,user_6698@example.com,14,111398
6699,Employee_6699,user_6699@example.com,9,38468
6700,Employee_6700,user_6700@example.com,13,35388
6701,Employee_6701,user_6701@example.com,15,33410
6702,Employee_6702,user_6702@example.com,9,60069
6703,Employee_6703,user_6703@example.com,3,100290
6704,Employee_6704,user_6704@example.com,17,98071
6705,Employee_6705,user_6705@example.com,7,102401
6706,Employee_6706,user_6706@example.com,17,56445
6707,Employee_6707,user_6707@example.com,9,33935
6708,Employee_6708,user_6708@example.com,1,119727
6709,Employee_6709,user_6709@example.com,6,49262
6710,Employee_6710,user_6710@example.com,4,30250
6711,Employee_6711,user_6711@example.com,3,103205
6712,Employee_6712,user_6712@example.com,20,100479
6713,Employee_6713,user_6713@example.com,16,85665
6714,Employee_6714,user_6714@example.com,13,106474
6715,Employee_6715,user_6715@example.com,16,34588
6716,Employee_6716,user_6716@example.com,5,49083
6717,Employee_6717,user_6717@example.com,18,36856
6718,Employee_6718,user_6718@example.com,4,115132
6719,Employee_6719,user_6719@example.com,12,117461
6720,Employee_6720,user_6720@example.com,2,94891
6721,Employee_6721,user_6721@example.com,14,86724
6722,Employee_6722,user_6722@example.com,8,33415
6723,Employee_6723,user_6723@example.com,4,34477
6724,Employee_6724,user_6724@example.com,14,119429
6725,Employee_6725,user_6725@example.com,13,67124
6726,Employee_6726,user_6726@example.com,14,87681
6727,Employee_6727,user_6727@example.com,5,65335
6728,Employee_6728,user_6728@example.com,9,81382
6729,Employee_6729,user_6729@example.com,1,112527
6730,Employee_6730,user_6730@example.com,5,43885
6731,Employee_6731,user_6731@example.com,11,31933
6732,Employee_6732,user_6732@example.com,7,96858
6733,Employee_6733,user_6733@example.com,4,90992
6734,Employee_6734,user_6734@example.com,7,67538
6735,Employee_6735,user_6735@example.com,19,112397
6736,Employee_6736,user_6736@example.com,1,56400
6737,Employee_6737,user_6737@example.com,16,97201
6738,Employee_6738,user_6738@example.com,13,78032
6739,Employee_6739,user_6739@example.com,10,96153
6740,Employee_6740,user_6740@example.com,4,95333
6741,Employee_6741,user_6741@example.com,11,47528
6742,Employee_6742,user_6742@example.com,4,82393
6743,Employee_6743,user_6743@example.com,12,111684
6744,Employee_6744,user_6744@example.com,16,64426
6745,Employee_6745,user_6745@example.com,16,67269
6746,Employee_6746,user_6746@example.com,7,88174
6747,Employee_6747,user_6747@example.com,19,64203
6748,Employee_6748,user_6748@example.com,16,64482
6749,Employee_6749,user_6749@example.com,18,103210
6750,Employee_6750,user_6750@example.com,5,118134
6751,Employee_6751,user_6751@example.com,15,68455
6752,Employee_6752,user_6752@example.com,6,57422
6753,Employee_6753,user_6753@example.com,1,93337
6754,Employee_6754,user_6754@example.com,10,85722
6755,Employee_6755,user_6755@example.com,11,75138
6756,Employee_6756,user_6756@example.com,1,67843
6757,Employee_6757,user_6757@example.com,19,115349
6758,Employee_6758,user_6758@example.com,2,44301
6759,Employee_6759,user_6759@example.com,3,58191
6760,Employee_6760,user_6760@example.com,4,69709
6761,Employee_6761,user_6761@example.com,9,84331
6762,Employee_6762,user_6762@example.com,19,66628
6763,Employee_6763,user_6763@example.com,8,88921
6764,Employee_6764,user_6764@example.com,20,78450
6765,Employee_6765,user_6765@example.com,3,51618
6766,Employee_6766,user_6766@example.com,9,53436
6767,Employee_6767,user_6767@example.com,2,77892
6768,Employee_6768,user_6768@example.com,16,101172
6769,Employee_6769,user_6769@example.com,9,74029
6770,Employee_6770,user_6770@example.com,5,105328
6771,Employee_6771,user_6771@example.com,4,86510
6772,Employee_6772,user_6772@example.com,14,102089
6773,Employee_6773,user_6773@example.com,20,37807
6774,Employee_6774,user_6774@example.com,18,65108
6775,Employee_6775,user_6775@example.com,9,38925
6776,Employee_6776,user_6776@example.com,13,44657
6777,Employee_6777,user_6777@example.com,17,48052
6778,Employee_6778,user_6778@example.com,8,117650
6779,Employee_6779,user_6779@example.com,15,80201
6780,Employee_6780,user_6780@example.com,14,46492
6781,Employee_6781,user_6781@example.com,9,83749
6782,Employee_6782,user_6782@example.com,6,70608
6783,Employee_6783,user_6783@example.com,10,98601
6784,Employee_6784,user_6784@example.com,15,101589
6785,Employee_6785,user_6785@example.com,7,85523
6786,Employee_6786,user_6786@example.com,13,42315
6787,Employee_6787,user_6787@example.com,20,110643
6788,Employee_6788,user_6788@example.com,10,91319
6789,Employee_6789,user_6789@example.com,17,89611
6790,Employee_6790,user_6790@example.com,17,44439
6791,Employee_6791,user_6791@example.com,20,55373
6792,Employee_6792,user_6792@example.com,10,34340
6793,Employee_6793,user_6793@example.com,20,77974
6794,Employee_6794,user_6794@example.com,14,91559
6795,Employee_6795,user_6795@example.com,13,34629
6796,Employee_6796,user_6796@example.com,3,78097
6797,Employee_6797,user_6797@example.com,11,61191
6798,Employee_6798,user_6798@example.com,10,80072
6799,Employee_6799,user_6799@example.com,6,49619
6800,Employee_6800,user_6800@example.com,12,45823
6801,Employee_6801,user_6801@example.com,3,114490
6802,Employee_6802,user_6802@example.com,7,69617
6803,Employee_6803,user_6803@example.com,4,30070
6804,Employee_6804,user_6804@example.com,9,99372
6805,Employee_6805,user_6805@example.com,17,74167
6806,Employee_6806,user_6806@example.com,17,93086
6807,Employee_6807,user_6807@example.com,9,113826
6808,Employee_6808,user_6808@example.com,1,44482
6809,Employee_6809,user_6809@example.com,12,59360
6810,Employee_6810,user_6810@example.com,15,116104
6811,Employee_6811,user_6811@example.com,6,51665
6812,Employee_6812,user_6812@example.com,4,42307
6813,Employee_6813,user_6813@example.com,5,83506
6814,Employee_6814,user_6814@example.com,4,45690
6815,Employee_6815,user_6815@example.com,18,78858
6816,Employee_6816,user_6816@example.com,12,72961
6817,Employee_6817,user_6817@example.com,8,62476
6818,Employee_6818,user_6818@example.com,7,82374
6819,Employee_6819,user_6819@example.com,7,74366
6820,Employee_6820,user_6820@example.com,2,94918
6821,Employee_6821,user_6821@example.com,17,53250
6822,Employee_6822,user_6822@example.com,7,32479
6823,Employee_6823,user_6823@example.com,3,34826
6824,Employee_6824,user_6824@example.com,14,116105
6825,Employee_6825,user_6825@example.com,4,115630
6826,Employee_6826,user_6826@example.com,2,106729
6827,Employee_6827,user_6827@example.com,13,101095
6828,Employee_6828,user_6828@example.com,11,57402
6829,Employee_6829,user_6829@example.com,9,40398
6830,Employee_6830,user_6830@example.com,16,40721
6831,Employee_6831,user_6831@example.com,3,33552
6832,Employee_6832,user_6832@example.com,8,91219
6833,Employee_6833,user_6833@example.com,4,42085
6834,Employee_6834,user_6834@example.com,9,49488
6835,Employee_6835,user_6835@example.com,7,49849
6836,Employee_6836,user_6836@example.com,12,107364
6837,Employee_6837,user_6837@example.com,16,105425
6838,Employee_6838,user_6838@example.com,2,112257
6839,Employee_6839,user_6839@example.com,19,113155
6840,Employee_6840,user_6840@example.com,2,119335
6841,Employee_6841,user_6841@example.com,12,107561
6842,Employee_6842,user_6842@example.com,5,68584
6843,Employee_6843,user_6843@example.com,1,57343
6844,Employee_6844,user_6844@example.com,15,110870
6845,Employee_6845,user_6845@example.com,17,54092
6846,Employee_6846,user_6846@example.com,13,114789
6847,Employee_6847,user_6847@example.com,13,53174
6848,Employee_6848,user_6848@example.com,12,36358
6849,Employee_6849,user_6849@example.com,3,61065
6850,Employee_6850,user_6850@example.com,15,73265
6851,Employee_6851,user_6851@example.com,14,106510
6852,Employee_6852,user_6852@example.com,20,102869
6853,Employee_6853,user_6853@example.com,6,65501
6854,Employee_6854,user_6854@example.com,7,65805
6855,Employee_6855,user_6855@example.com,18,119803
6856,Employee_6856,user_6856@example.com,7,87758
6857,Employee_6857,user_6857@example.com,4,118894
6858,Employee_6858,user_6858@example.com,19,67484
6859,Employee_6859,user_6859@example.com,6,77480
6860,Employee_6860,user_6860@example.com,19,57301
6861,Employee_6861,user_6861@example.com,15,67971
6862,Employee_6862,user_6862@example.com,13,111093
6863,Employee_6863,user_6863@example.com,14,82452
6864,Employee_6864,user_6864@example.com,3,107047
6865,Employee_6865,user_6865@example.com,20,53631
6866,Employee_6866,user_6866@example.com,17,75568
6867,Employee_6867,user_6867@example.com,20,114259
6868,Employee_6868,user_6868@example.com,12,36774
6869,Employee_6869,user_6869@example.com,3,49566
6870,Employee_6870,user_6870@example.com,18,110924
6871,Employee_6871,user_6871@example.com,12,103570
6872,Employee_6872,user_6872@example.com,6,45919
6873,Employee_6873,user_6873@example.com,13,104684
6874,Employee_6874,user_6874@example.com,6,37253
6875,Employee_6875,user_6875@example.com,17,36408
6876,Employee_6876,user_6876@example.com,18,73514
6877,Employee_6877,user_6877@example.com,15,65412
6878,Employee_6878,user_6878@example.com,2,82198
6879,Employee_6879,user_6879@example.com,16,78017
6880,Employee_6880,user_6880@example.com,7,72193
6881,Employee_6881,user_6881@example.com,20,103654
6882,Employee_6882,user_6882@example.com,11,102099
6883,Employee_6883,user_6883@example.com,3,86320
6884,Employee_6884,user_6884@example.com,12,119177
6885,Employee_6885,user_6885@example.com,15,111388
6886,Employee_6886,user_6886@example.com,12,85087
6887,Employee_6887,user_6887@example.com,8,75351
6888,Employee_6888,user_6888@example.com,3,112478
6889,Employee_6889,user_6889@example.com,16,89697
6890,Employee_6890,user_6890@example.com,19,113106
6891,Employee_6891,user_6891@example.com,1,107308
6892,Employee_6892,user_6892@example.com,1,54362
6893,Employee_6893,user_6893@example.com,13,116836
6894,Employee_6894,user_6894@example.com,7,112114
6895,Employee_6895,user_6895@example.com,4,84593
6896,Employee_6896,user_6896@example.com,19,46483
6897,Employee_6897,user_6897@example.com,1,109902
6898,Employee_6898,user_6898@example.com,3,82231
6899,Employee_6899,user_6899@example.com,2,119557
6900,Employee_6900,user_6900@example.com,16,92720
6901,Employee_6901,user_6901@example.com,2,36837
6902,Employee_6902,user_6902@example.com,17,35196
6903,Employee_6903,user_6903@example.com,12,85323
6904,Employee_6904,user_6904@example.com,10,104127
6905,Employee_6905,user_6905@example.com,16,50444
6906,Employee_6906,user_6906@example.com,13,55525
6907,Employee_6907,user_6907@example.com,11,76105
6908,Employee_6908,user_6908@example.com,17,93877
6909,Employee_6909,user_6909@example.com,13,103824
6910,Employee_6910,user_6910@example.com,8,57747
6911,Employee_6911,user_6911@example.com,5,35531
6912,Employee_6912,user_6912@example.com,11,36675
6913,Employee_6913,user_6913@example.com,1,112926
6914,Employee_6914,user_6914@example.com,20,99394
6915,Employee_6915,user_6915@example.com,5,36048
6916,Employee_6916,user_6916@example.com,7,49900
6917,Employee_6917,user_6917@example.com,11,61170
6918,Employee_6918,user_6918@example.com,3,67110
6919,Employee_6919,user_6919@example.com,2,85842
6920,Employee_6920,user_6920@example.com,5,38782
6921,Employee_6921,user_6921@example.com,1,114873
6922,Employee_6922,user_6922@example.com,3,109605
6923,Employee_6923,user_6923@example.com,1,41439
6924,Employee_6924,user_6924@example.com,16,78861
6925,Employee_6925,user_6925@example.com,18,64467
6926,Employee_6926,user_6926@example.com,20,82369
6927,Employee_6927,user_6927@example.com,4,93058
6928,Employee_6928,user_6928@example.com,3,41217
6929,Employee_6929,user_6929@example.com,19,36418
6930,Employee_6930,user_6930@example.com,3,106150
6931,Employee_6931,user_6931@example.com,6,106265
6932,Employee_6932,user_6932@example.com,3,68127
6933,Employee_6933,user_6933@example.com,16,94031
6934,Employee_6934,user_6934@example.com,4,74184
6935,Employee_6935,user_6935@example.com,19,43089
6936,Employee_6936,user_6936@example.com,9,103559
6937,Employee_6937,user_6937@example.com,19,95281
6938,Employee_6938,user_6938@example.com,13,67426
6939,Employee_6939,user_6939@example.com,7,31519
6940,Employee_6940,user_6940@example.com,13,106719
6941,Employee_6941,user_6941@example.com,11,69265
6942,Employee_6942,user_6942@example.com,2,67550
6943,Employee_6943,user_6943@example.com,19,50223
6944,Employee_6944,user_6944@example.com,2,78893
6945,Employee_6945,user_6945@example.com,16,102546
6946,Employee_6946,user_6946@example.com,4,32647
6947,Employee_6947,user_6947@example.com,10,99193
6948,Employee_6948,user_6948@example.com,7,34924
6949,Employee_6949,user_6949@example.com,11,56274
6950,Employee_6950,user_6950@example.com,6,48839
6951,Employee_6951,user_6951@example.com,13,36522
6952,Employee_6952,user_6952@example.com,5,33908
6953,Employee_6953,user_6953@example.com,5,114408
6954,Employee_6954,user_6954@example.com,18,54084
6955,Employee_6955,user_6955@example.com,8,84190
6956,Employee_6956,user_6956@example.com,10,73332
6957,Employee_6957,user_6957@example.com,1,36352
6958,Employee_6958,user_6958@example.com,2,48932
6959,Employee_6959,user_6959@example.com,20,95150
6960,Employee_6960,user_6960@example.com,18,63926
6961,Employee_6961,user_6961@example.com,1,39506
6962,Employee_6962,user_6962@example.com,17,48000
6963,Employee_6963,user_6963@example.com,15,96694
6964,Employee_6964,user_6964@example.com,11,98088
6965,Employee_6965,user_6965@example.com,16,83283
6966,Employee_6966,user_6966@example.com,9,45717
6967,Employee_6967,user_6967@example.com,10,104137
6968,Employee_6968,user_6968@example.com,11,86573
6969,Employee_6969,user_6969@example.com,12,113931
6970,Employee_6970,user_6970@example.com,11,48215
6971,Employee_6971,user_6971@example.com,17,74635
6972,Employee_6972,user_6972@example.com,6,105690
6973,Employee_6973,user_6973@example.com,6,105861
6974,Employee_6974,user_6974@example.com,4,52467
6975,Employee_6975,user_6975@example.com,7,90958
6976,Employee_6976,user_6976@example.com,16,110876
6977,Employee_6977,user_6977@example.com,13,86927
6978,Employee_6978,user_6978@example.com,11,49178
6979,Employee_6979,user_6979@example.com,17,119539
6980,Employee_6980,user_6980@example.com,11,64886
6981,Employee_6981,user_6981@example.com,5,94632
6982,Employee_6982,user_6982@example.com,4,42986
6983,Employee_6983,user_6983@example.com,16,45558
6984,Employee_6984,user_6984@example.com,14,113154
6985,Employee_6985,user_6985@example.com,4,40531
6986,Employee_6986,user_6986@example.com,9,97753
6987,Employee_6987,user_6987@example.com,1,85388
6988,Employee_6988,user_6988@example.com,7,37518
6989,Employee_6989,user_6989@example.com,6,64065
6990,Employee_6990,user_6990@example.com,18,98562
6991,Employee_6991,user_6991@example.com,16,85925
6992,Employee_6992,user_6992@example.com,6,73802
6993,Employee_6993,user_6993@example.com,7,32716
6994,Employee_6994,user_6994@example.com,17,34181
6995,Employee_6995,user_6995@example.com,16,36034
6996,Employee_6996,user_6996@example.com,1,99474
6997,Employee_6997,user_6997@example.com,15,69896
6998,Employee_6998,user_6998@example.com,16,69800
6999,Employee_6999,user_6999@example.com,17,34770
7000,Employee_7000,user_7000@example.com,8,32604
7001,Employee_7001,user_7001@example.com,5,75710
7002,Employee_7002,user_7002@example.com,3,110868
7003,Employee_7003,user_7003@example.com,19,51265
7004,Employee_7004,user_7004@example.com,3,42397
7005,Employee_7005,user_7005@example.com,6,109845
7006,Employee_7006,user_7006@example.com,1,115037
7007,Employee_7007,user_7007@example.com,11,73911
7008,Employee_7008,user_7008@example.com,4,71088
7009,Employee_7009,user_7009@example.com,13,80721
7010,Employee_7010,user_7010@example.com,3,70005
7011,Employee_7011,user_7011@example.com,7,44858
7012,Employee_7012,user_7012@example.com,20,109614
7013,Employee_7013,user_7013@example.com,18,109765
7014,Employee_7014,user_7014@example.com,7,116231
7015,Employee_7015,user_7015@example.com,6,70801
7016,Employee_7016,user_7016@example.com,12,58754
7017,Employee_7017,user_7017@example.com,18,69126
7018,Employee_7018,user_7018@example.com,8,65079
7019,Employee_7019,user_7019@example.com,20,50583
7020,Employee_7020,user_7020@example.com,15,81317
7021,Employee_7021,user_7021@example.com,5,83522
7022,Employee_7022,user_7022@example.com,18,119295
7023,Employee_7023,user_7023@example.com,10,76295
7024,Employee_7024,user_7024@example.com,4,76401
7025,Employee_7025,user_7025@example.com,5,115887
7026,Employee_7026,user_7026@example.com,16,34910
7027,Employee_7027,user_7027@example.com,2,97656
7028,Employee_7028,user_7028@example.com,4,54157
7029,Employee_7029,user_7029@example.com,4,48796
7030,Employee_7030,user_7030@example.com,16,38779
7031,Employee_7031,user_7031@example.com,13,44708
7032,Employee_7032,user_7032@example.com,7,59751
7033,Employee_7033,user_7033@example.com,13,35978
7034,Employee_7034,user_7034@example.com,16,80506
7035,Employee_7035,user_7035@example.com,12,88022
7036,Employee_7036,user_7036@example.com,12,85833
7037,Employee_7037,user_7037@example.com,8,37680
7038,Employee_7038,user_7038@example.com,8,93167
7039,Employee_7039,user_7039@example.com,7,76839
7040,Employee_7040,user_7040@example.com,9,39713
7041,Employee_7041,user_7041@example.com,11,111255
7042,Employee_7042,user_7042@example.com,19,60300
7043,Employee_7043,user_7043@example.com,6,42935
7044,Employee_7044,user_7044@example.com,11,45420
7045,Employee_7045,user_7045@example.com,4,55289
7046,Employee_7046,user_7046@example.com,9,54810
7047,Employee_7047,user_7047@example.com,8,45980
7048,Employee_7048,user_7048@example.com,12,104544
7049,Employee_7049,user_7049@example.com,4,111585
7050,Employee_7050,user_7050@example.com,5,66475
7051,Employee_7051,user_7051@example.com,20,74918
7052,Employee_7052,user_7052@example.com,10,72943
7053,Employee_7053,user_7053@example.com,5,93063
7054,Employee_7054,user_7054@example.com,1,58095
7055,Employee_7055,user_7055@example.com,5,36384
7056,Employee_7056,user_7056@example.com,7,83924
7057,Employee_7057,user_7057@example.com,11,54576
7058,Employee_7058,user_7058@example.com,18,88585
7059,Employee_7059,user_7059@example.com,10,85019
7060,Employee_7060,user_7060@example.com,4,116807
7061,Employee_7061,user_7061@example.com,13,32491
7062,Employee_7062,user_7062@example.com,19,53608
7063,Employee_7063,user_7063@example.com,6,104765
7064,Employee_7064,user_7064@example.com,10,63631
7065,Employee_7065,user_7065@example.com,8,55055
7066,Employee_7066,user_7066@example.com,13,61906
7067,Employee_7067,user_7067@example.com,13,72827
7068,Employee_7068,user_7068@example.com,20,44815
7069,Employee_7069,user_7069@example.com,19,85701
7070,Employee_7070,user_7070@example.com,4,36091
7071,Employee_7071,user_7071@example.com,9,63841
7072,Employee_7072,user_7072@example.com,2,53796
7073,Employee_7073,user_7073@example.com,16,100830
7074,Employee_7074,user_7074@example.com,15,47163
7075,Employee_7075,user_7075@example.com,11,61392
7076,Employee_7076,user_7076@example.com,9,54373
7077,Employee_7077,user_7077@example.com,4,42332
7078,Employee_7078,user_7078@example.com,2,38319
7079,Employee_7079,user_7079@example.com,7,79092
7080,Employee_7080,user_7080@example.com,5,100427
7081,Employee_7081,user_7081@example.com,3,70375
7082,Employee_7082,user_7082@example.com,16,30896
7083,Employee_7083,user_7083@example.com,20,67238
7084,Employee_7084,user_7084@example.com,14,88558
7085,Employee_7085,user_7085@example.com,7,48923
7086,Employee_7086,user_7086@example.com,6,96815
7087,Employee_7087,user_7087@example.com,2,59442
7088,Employee_7088,user_7088@example.com,10,37927
7089,Employee_7089,user_7089@example.com,17,87757
7090,Employee_7090,user_7090@example.com,16,31254
7091,Employee_7091,user_7091@example.com,17,42861
7092,Employee_7092,user_7092@example.com,20,76535
7093,Employee_7093,user_7093@example.com,13,60287
7094,Employee_7094,user_7094@example.com,5,70615
7095,Employee_7095,user_7095@example.com,4,82984
7096,Employee_7096,user_7096@example.com,19,96392
7097,Employee_7097,user_7097@example.com,12,61067
7098,Employee_7098,user_7098@example.com,17,44143
7099,Employee_7099,user_7099@example.com,15,53426
7100,Employee_7100,user_7100@example.com,3,104921
7101,Employee_7101,user_7101@example.com,18,55339
7102,Employee_7102,user_7102@example.com,16,79653
7103,Employee_7103,user_7103@example.com,2,49035
7104,Employee_7104,user_7104@example.com,2,52619
7105,Employee_7105,user_7105@example.com,8,48821
7106,Employee_7106,user_7106@example.com,19,65532
7107,Employee_7107,user_7107@example.com,7,86684
7108,Employee_7108,user_7108@example.com,15,59796
7109,Employee_7109,user_7109@example.com,4,56755
7110,Employee_7110,user_7110@example.com,12,55575
7111,Employee_7111,user_7111@example.com,17,66884
7112,Employee_7112,user_7112@example.com,7,97384
7113,Employee_7113,user_7113@example.com,14,102351
7114,Employee_7114,user_7114@example.com,20,99747
7115,Employee_7115,user_7115@example.com,9,118209
7116,Employee_7116,user_7116@example.com,3,67703
7117,Employee_7117,user_7117@example.com,5,72946
7118,Employee_7118,user_7118@example.com,14,34004
7119,Employee_7119,user_7119@example.com,18,55380
7120,Employee_7120,user_7120@example.com,4,74048
7121,Employee_7121,user_7121@example.com,9,61303
7122,Employee_7122,user_7122@example.com,13,99991
7123,Employee_7123,user_7123@example.com,11,43435
7124,Employee_7124,user_7124@example.com,14,75758
7125,Employee_7125,user_7125@example.com,18,38756
7126,Employee_7126,user_7126@example.com,14,86812
7127,Employee_7127,user_7127@example.com,17,52157
7128,Employee_7128,user_7128@example.com,3,81542
7129,Employee_7129,user_7129@example.com,14,79241
7130,Employee_7130,user_7130@example.com,11,70861
7131,Employee_7131,user_7131@example.com,9,110697
7132,Employee_7132,user_7132@example.com,14,32348
7133,Employee_7133,user_7133@example.com,15,59104
7134,Employee_7134,user_7134@example.com,5,92723
7135,Employee_7135,user_7135@example.com,4,72797
7136,Employee_7136,user_7136@example.com,17,83831
7137,Employee_7137,user_7137@example.com,7,45531
7138,Employee_7138,user_7138@example.com,13,87156
7139,Employee_7139,user_7139@example.com,3,63583
7140,Employee_7140,user_7140@example.com,20,96317
7141,Employee_7141,user_7141@example.com,3,38114
7142,Employee_7142,user_7142@example.com,2,61486
7143,Employee_7143,user_7143@example.com,9,41640
7144,Employee_7144,user_7144@example.com,6,57719
7145,Employee_7145,user_7145@example.com,10,33914
7146,Employee_7146,user_7146@example.com,15,70630
7147,Employee_7147,user_7147@example.com,16,48613
7148,Employee_7148,user_7148@example.com,13,50618
7149,Employee_7149,user_7149@example.com,9,43884
7150,Employee_7150,user_7150@example.com,16,42941
7151,Employee_7151,user_7151@example.com,11,35922
7152,Employee_7152,user_7152@example.com,11,117649
7153,Employee_7153,user_7153@example.com,3,57396
7154,Employee_7154,user_7154@example.com,20,75526
7155,Employee_7155,user_7155@example.com,15,71309
7156,Employee_7156,user_7156@example.com,9,104254
7157,Employee_7157,user_7157@example.com,8,90156
7158,Employee_7158,user_7158@example.com,9,80971
7159,Employee_7159,user_7159@example.com,4,81078
7160,Employee_7160,user_7160@example.com,11,93329
7161,Employee_7161,user_7161@example.com,14,33584
7162,Employee_7162,user_7162@example.com,10,91667
7163,Employee_7163,user_7163@example.com,12,109056
7164,Employee_7164,user_7164@example.com,4,42547
7165,Employee_7165,user_7165@example.com,10,78171
7166,Employee_7166,user_7166@example.com,7,111489
7167,Employee_7167,user_7167@example.com,20,43466
7168,Employee_7168,user_7168@example.com,1,118295
7169,Employee_7169,user_7169@example.com,5,30414
7170,Employee_7170,user_7170@example.com,1,103145
7171,Employee_7171,user_7171@example.com,12,77415
7172,Employee_7172,user_7172@example.com,6,73810
7173,Employee_7173,user_7173@example.com,15,44600
7174,Employee_7174,user_7174@example.com,11,34554
7175,Employee_7175,user_7175@example.com,8,68714
7176,Employee_7176,user_7176@example.com,20,96681
7177,Employee_7177,user_7177@example.com,20,61281
7178,Employee_7178,user_7178@example.com,20,39752
7179,Employee_7179,user_7179@example.com,2,106690
7180,Employee_7180,user_7180@example.com,13,40069
7181,Employee_7181,user_7181@example.com,6,34071
7182,Employee_7182,user_7182@example.com,11,81105
7183,Employee_7183,user_7183@example.com,14,91262
7184,Employee_7184,user_7184@example.com,13,88441
7185,Employee_7185,user_7185@example.com,19,37760
7186,Employee_7186,user_7186@example.com,6,41846
7187,Employee_7187,user_7187@example.com,1,97438
7188,Employee_7188,user_7188@example.com,13,65778
7189,Employee_7189,user_7189@example.com,3,86965
7190,Employee_7190,user_7190@example.com,6,67748
7191,Employee_7191,user_7191@example.com,20,50463
7192,Employee_7192,user_7192@example.com,5,48716
7193,Employee_7193,user_7193@example.com,20,97809
7194,Employee_7194,user_7194@example.com,18,112962
7195,Employee_7195,user_7195@example.com,3,37631
7196,Employee_7196,user_7196@example.com,6,103642
7197,Employee_7197,user_7197@example.com,1,70497
7198,Employee_7198,user_7198@example.com,18,42504
7199,Employee_7199,user_7199@example.com,3,89462
7200,Employee_7200,user_7200@example.com,2,119265
7201,Employee_7201,user_7201@example.com,12,98259
7202,Employee_7202,user_7202@example.com,20,59515
7203,Employee_7203,user_7203@example.com,20,119265
7204,Employee_7204,user_7204@example.com,7,102093
7205,Employee_7205,user_7205@example.com,11,44247
7206,Employee_7206,user_7206@example.com,18,62199
7207,Employee_7207,user_7207@example.com,16,108489
7208,Employee_7208,user_7208@example.com,19,83195
7209,Employee_7209,user_7209@example.com,12,41215
7210,Employee_7210,user_7210@example.com,19,116431
7211,Employee_7211,user_7211@example.com,11,61349
7212,Employee_7212,user_7212@example.com,19,30282
7213,Employee_7213,user_7213@example.com,5,56208
7214,Employee_7214,user_7214@example.com,12,48076
7215,Employee_7215,user_7215@example.com,12,40435
7216,Employee_7216,user_7216@example.com,7,97584
7217,Employee_7217,user_7217@example.com,11,80941
7218,Employee_7218,user_7218@example.com,11,73385
7219,Employee_7219,user_7219@example.com,20,65876
7220,Employee_7220,user_7220@example.com,7,58805
7221,Employee_7221,user_7221@example.com,9,73685
7222,Employee_7222,user_7222@example.com,10,32169
7223,Employee_7223,user_7223@example.com,6,83093
7224,Employee_7224,user_7224@example.com,13,57055
7225,Employee_7225,user_7225@example.com,2,118146
7226,Employee_7226,user_7226@example.com,13,84582
7227,Employee_7227,user_7227@example.com,10,80671
7228,Employee_7228,user_7228@example.com,17,115306
7229,Employee_7229,user_7229@example.com,11,104093
7230,Employee_7230,user_7230@example.com,3,72282
7231,Employee_7231,user_7231@example.com,7,91723
7232,Employee_7232,user_7232@example.com,17,105700
7233,Employee_7233,user_7233@example.com,11,58055
7234,Employee_7234,user_7234@example.com,2,60739
7235,Employee_7235,user_7235@example.com,7,109815
7236,Employee_7236,user_7236@example.com,12,60846
7237,Employee_7237,user_7237@example.com,20,38419
7238,Employee_7238,user_7238@example.com,6,92764
7239,Employee_7239,user_7239@example.com,15,108781
7240,Employee_7240,user_7240@example.com,14,69634
7241,Employee_7241,user_7241@example.com,3,74482
7242,Employee_7242,user_7242@example.com,16,46350
7243,Employee_7243,user_7243@example.com,6,71850
7244,Employee_7244,user_7244@example.com,18,41454
7245,Employee_7245,user_7245@example.com,1,58899
7246,Employee_7246,user_7246@example.com,9,79520
7247,Employee_7247,user_7247@example.com,5,102876
7248,Employee_7248,user_7248@example.com,20,102631
7249,Employee_7249,user_7249@example.com,10,80160
7250,Employee_7250,user_7250@example.com,8,57467
7251,Employee_7251,user_7251@example.com,12,70744
7252,Employee_7252,user_7252@example.com,12,83085
7253,Employee_7253,user_7253@example.com,19,109043
7254,Employee_7254,user_7254@example.com,18,102063
7255,Employee_7255,user_7255@example.com,7,46511
7256,Employee_7256,user_7256@example.com,17,106934
7257,Employee_7257,user_7257@example.com,20,105516
7258,Employee_7258,user_7258@example.com,4,112041
7259,Employee_7259,user_7259@example.com,20,73327
7260,Employee_7260,user_7260@example.com,7,53237
7261,Employee_7261,user_7261@example.com,14,82352
7262,Employee_7262,user_7262@example.com,6,39443
7263,Employee_7263,user_7263@example.com,19,73393
7264,Employee_7264,user_7264@example.com,20,57044
7265,Employee_7265,user_7265@example.com,18,72590
7266,Employee_7266,user_7266@example.com,14,74158
7267,Employee_7267,user_7267@example.com,1,104592
7268,Employee_7268,user_7268@example.com,3,118806
7269,Employee_7269,user_7269@example.com,13,46688
7270,Employee_7270,user_7270@example.com,11,65333
7271,Employee_7271,user_7271@example.com,3,36950
7272,Employee_7272,user_7272@example.com,7,38589
7273,Employee_7273,user_7273@example.com,4,109591
7274,Employee_7274,user_7274@example.com,9,47735
7275,Employee_7275,user_7275@example.com,15,110166
7276,Employee_7276,user_7276@example.com,2,87666
7277,Employee_7277,user_7277@example.com,6,59934
7278,Employee_7278,user_7278@example.com,16,82198
7279,Employee_7279,user_7279@example.com,18,55771
7280,Employee_7280,user_7280@example.com,15,79148
7281,Employee_7281,user_7281@example.com,5,31530
7282,Employee_7282,user_7282@example.com,16,33686
7283,Employee_7283,user_7283@example.com,7,110498
7284,Employee_7284,user_7284@example.com,2,63654
7285,Employee_7285,user_7285@example.com,7,106142
7286,Employee_7286,user_7286@example.com,2,52776
7287,Employee_7287,user_7287@example.com,1,66068
7288,Employee_7288,user_7288@example.com,4,40464
7289,Employee_7289,user_7289@example.com,6,66755
7290,Employee_7290,user_7290@example.com,18,77904
7291,Employee_7291,user_7291@example.com,11,99582
7292,Employee_7292,user_7292@example.com,16,75667
7293,Employee_7293,user_7293@example.com,16,42101
7294,Employee_7294,user_7294@example.com,6,94447
7295,Employee_7295,user_7295@example.com,20,112573
7296,Employee_7296,user_7296@example.com,6,108535
7297,Employee_7297,user_7297@example.com,9,31172
7298,Employee_7298,user_7298@example.com,2,96006
7299,Employee_7299,user_7299@example.com,13,107960
7300,Employee_7300,user_7300@example.com,9,99540
7301,Employee_7301,user_7301@example.com,5,71678
7302,Employee_7302,user_7302@example.com,16,66394
7303,Employee_7303,user_7303@example.com,13,84566
7304,Employee_7304,user_7304@example.com,12,69046
7305,Employee_7305,user_7305@example.com,12,58139
7306,Employee_7306,user_7306@example.com,4,101564
7307,Employee_7307,user_7307@example.com,4,82409
7308,Employee_7308,user_7308@example.com,2,50004
7309,Employee_7309,user_7309@example.com,13,79316
7310,Employee_7310,user_7310@example.com,12,63729
7311,Employee_7311,user_7311@example.com,2,43629
7312,Employee_7312,user_7312@example.com,1,71862
7313,Employee_7313,user_7313@example.com,4,93308
7314,Employee_7314,user_7314@example.com,19,49344
7315,Employee_7315,user_7315@example.com,14,112483
7316,Employee_7316,user_7316@example.com,20,75443
7317,Employee_7317,user_7317@example.com,9,97513
7318,Employee_7318,user_7318@example.com,12,93095
7319,Employee_7319,user_7319@example.com,14,57549
7320,Employee_7320,user_7320@example.com,13,97332
7321,Employee_7321,user_7321@example.com,18,59296
7322,Employee_7322,user_7322@example.com,7,57773
7323,Employee_7323,user_7323@example.com,11,79311
7324,Employee_7324,user_7324@example.com,2,50991
7325,Employee_7325,user_7325@example.com,1,86184
7326,Employee_7326,user_7326@example.com,15,100184
7327,Employee_7327,user_7327@example.com,12,33579
7328,Employee_7328,user_7328@example.com,13,67056
7329,Employee_7329,user_7329@example.com,14,68441
7330,Employee_7330,user_7330@example.com,17,94461
7331,Employee_7331,user_7331@example.com,10,60886
7332,Employee_7332,user_7332@example.com,10,95200
7333,Employee_7333,user_7333@example.com,6,37371
7334,Employee_7334,user_7334@example.com,10,53676
7335,Employee_7335,user_7335@example.com,9,68477
7336,Employee_7336,user_7336@example.com,4,87643
7337,Employee_7337,user_7337@example.com,8,79084
7338,Employee_7338,user_7338@example.com,11,88743
7339,Employee_7339,user_7339@example.com,6,76110
7340,Employee_7340,user_7340@example.com,18,32519
7341,Employee_7341,user_7341@example.com,4,89880
7342,Employee_7342,user_7342@example.com,14,78946
7343,Employee_7343,user_7343@example.com,5,35357
7344,Employee_7344,user_7344@example.com,15,77547
7345,Employee_7345,user_7345@example.com,8,50163
7346,Employee_7346,user_7346@example.com,16,45072
7347,Employee_7347,user_7347@example.com,11,49444
7348,Employee_7348,user_7348@example.com,9,72421
7349,Employee_7349,user_7349@example.com,17,55571
7350,Employee_7350,user_7350@example.com,2,53969
7351,Employee_7351,user_7351@example.com,19,59122
7352,Employee_7352,user_7352@example.com,13,69373
7353,Employee_7353,user_7353@example.com,2,33385
7354,Employee_7354,user_7354@example.com,17,118961
7355,Employee_7355,user_7355@example.com,16,112093
7356,Employee_7356,user_7356@example.com,19,103030
7357,Employee_7357,user_7357@example.com,12,71975
7358,Employee_7358,user_7358@example.com,3,114208
7359,Employee_7359,user_7359@example.com,10,91984
7360,Employee_7360,user_7360@example.com,1,49386
7361,Employee_7361,user_7361@example.com,2,37470
7362,Employee_7362,user_7362@example.com,16,68341
7363,Employee_7363,user_7363@example.com,15,48335
7364,Employee_7364,user_7364@example.com,17,47457
7365,Employee_7365,user_7365@example.com,14,34238
7366,Employee_7366,user_7366@example.com,15,30709
7367,Employee_7367,user_7367@example.com,11,45577
7368,Employee_7368,user_7368@example.com,2,52385
7369,Employee_7369,user_7369@example.com,13,108673
7370,Employee_7370,user_7370@example.com,13,54350
7371,Employee_7371,user_7371@example.com,9,91200
7372,Employee_7372,user_7372@example.com,16,72583
7373,Employee_7373,user_7373@example.com,12,36940
7374,Employee_7374,user_7374@example.com,3,35135
7375,Employee_7375,user_7375@example.com,5,58871
7376,Employee_7376,user_7376@example.com,8,88042
7377,Employee_7377,user_7377@example.com,2,78347
7378,Employee_7378,user_7378@example.com,13,43694
7379,Employee_7379,user_7379@example.com,6,41820
7380,Employee_7380,user_7380@example.com,12,93464
7381,Employee_7381,user_7381@example.com,11,76686
7382,Employee_7382,user_7382@example.com,1,95099
7383,Employee_7383,user_7383@example.com,3,90468
7384,Employee_7384,user_7384@example.com,10,116480
7385,Employee_7385,user_7385@example.com,4,105353
7386,Employee_7386,user_7386@example.com,16,32904
7387,Employee_7387,user_7387@example.com,2,116770
7388,Employee_7388,user_7388@example.com,12,87039
7389,Employee_7389,user_7389@example.com,2,77762
7390,Employee_7390,user_7390@example.com,13,58280
7391,Employee_7391,user_7391@example.com,15,72102
7392,Employee_7392,user_7392@example.com,1,118149
7393,Employee_7393,user_7393@example.com,3,86810
7394,Employee_7394,user_7394@example.com,11,62663
7395,Employee_7395,user_7395@example.com,7,76170
7396,Employee_7396,user_7396@example.com,11,85101
7397,Employee_7397,user_7397@example.com,1,78274
7398,Employee_7398,user_7398@example.com,6,119213
7399,Employee_7399,user_7399@example.com,6,98159
7400,Employee_7400,user_7400@example.com,11,62026
7401,Employee_7401,user_7401@example.com,19,86284
7402,Employee_7402,user_7402@example.com,14,108892
7403,Employee_7403,user_7403@example.com,20,70770
7404,Employee_7404,user_7404@example.com,16,63127
7405,Employee_7405,user_7405@example.com,3,46010
7406,Employee_7406,user_7406@example.com,3,37833
7407,Employee_7407,user_7407@example.com,5,96631
7408,Employee_7408,user_7408@example.com,3,84482
7409,Employee_7409,user_7409@example.com,11,111223
7410,Employee_7410,user_7410@example.com,9,93646
7411,Employee_7411,user_7411@example.com,18,86807
7412,Employee_7412,user_7412@example.com,13,63786
7413,Employee_7413,user_7413@example.com,6,54539
7414,Employee_7414,user_7414@example.com,6,85348
7415,Employee_7415,user_7415@example.com,1,67850
7416,Employee_7416,user_7416@example.com,2,119960
7417,Employee_7417,user_7417@example.com,15,35892
7418,Employee_7418,user_7418@example.com,13,82135
7419,Employee_7419,user_7419@example.com,4,115846
7420,Employee_7420,user_7420@example.com,19,75776
7421,Employee_7421,user_7421@example.com,5,46592
7422,Employee_7422,user_7422@example.com,1,117791
7423,Employee_7423,user_7423@example.com,7,39042
7424,Employee_7424,user_7424@example.com,7,69084
7425,Employee_7425,user_7425@example.com,19,78250
7426,Employee_7426,user_7426@example.com,7,94351
7427,Employee_7427,user_7427@example.com,6,37768
7428,Employee_7428,user_7428@example.com,8,91880
7429,Employee_7429,user_7429@example.com,14,78808
7430,Employee_7430,user_7430@example.com,17,68304
7431,Employee_7431,user_7431@example.com,12,49589
7432,Employee_7432,user_7432@example.com,3,89084
7433,Employee_7433,user_7433@example.com,10,36843
7434,Employee_7434,user_7434@example.com,8,116886
7435,Employee_7435,user_7435@example.com,6,77257
7436,Employee_7436,user_7436@example.com,14,40951
7437,Employee_7437,user_7437@example.com,18,73523
7438,Employee_7438,user_7438@example.com,11,119374
7439,Employee_7439,user_7439@example.com,7,116257
7440,Employee_7440,user_7440@example.com,11,119781
7441,Employee_7441,user_7441@example.com,7,69602
7442,Employee_7442,user_7442@example.com,20,40669
7443,Employee_7443,user_7443@example.com,20,67744
7444,Employee_7444,user_7444@example.com,3,81577
7445,Employee_7445,user_7445@example.com,19,59902
7446,Employee_7446,user_7446@example.com,15,41613
7447,Employee_7447,user_7447@example.com,12,90331
7448,Employee_7448,user_7448@example.com,5,83073
7449,Employee_7449,user_7449@example.com,7,71283
7450,Employee_7450,user_7450@example.com,17,81324
7451,Employee_7451,user_7451@example.com,18,44628
7452,Employee_7452,user_7452@example.com,5,96409
7453,Employee_7453,user_7453@example.com,13,44397
7454,Employee_7454,user_7454@example.com,11,52562
7455,Employee_7455,user_7455@example.com,18,104322
7456,Employee_7456,user_7456@example.com,16,57481
7457,Employee_7457,user_7457@example.com,20,78702
7458,Employee_7458,user_7458@example.com,12,108696
7459,Employee_7459,user_7459@example.com,2,100784
7460,Employee_7460,user_7460@example.com,15,74770
7461,Employee_7461,user_7461@example.com,8,51153
7462,Employee_7462,user_7462@example.com,1,64516
7463,Employee_7463,user_7463@example.com,4,92867
7464,Employee_7464,user_7464@example.com,18,32508
7465,Employee_7465,user_7465@example.com,17,33764
7466,Employee_7466,user_7466@example.com,12,77855
7467,Employee_7467,user_7467@example.com,4,41905
7468,Employee_7468,user_7468@example.com,6,57857
7469,Employee_7469,user_7469@example.com,14,86161
7470,Employee_7470,user_7470@example.com,12,76458
7471,Employee_7471,user_7471@example.com,16,99305
7472,Employee_7472,user_7472@example.com,18,97925
7473,Employee_7473,user_7473@example.com,3,118345
7474,Employee_7474,user_7474@example.com,1,48502
7475,Employee_7475,user_7475@example.com,18,56524
7476,Employee_7476,user_7476@example.com,11,62710
7477,Employee_7477,user_7477@example.com,1,68581
7478,Employee_7478,user_7478@example.com,12,101074
7479,Employee_7479,user_7479@example.com,13,111867
7480,Employee_7480,user_7480@example.com,1,49110
7481,Employee_7481,user_7481@example.com,3,67286
7482,Employee_7482,user_7482@example.com,7,90347
7483,Employee_7483,user_7483@example.com,17,38337
7484,Employee_7484,user_7484@example.com,4,65483
7485,Employee_7485,user_7485@example.com,4,103324
7486,Employee_7486,user_7486@example.com,5,100243
7487,Employee_7487,user_7487@example.com,11,69407
7488,Employee_7488,user_7488@example.com,12,101584
7489,Employee_7489,user_7489@example.com,7,106945
7490,Employee_7490,user_7490@example.com,10,81742
7491,Employee_7491,user_7491@example.com,17,32206
7492,Employee_7492,user_7492@example.com,7,118655
7493,Employee_7493,user_7493@example.com,17,101412
7494,Employee_7494,user_7494@example.com,4,30358
7495,Employee_7495,user_7495@example.com,12,102324
7496,Employee_7496,user_7496@example.com,12,108216
7497,Employee_7497,user_7497@example.com,1,97554
7498,Employee_7498,user_7498@example.com,2,43912
7499,Employee_7499,user_7499@example.com,10,102162
7500,Employee_7500,user_7500@example.com,8,43909
7501,Employee_7501,user_7501@example.com,18,104211
7502,Employee_7502,user_7502@example.com,12,107456
7503,Employee_7503,user_7503@example.com,3,83113
7504,Employee_7504,user_7504@example.com,4,44067
7505,Employee_7505,user_7505@example.com,12,103838
7506,Employee_7506,user_7506@example.com,1,86944
7507,Employee_7507,user_7507@example.com,4,36817
7508,Employee_7508,user_7508@example.com,17,71749
7509,Employee_7509,user_7509@example.com,11,59332
7510,Employee_7510,user_7510@example.com,6,83954
7511,Employee_7511,user_7511@example.com,10,50260
7512,Employee_7512,user_7512@example.com,8,82849
7513,Employee_7513,user_7513@example.com,4,59316
7514,Employee_7514,user_7514@example.com,15,110532
7515,Employee_7515,user_7515@example.com,20,66958
7516,Employee_7516,user_7516@example.com,8,86092
7517,Employee_7517,user_7517@example.com,19,38608
7518,Employee_7518,user_7518@example.com,12,117421
7519,Employee_7519,user_7519@example.com,15,69159
7520,Employee_7520,user_7520@example.com,8,73531
7521,Employee_7521,user_7521@example.com,15,108179
7522,Employee_7522,user_7522@example.com,6,51179
7523,Employee_7523,user_7523@example.com,6,98794
7524,Employee_7524,user_7524@example.com,8,57999
7525,Employee_7525,user_7525@example.com,11,90741
7526,Employee_7526,user_7526@example.com,19,45878
7527,Employee_7527,user_7527@example.com,11,53196
7528,Employee_7528,user_7528@example.com,2,115508
7529,Employee_7529,user_7529@example.com,1,86979
7530,Employee_7530,user_7530@example.com,2,38978
7531,Employee_7531,user_7531@example.com,14,51614
7532,Employee_7532,user_7532@example.com,11,64040
7533,Employee_7533,user_7533@example.com,15,40694
7534,Employee_7534,user_7534@example.com,11,81809
7535,Employee_7535,user_7535@example.com,12,116031
7536,Employee_7536,user_7536@example.com,2,30362
7537,Employee_7537,user_7537@example.com,13,57667
7538,Employee_7538,user_7538@example.com,15,81513
7539,Employee_7539,user_7539@example.com,12,116101
7540,Employee_7540,user_7540@example.com,19,44924
7541,Employee_7541,user_7541@example.com,20,111938
7542,Employee_7542,user_7542@example.com,9,43998
7543,Employee_7543,user_7543@example.com,6,108109
7544,Employee_7544,user_7544@example.com,5,71278
7545,Employee_7545,user_7545@example.com,11,101071
7546,Employee_7546,user_7546@example.com,3,61759
7547,Employee_7547,user_7547@example.com,9,81842
7548,Employee_7548,user_7548@example.com,18,71413
7549,Employee_7549,user_7549@example.com,19,57629
7550,Employee_7550,user_7550@example.com,18,58771
7551,Employee_7551,user_7551@example.com,11,47596
7552,Employee_7552,user_7552@example.com,16,78263
7553,Employee_7553,user_7553@example.com,17,58035
7554,Employee_7554,user_7554@example.com,18,34097
7555,Employee_7555,user_7555@example.com,2,79940
7556,Employee_7556,user_7556@example.com,7,95121
7557,Employee_7557,user_7557@example.com,10,117804
7558,Employee_7558,user_7558@example.com,11,45832
7559,Employee_7559,user_7559@example.com,16,40825
7560,Employee_7560,user_7560@example.com,19,61930
7561,Employee_7561,user_7561@example.com,19,51239
7562,Employee_7562,user_7562@example.com,16,79696
7563,Employee_7563,user_7563@example.com,9,47262
7564,Employee_7564,user_7564@example.com,11,51035
7565,Employee_7565,user_7565@example.com,13,86453
7566,Employee_7566,user_7566@example.com,11,42025
7567,Employee_7567,user_7567@example.com,1,72026
7568,Employee_7568,user_7568@example.com,18,106142
7569,Employee_7569,user_7569@example.com,9,78270
7570,Employee_7570,user_7570@example.com,1,60174
7571,Employee_7571,user_7571@example.com,17,94882
7572,Employee_7572,user_7572@example.com,3,34305
7573,Employee_7573,user_7573@example.com,5,81914
7574,Employee_7574,user_7574@example.com,16,106767
7575,Employee_7575,user_7575@example.com,16,42112
7576,Employee_7576,user_7576@example.com,2,65808
7577,Employee_7577,user_7577@example.com,16,110595
7578,Employee_7578,user_7578@example.com,5,109056
7579,Employee_7579,user_7579@example.com,15,73796
7580,Employee_7580,user_7580@example.com,7,87733
7581,Employee_7581,user_7581@example.com,8,39080
7582,Employee_7582,user_7582@example.com,17,103339
7583,Employee_7583,user_7583@example.com,20,103412
7584,Employee_7584,user_7584@example.com,12,83945
7585,Employee_7585,user_7585@example.com,3,75835
7586,Employee_7586,user_7586@example.com,20,91708
7587,Employee_7587,user_7587@example.com,8,72189
7588,Employee_7588,user_7588@example.com,12,54309
7589,Employee_7589,user_7589@example.com,12,118662
7590,Employee_7590,user_7590@example.com,18,68407
7591,Employee_7591,user_7591@example.com,8,86007
7592,Employee_7592,user_7592@example.com,13,50669
7593,Employee_7593,user_7593@example.com,20,39345
7594,Employee_7594,user_7594@example.com,19,61714
7595,Employee_7595,user_7595@example.com,12,34570
7596,Employee_7596,user_7596@example.com,20,91606
7597,Employee_7597,user_7597@example.com,17,83423
7598,Employee_7598,user_7598@example.com,13,68908
7599,Employee_7599,user_7599@example.com,7,80289
7600,Employee_7600,user_7600@example.com,9,34613
7601,Employee_7601,user_7601@example.com,6,88188
7602,Employee_7602,user_7602@example.com,19,59002
7603,Employee_7603,user_7603@example.com,12,114073
7604,Employee_7604,user_7604@example.com,8,31431
7605,Employee_7605,user_7605@example.com,17,47967
7606,Employee_7606,user_7606@example.com,19,54521
7607,Employee_7607,user_7607@example.com,4,71234
7608,Employee_7608,user_7608@example.com,16,61907
7609,Employee_7609,user_7609@example.com,13,60476
7610,Employee_7610,user_7610@example.com,18,68368
7611,Employee_7611,user_7611@example.com,17,68813
7612,Employee_7612,user_7612@example.com,20,69686
7613,Employee_7613,user_7613@example.com,6,84648
7614,Employee_7614,user_7614@example.com,9,70143
7615,Employee_7615,user_7615@example.com,10,78352
7616,Employee_7616,user_7616@example.com,9,78268
7617,Employee_7617,user_7617@example.com,20,106894
7618,Employee_7618,user_7618@example.com,20,67232
7619,Employee_7619,user_7619@example.com,14,43956
7620,Employee_7620,user_7620@example.com,14,51645
7621,Employee_7621,user_7621@example.com,1,59833
7622,Employee_7622,user_7622@example.com,14,84377
7623,Employee_7623,user_7623@example.com,12,78379
7624,Employee_7624,user_7624@example.com,2,103965
7625,Employee_7625,user_7625@example.com,13,94649
7626,Employee_7626,user_7626@example.com,2,100013
7627,Employee_7627,user_7627@example.com,8,91755
7628,Employee_7628,user_7628@example.com,8,68779
7629,Employee_7629,user_7629@example.com,7,72560
7630,Employee_7630,user_7630@example.com,17,70016
7631,Employee_7631,user_7631@example.com,10,61456
7632,Employee_7632,user_7632@example.com,3,40035
7633,Employee_7633,user_7633@example.com,14,58303
7634,Employee_7634,user_7634@example.com,1,42532
7635,Employee_7635,user_7635@example.com,17,66607
7636,Employee_7636,user_7636@example.com,5,38413
7637,Employee_7637,user_7637@example.com,7,100051
7638,Employee_7638,user_7638@example.com,19,49330
7639,Employee_7639,user_7639@example.com,15,54751
7640,Employee_7640,user_7640@example.com,18,32812
7641,Employee_7641,user_7641@example.com,18,113354
7642,Employee_7642,user_7642@example.com,6,31058
7643,Employee_7643,user_7643@example.com,3,97676
7644,Employee_7644,user_7644@example.com,17,70168
7645,Employee_7645,user_7645@example.com,14,92024
7646,Employee_7646,user_7646@example.com,15,79938
7647,Employee_7647,user_7647@example.com,9,83724
7648,Employee_7648,user_7648@example.com,12,45908
7649,Employee_7649,user_7649@example.com,6,38791
7650,Employee_7650,user_7650@example.com,10,96322
7651,Employee_7651,user_7651@example.com,18,49317
7652,Employee_7652,user_7652@example.com,3,112079
7653,Employee_7653,user_7653@example.com,20,54970
7654,Employee_7654,user_7654@example.com,8,119864
7655,Employee_7655,user_7655@example.com,3,69606
7656,Employee_7656,user_7656@example.com,11,70688
7657,Employee_7657,user_7657@example.com,1,62794
7658,Employee_7658,user_7658@example.com,2,48331
7659,Employee_7659,user_7659@example.com,16,67620
7660,Employee_7660,user_7660@example.com,7,38535
7661,Employee_7661,user_7661@example.com,6,48411
7662,Employee_7662,user_7662@example.com,13,73080
7663,Employee_7663,user_7663@example.com,16,56163
7664,Employee_7664,user_7664@example.com,17,64235
7665,Employee_7665,user_7665@example.com,9,113498
7666,Employee_7666,user_7666@example.com,13,55225
7667,Employee_7667,user_7667@example.com,19,114357
7668,Employee_7668,user_7668@example.com,15,65406
7669,Employee_7669,user_7669@example.com,14,110464
7670,Employee_7670,user_7670@example.com,18,41001
7671,Employee_7671,user_7671@example.com,9,87921
7672,Employee_7672,user_7672@example.com,3,103942
7673,Employee_7673,user_7673@example.com,4,42037
7674,Employee_7674,user_7674@example.com,2,50193
7675,Employee_7675,user_7675@example.com,1,112416
7676,Employee_7676,user_7676@example.com,15,94307
7677,Employee_7677,user_7677@example.com,4,55774
7678,Employee_7678,user_7678@example.com,14,98268
7679,Employee_7679,user_7679@example.com,7,85264
7680,Employee_7680,user_7680@example.com,9,100643
7681,Employee_7681,user_7681@example.com,14,41819
7682,Employee_7682,user_7682@example.com,5,54039
7683,Employee_7683,user_7683@example.com,14,64368
7684,Employee_7684,user_7684@example.com,6,61692
7685,Employee_7685,user_7685@example.com,17,94533
7686,Employee_7686,user_7686@example.com,12,51705
7687,Employee_7687,user_7687@example.com,13,35866
7688,Employee_7688,user_7688@example.com,15,112142
7689,Employee_7689,user_7689@example.com,12,37390
7690,Employee_7690,user_7690@example.com,8,62187
7691,Employee_7691,user_7691@example.com,4,49806
7692,Employee_7692,user_7692@example.com,1,68056
7693,Employee_7693,user_7693@example.com,6,91484
7694,Employee_7694,user_7694@example.com,9,114699
7695,Employee_7695,user_7695@example.com,10,88524
7696,Employee_7696,user_7696@example.com,2,48416
7697,Employee_7697,user_7697@example.com,11,98085
7698,Employee_7698,user_7698@example.com,4,60030
7699,Employee_7699,user_7699@example.com,7,41769
7700,Employee_7700,user_7700@example.com,6,114126
7701,Employee_7701,user_7701@example.com,18,49566
7702,Employee_7702,user_7702@example.com,20,62638
7703,Employee_7703,user_7703@example.com,17,92240
7704,Employee_7704,user_7704@example.com,18,44443
7705,Employee_7705,user_7705@example.com,3,40521
7706,Employee_7706,user_7706@example.com,7,110974
7707,Employee_7707,user_7707@example.com,5,97842
7708,Employee_7708,user_7708@example.com,12,30439
7709,Employee_7709,user_7709@example.com,4,60928
7710,Employee_7710,user_7710@example.com,16,88715
7711,Employee_7711,user_7711@example.com,19,56889
7712,Employee_7712,user_7712@example.com,19,31715
7713,Employee_7713,user_7713@example.com,20,38097
7714,Employee_7714,user_7714@example.com,6,44673
7715,Employee_7715,user_7715@example.com,3,75448
7716,Employee_7716,user_7716@example.com,1,100397
7717,Employee_7717,user_7717@example.com,6,97103
7718,Employee_7718,user_7718@example.com,3,32640
7719,Employee_7719,user_7719@example.com,10,114105
7720,Employee_7720,user_7720@example.com,13,47225
7721,Employee_7721,user_7721@example.com,1,94724
7722,Employee_7722,user_7722@example.com,12,65743
7723,Employee_7723,user_7723@example.com,17,49147
7724,Employee_7724,user_7724@example.com,18,102102
7725,Employee_7725,user_7725@example.com,3,76071
7726,Employee_7726,user_7726@example.com,3,114479
7727,Employee_7727,user_7727@example.com,18,86457
7728,Employee_7728,user_7728@example.com,20,53029
7729,Employee_7729,user_7729@example.com,15,51973
7730,Employee_7730,user_7730@example.com,13,46149
7731,Employee_7731,user_7731@example.com,15,78560
7732,Employee_7732,user_7732@example.com,18,117954
7733,Employee_7733,user_7733@example.com,14,100776
7734,Employee_7734,user_7734@example.com,7,118550
7735,Employee_7735,user_7735@example.com,15,70984
7736,Employee_7736,user_7736@example.com,11,87793
7737,Employee_7737,user_7737@example.com,10,48012
7738,Employee_7738,user_7738@example.com,12,67862
7739,Employee_7739,user_7739@example.com,3,48965
7740,Employee_7740,user_7740@example.com,12,88622
7741,Employee_7741,user_7741@example.com,10,35088
7742,Employee_7742,user_7742@example.com,11,71501
7743,Employee_7743,user_7743@example.com,4,65635
7744,Employee_7744,user_7744@example.com,10,91254
7745,Employee_7745,user_7745@example.com,5,94821
7746,Employee_7746,user_7746@example.com,13,62061
7747,Employee_7747,user_7747@example.com,2,110897
7748,Employee_7748,user_7748@example.com,9,42170
7749,Employee_7749,user_7749@example.com,11,85910
7750,Employee_7750,user_7750@example.com,5,79864
7751,Employee_7751,user_7751@example.com,15,51647
7752,Employee_7752,user_7752@example.com,7,40632
7753,Employee_7753,user_7753@example.com,20,89824
7754,Employee_7754,user_7754@example.com,20,35358
7755,Employee_7755,user_7755@example.com,8,40445
7756,Employee_7756,user_7756@example.com,3,42564
7757,Employee_7757,user_7757@example.com,17,111559
7758,Employee_7758,user_7758@example.com,2,38789
7759,Employee_7759,user_7759@example.com,6,32213
7760,Employee_7760,user_7760@example.com,2,80231
7761,Employee_7761,user_7761@example.com,17,117133
7762,Employee_7762,user_7762@example.com,2,39976
7763,Employee_7763,user_7763@example.com,8,100826
7764,Employee_7764,user_7764@example.com,13,93811
7765,Employee_7765,user_7765@example.com,2,92068
7766,Employee_7766,user_7766@example.com,16,69233
7767,Employee_7767,user_7767@example.com,9,66315
7768,Employee_7768,user_7768@example.com,5,71202
7769,Employee_7769,user_7769@example.com,8,114020
7770,Employee_7770,user_7770@example.com,6,59789
7771,Employee_7771,user_7771@example.com,11,84159
7772,Employee_7772,user_7772@example.com,7,111691
7773,Employee_7773,user_7773@example.com,17,63321
7774,Employee_7774,user_7774@example.com,18,44129
7775,Employee_7775,user_7775@example.com,5,61403
7776,Employee_7776,user_7776@example.com,19,103571
7777,Employee_7777,user_7777@example.com,19,48871
7778,Employee_7778,user_7778@example.com,19,72461
7779,Employee_7779,user_7779@example.com,14,100616
7780,Employee_7780,user_7780@example.com,10,40062
7781,Employee_7781,user_7781@example.com,10,64431
7782,Employee_7782,user_7782@example.com,13,44754
7783,Employee_7783,user_7783@example.com,14,117093
7784,Employee_7784,user_7784@example.com,11,57642
7785,Employee_7785,user_7785@example.com,2,98042
7786,Employee_7786,user_7786@example.com,10,89017
7787,Employee_7787,user_7787@example.com,12,61961
7788,Employee_7788,user_7788@example.com,8,49565
7789,Employee_7789,user_7789@example.com,5,102119
7790,Employee_7790,user_7790@example.com,15,35523
7791,Employee_7791,user_7791@example.com,11,43523
7792,Employee_7792,user_7792@example.com,8,44022
7793,Employee_7793,user_7793@example.com,10,85465
7794,Employee_7794,user_7794@example.com,3,33377
7795,Employee_7795,user_7795@example.com,16,52335
7796,Employee_7796,user_7796@example.com,15,78869
7797,Employee_7797,user_7797@example.com,12,46350
7798,Employee_7798,user_7798@example.com,12,70850
7799,Employee_7799,user_7799@example.com,14,36775
7800,Employee_7800,user_7800@example.com,5,52881
7801,Employee_7801,user_7801@example.com,15,61066
7802,Employee_7802,user_7802@example.com,4,104097
7803,Employee_7803,user_7803@example.com,7,62843
7804,Employee_7804,user_7804@example.com,3,118199
7805,Employee_7805,user_7805@example.com,3,61890
7806,Employee_7806,user_7806@example.com,13,70047
7807,Employee_7807,user_7807@example.com,5,50894
7808,Employee_7808,user_7808@example.com,3,43208
7809,Employee_7809,user_7809@example.com,6,102271
7810,Employee_7810,user_7810@example.com,15,62373
7811,Employee_7811,user_7811@example.com,14,101047
7812,Employee_7812,user_7812@example.com,9,113214
7813,Employee_7813,user_7813@example.com,10,81266
7814,Employee_7814,user_7814@example.com,2,106796
7815,Employee_7815,user_7815@example.com,12,89335
7816,Employee_7816,user_7816@example.com,12,35291
7817,Employee_7817,user_7817@example.com,14,64626
7818,Employee_7818,user_7818@example.com,8,34563
7819,Employee_7819,user_7819@example.com,16,79646
7820,Employee_7820,user_7820@example.com,7,85067
7821,Employee_7821,user_7821@example.com,9,78285
7822,Employee_7822,user_7822@example.com,1,72312
7823,Employee_7823,user_7823@example.com,13,112643
7824,Employee_7824,user_7824@example.com,16,61084
7825,Employee_7825,user_7825@example.com,10,88047
7826,Employee_7826,user_7826@example.com,4,94008
7827,Employee_7827,user_7827@example.com,16,77203
7828,Employee_7828,user_7828@example.com,14,96775
7829,Employee_7829,user_7829@example.com,15,82543
7830,Employee_7830,user_7830@example.com,4,34650
7831,Employee_7831,user_7831@example.com,11,118430
7832,Employee_7832,user_7832@example.com,6,61607
7833,Employee_7833,user_7833@example.com,11,56682
7834,Employee_7834,user_7834@example.com,13,73123
7835,Employee_7835,user_7835@example.com,19,51011
7836,Employee_7836,user_7836@example.com,6,65573
7837,Employee_7837,user_7837@example.com,2,36508
7838,Employee_7838,user_7838@example.com,14,114472
7839,Employee_7839,user_7839@example.com,1,64182
7840,Employee_7840,user_7840@example.com,11,83730
7841,Employee_7841,user_7841@example.com,18,62629
7842,Employee_7842,user_7842@example.com,15,50274
7843,Employee_7843,user_7843@example.com,20,61663
7844,Employee_7844,user_7844@example.com,8,46799
7845,Employee_7845,user_7845@example.com,16,65991
7846,Employee_7846,user_7846@example.com,17,104989
7847,Employee_7847,user_7847@example.com,12,75762
7848,Employee_7848,user_7848@example.com,4,110154
7849,Employee_7849,user_7849@example.com,6,90405
7850,Employee_7850,user_7850@example.com,17,51281
7851,Employee_7851,user_7851@example.com,19,79062
7852,Employee_7852,user_7852@example.com,18,63156
7853,Employee_7853,user_7853@example.com,6,68442
7854,Employee_7854,user_7854@example.com,7,46837
7855,Employee_7855,user_7855@example.com,18,45696
7856,Employee_7856,user_7856@example.com,2,40540
7857,Employee_7857,user_7857@example.com,4,52702
7858,Employee_7858,user_7858@example.com,7,33734
7859,Employee_7859,user_7859@example.com,3,103573
7860,Employee_7860,user_7860@example.com,3,91465
7861,Employee_7861,user_7861@example.com,12,96643
7862,Employee_7862,user_7862@example.com,5,60407
7863,Employee_7863,user_7863@example.com,5,82822
7864,Employee_7864,user_7864@example.com,15,73743
7865,Employee_7865,user_7865@example.com,3,36143
7866,Employee_7866,user_7866@example.com,19,89830
7867,Employee_7867,user_7867@example.com,16,78402
7868,Employee_7868,user_7868@example.com,6,56860
7869,Employee_7869,user_7869@example.com,20,54530
7870,Employee_7870,user_7870@example.com,16,93386
7871,Employee_7871,user_7871@example.com,6,112679
7872,Employee_7872,user_7872@example.com,2,40206
7873,Employee_7873,user_7873@example.com,3,64031
7874,Employee_7874,user_7874@example.com,16,90871
7875,Employee_7875,user_7875@example.com,5,51568
7876,Employee_7876,user_7876@example.com,1,44283
7877,Employee_7877,user_7877@example.com,3,68807
7878,Employee_7878,user_7878@example.com,17,72616
7879,Employee_7879,user_7879@example.com,13,101201
7880,Employee_7880,user_7880@example.com,19,59955
7881,Employee_7881,user_7881@example.com,7,41857
7882,Employee_7882,user_7882@example.com,12,42526
7883,Employee_7883,user_7883@example.com,6,116888
7884,Employee_7884,user_7884@example.com,8,90990
7885,Employee_7885,user_7885@example.com,19,53675
7886,Employee_7886,user_7886@example.com,13,78217
7887,Employee_7887,user_7887@example.com,18,106421
7888,Employee_7888,user_7888@example.com,15,73815
7889,Employee_7889,user_7889@example.com,16,81754
7890,Employee_7890,user_7890@example.com,10,96355
7891,Employee_7891,user_7891@example.com,16,66543
7892,Employee_7892,user_7892@example.com,19,74821
7893,Employee_7893,user_7893@example.com,14,71719
7894,Employee_7894,user_7894@example.com,20,33621
7895,Employee_7895,user_7895@example.com,1,35890
7896,Employee_7896,user_7896@example.com,19,100537
7897,Employee_7897,user_7897@example.com,4,105425
7898,Employee_7898,user_7898@example.com,5,45323
7899,Employee_7899,user_7899@example.com,12,74729
7900,Employee_7900,user_7900@example.com,2,114803
7901,Employee_7901,user_7901@example.com,9,72713
7902,Employee_7902,user_7902@example.com,13,71509
7903,Employee_7903,user_7903@example.com,6,114676
7904,Employee_7904,user_7904@example.com,16,88135
7905,Employee_7905,user_7905@example.com,16,93646
7906,Employee_7906,user_7906@example.com,17,55664
7907,Employee_7907,user_7907@example.com,8,45158
7908,Employee_7908,user_7908@example.com,19,64533
7909,Employee_7909,user_7909@example.com,12,74842
7910,Employee_7910,user_7910@example.com,14,34245
7911,Employee_7911,user_7911@example.com,8,106418
7912,Employee_7912,user_7912@example.com,10,111900
7913,Employee_7913,user_7913@example.com,2,64921
7914,Employee_7914,user_7914@example.com,19,37216
7915,Employee_7915,user_7915@example.com,8,46044
7916,Employee_7916,user_7916@example.com,15,36624
7917,Employee_7917,user_7917@example.com,3,104725
7918,Employee_7918,user_7918@example.com,12,67710
7919,Employee_7919,user_7919@example.com,11,82443
7920,Employee_7920,user_7920@example.com,16,60991
7921,Employee_7921,user_7921@example.com,2,74132
7922,Employee_7922,user_7922@example.com,20,112766
7923,Employee_7923,user_7923@example.com,11,30543
7924,Employee_7924,user_7924@example.com,7,87627
7925,Employee_7925,user_7925@example.com,3,91563
7926,Employee_7926,user_7926@example.com,15,110722
7927,Employee_7927,user_7927@example.com,2,98236
7928,Employee_7928,user_7928@example.com,9,83267
7929,Employee_7929,user_7929@example.com,3,93892
7930,Employee_7930,user_7930@example.com,6,70721
7931,Employee_7931,user_7931@example.com,19,37385
7932,Employee_7932,user_7932@example.com,20,44983
7933,Employee_7933,user_7933@example.com,3,82052
7934,Employee_7934,user_7934@example.com,5,102700
7935,Employee_7935,user_7935@example.com,13,109936
7936,Employee_7936,user_7936@example.com,10,33355
7937,Employee_7937,user_7937@example.com,20,106509
7938,Employee_7938,user_7938@example.com,7,85661
7939,Employee_7939,user_7939@example.com,16,31387
7940,Employee_7940,user_7940@example.com,8,54439
7941,Employee_7941,user_7941@example.com,11,51033
7942,Employee_7942,user_7942@example.com,18,49018
7943,Employee_7943,user_7943@example.com,9,37191
7944,Employee_7944,user_7944@example.com,1,31726
7945,Employee_7945,user_7945@example.com,9,88290
7946,Employee_7946,user_7946@example.com,7,92177
7947,Employee_7947,user_7947@example.com,3,91364
7948,Employee_7948,user_7948@example.com,8,68643
7949,Employee_7949,user_7949@example.com,13,91633
7950,Employee_7950,user_7950@example.com,16,89762
7951,Employee_7951,user_7951@example.com,7,69738
7952,Employee_7952,user_7952@example.com,15,51446
7953,Employee_7953,user_7953@example.com,6,71288
7954,Employee_7954,user_7954@example.com,10,94708
7955,Employee_7955,user_7955@example.com,10,71863
7956,Employee_7956,user_7956@example.com,1,72836
7957,Employee_7957,user_7957@example.com,10,39050
7958,Employee_7958,user_7958@example.com,16,30478
7959,Employee_7959,user_7959@example.com,5,66551
7960,Employee_7960,user_7960@example.com,17,101649
7961,Employee_7961,user_7961@example.com,15,31065
7962,Employee_7962,user_7962@example.com,19,47038
7963,Employee_7963,user_7963@example.com,4,38756
7964,Employee_7964,user_7964@example.com,14,49562
7965,Employee_7965,user_7965@example.com,3,39153
7966,Employee_7966,user_7966@example.com,11,97981
7967,Employee_7967,user_7967@example.com,4,32925
7968,Employee_7968,user_7968@example.com,18,59827
7969,Employee_7969,user_7969@example.com,10,91646
7970,Employee_7970,user_7970@example.com,15,57609
7971,Employee_7971,user_7971@example.com,8,94207
7972,Employee_7972,user_7972@example.com,17,73895
7973,Employee_7973,user_7973@example.com,3,78028
7974,Employee_7974,user_7974@example.com,1,85760
7975,Employee_7975,user_7975@example.com,10,34038
7976,Employee_7976,user_7976@example.com,9,47483
7977,Employee_7977,user_7977@example.com,12,47499
7978,Employee_7978,user_7978@example.com,1,93460
7979,Employee_7979,user_7979@example.com,1,111470
7980,Employee_7980,user_7980@example.com,11,43326
7981,Employee_7981,user_7981@example.com,14,90839
7982,Employee_7982,user_7982@example.com,11,49023
7983,Employee_7983,user_7983@example.com,11,77834
7984,Employee_7984,user_7984@example.com,12,109752
7985,Employee_7985,user_7985@example.com,3,113009
7986,Employee_7986,user_7986@example.com,6,95293
7987,Employee_7987,user_7987@example.com,12,75589
7988,Employee_7988,user_7988@example.com,18,34952
7989,Employee_7989,user_7989@example.com,2,92082
7990,Employee_7990,user_7990@example.com,12,48296
7991,Employee_7991,user_7991@example.com,9,59773
7992,Employee_7992,user_7992@example.com,11,96676
7993,Employee_7993,user_7993@example.com,16,105548
7994,Employee_7994,user_7994@example.com,6,60015
7995,Employee_7995,user_7995@example.com,2,98115
7996,Employee_7996,user_7996@example.com,18,101532
7997,Employee_7997,user_7997@example.com,17,54495
7998,Employee_7998,user_7998@example.com,11,90606
7999,Employee_7999,user_7999@example.com,11,55990
8000,Employee_8000,user_8000@example.com,11,38275
8001,Employee_8001,user_8001@example.com,4,93903
8002,Employee_8002,user_8002@example.com,9,56841
8003,Employee_8003,user_8003@example.com,10,72455
8004,Employee_8004,user_8004@example.com,4,93168
8005,Employee_8005,user_8005@example.com,1,56675
8006,Employee_8006,user_8006@example.com,1,70274
8007,Employee_8007,user_8007@example.com,4,51565
8008,Employee_8008,user_8008@example.com,12,119300
8009,Employee_8009,user_8009@example.com,9,75507
8010,Employee_8010,user_8010@example.com,11,101517
8011,Employee_8011,user_8011@example.com,15,30429
8012,Employee_8012,user_8012@example.com,16,115207
8013,Employee_8013,user_8013@example.com,3,108081
8014,Employee_8014,user_8014@example.com,16,39675
8015,Employee_8015,user_8015@example.com,3,57393
8016,Employee_8016,user_8016@example.com,1,83601
8017,Employee_8017,user_8017@example.com,1,47026
8018,Employee_8018,user_8018@example.com,6,103969
8019,Employee_8019,user_8019@example.com,16,97851
8020,Employee_8020,user_8020@example.com,14,70518
8021,Employee_8021,user_8021@example.com,4,33823
8022,Employee_8022,user_8022@example.com,6,95151
8023,Employee_8023,user_8023@example.com,12,85208
8024,Employee_8024,user_8024@example.com,2,56698
8025,Employee_8025,user_8025@example.com,4,67395
8026,Employee_8026,user_8026@example.com,14,67999
8027,Employee_8027,user_8027@example.com,5,74202
8028,Employee_8028,user_8028@example.com,17,52257
8029,Employee_8029,user_8029@example.com,7,57117
8030,Employee_8030,user_8030@example.com,15,89514
8031,Employee_8031,user_8031@example.com,7,68669
8032,Employee_8032,user_8032@example.com,20,101593
8033,Employee_8033,user_8033@example.com,20,40459
8034,Employee_8034,user_8034@example.com,1,67248
8035,Employee_8035,user_8035@example.com,4,35637
8036,Employee_8036,user_8036@example.com,11,95389
8037,Employee_8037,user_8037@example.com,14,101849
8038,Employee_8038,user_8038@example.com,19,105791
8039,Employee_8039,user_8039@example.com,14,82897
8040,Employee_8040,user_8040@example.com,3,43700
8041,Employee_8041,user_8041@example.com,4,107880
8042,Employee_8042,user_8042@example.com,18,39963
8043,Employee_8043,user_8043@example.com,1,107812
8044,Employee_8044,user_8044@example.com,13,110466
8045,Employee_8045,user_8045@example.com,6,80846
8046,Employee_8046,user_8046@example.com,15,93894
8047,Employee_8047,user_8047@example.com,9,55881
8048,Employee_8048,user_8048@example.com,5,46839
8049,Employee_8049,user_8049@example.com,19,86724
8050,Employee_8050,user_8050@example.com,9,118842
8051,Employee_8051,user_8051@example.com,6,85060
8052,Employee_8052,user_8052@example.com,11,40116
8053,Employee_8053,user_8053@example.com,19,118651
8054,Employee_8054,user_8054@example.com,4,82058
8055,Employee_8055,user_8055@example.com,12,69768
8056,Employee_8056,user_8056@example.com,17,108726
8057,Employee_8057,user_8057@example.com,2,49318
8058,Employee_8058,user_8058@example.com,16,35324
8059,Employee_8059,user_8059@example.com,9,45263
8060,Employee_8060,user_8060@example.com,3,103257
8061,Employee_8061,user_8061@example.com,19,45361
8062,Employee_8062,user_8062@example.com,18,52525
8063,Employee_8063,user_8063@example.com,6,117225
8064,Employee_8064,user_8064@example.com,3,94502
8065,Employee_8065,user_8065@example.com,2,55993
8066,Employee_8066,user_8066@example.com,3,78913
8067,Employee_8067,user_8067@example.com,7,64833
8068,Employee_8068,user_8068@example.com,1,75122
8069,Employee_8069,user_8069@example.com,4,109703
8070,Employee_8070,user_8070@example.com,18,119998
8071,Employee_8071,user_8071@example.com,20,108658
8072,Employee_8072,user_8072@example.com,13,111201
8073,Employee_8073,user_8073@example.com,8,32463
8074,Employee_8074,user_8074@example.com,15,113521
8075,Employee_8075,user_8075@example.com,20,89003
8076,Employee_8076,user_8076@example.com,13,86013
8077,Employee_8077,user_8077@example.com,7,37962
8078,Employee_8078,user_8078@example.com,6,31299
8079,Employee_8079,user_8079@example.com,16,45363
8080,Employee_8080,user_8080@example.com,1,37815
8081,Employee_8081,user_8081@example.com,6,93348
8082,Employee_8082,user_8082@example.com,15,97001
8083,Employee_8083,user_8083@example.com,5,32986
8084,Employee_8084,user_8084@example.com,12,77458
8085,Employee_8085,user_8085@example.com,19,59075
8086,Employee_8086,user_8086@example.com,7,77985
8087,Employee_8087,user_8087@example.com,9,54816
8088,Employee_8088,user_8088@example.com,8,43615
8089,Employee_8089,user_8089@example.com,3,51962
8090,Employee_8090,user_8090@example.com,11,89568
8091,Employee_8091,user_8091@example.com,15,64645
8092,Employee_8092,user_8092@example.com,5,108225
8093,Employee_8093,user_8093@example.com,20,90356
8094,Employee_8094,user_8094@example.com,19,76500
8095,Employee_8095,user_8095@example.com,14,77408
8096,Employee_8096,user_8096@example.com,13,86453
8097,Employee_8097,user_8097@example.com,18,61687
8098,Employee_8098,user_8098@example.com,6,106434
8099,Employee_8099,user_8099@example.com,10,80722
8100,Employee_8100,user_8100@example.com,16,110858
8101,Employee_8101,user_8101@example.com,5,69366
8102,Employee_8102,user_8102@example.com,5,58945
8103,Employee_8103,user_8103@example.com,11,50436
8104,Employee_8104,user_8104@example.com,10,54105
8105,Employee_8105,user_8105@example.com,6,40641
8106,Employee_8106,user_8106@example.com,5,39099
8107,Employee_8107,user_8107@example.com,9,119808
8108,Employee_8108,user_8108@example.com,17,111374
8109,Employee_8109,user_8109@example.com,6,35328
8110,Employee_8110,user_8110@example.com,2,34474
8111,Employee_8111,user_8111@example.com,4,41959
8112,Employee_8112,user_8112@example.com,6,108481
8113,Employee_8113,user_8113@example.com,11,111532
8114,Employee_8114,user_8114@example.com,5,101337
8115,Employee_8115,user_8115@example.com,10,70162
8116,Employee_8116,user_8116@example.com,2,46338
8117,Employee_8117,user_8117@example.com,2,32440
8118,Employee_8118,user_8118@example.com,11,45056
8119,Employee_8119,user_8119@example.com,15,96817
8120,Employee_8120,user_8120@example.com,5,52847
8121,Employee_8121,user_8121@example.com,6,59862
8122,Employee_8122,user_8122@example.com,7,93720
8123,Employee_8123,user_8123@example.com,16,54777
8124,Employee_8124,user_8124@example.com,17,63909
8125,Employee_8125,user_8125@example.com,20,47824
8126,Employee_8126,user_8126@example.com,7,39180
8127,Employee_8127,user_8127@example.com,7,92215
8128,Employee_8128,user_8128@example.com,8,58098
8129,Employee_8129,user_8129@example.com,10,46782
8130,Employee_8130,user_8130@example.com,9,50191
8131,Employee_8131,user_8131@example.com,20,63158
8132,Employee_8132,user_8132@example.com,6,99919
8133,Employee_8133,user_8133@example.com,19,99440
8134,Employee_8134,user_8134@example.com,15,98486
8135,Employee_8135,user_8135@example.com,14,116557
8136,Employee_8136,user_8136@example.com,14,91737
8137,Employee_8137,user_8137@example.com,8,115129
8138,Employee_8138,user_8138@example.com,4,96626
8139,Employee_8139,user_8139@example.com,12,100287
8140,Employee_8140,user_8140@example.com,14,32663
8141,Employee_8141,user_8141@example.com,15,98214
8142,Employee_8142,user_8142@example.com,20,99353
8143,Employee_8143,user_8143@example.com,3,105009
8144,Employee_8144,user_8144@example.com,14,56855
8145,Employee_8145,user_8145@example.com,15,82647
8146,Employee_8146,user_8146@example.com,2,31158
8147,Employee_8147,user_8147@example.com,5,118116
8148,Employee_8148,user_8148@example.com,11,77309
8149,Employee_8149,user_8149@example.com,17,31749
8150,Employee_8150,user_8150@example.com,15,42804
8151,Employee_8151,user_8151@example.com,1,84794
8152,Employee_8152,user_8152@example.com,3,56541
8153,Employee_8153,user_8153@example.com,16,119670
8154,Employee_8154,user_8154@example.com,8,77116
8155,Employee_8155,user_8155@example.com,3,95543
8156,Employee_8156,user_8156@example.com,12,85333
8157,Employee_8157,user_8157@example.com,19,116638
8158,Employee_8158,user_8158@example.com,17,78633
8159,Employee_8159,user_8159@example.com,12,68426
8160,Employee_8160,user_8160@example.com,12,76491
8161,Employee_8161,user_8161@example.com,14,75597
8162,Employee_8162,user_8162@example.com,9,70452
8163,Employee_8163,user_8163@example.com,5,108267
8164,Employee_8164,user_8164@example.com,4,98113
8165,Employee_8165,user_8165@example.com,11,95318
8166,Employee_8166,user_8166@example.com,11,70303
8167,Employee_8167,user_8167@example.com,5,63797
8168,Employee_8168,user_8168@example.com,9,85036
8169,Employee_8169,user_8169@example.com,6,44125
8170,Employee_8170,user_8170@example.com,13,68376
8171,Employee_8171,user_8171@example.com,9,113651
8172,Employee_8172,user_8172@example.com,2,50447
8173,Employee_8173,user_8173@example.com,16,46751
8174,Employee_8174,user_8174@example.com,4,79467
8175,Employee_8175,user_8175@example.com,14,66440
8176,Employee_8176,user_8176@example.com,1,55775
8177,Employee_8177,user_8177@example.com,10,41169
8178,Employee_8178,user_8178@example.com,5,31748
8179,Employee_8179,user_8179@example.com,5,110692
8180,Employee_8180,user_8180@example.com,11,111663
8181,Employee_8181,user_8181@example.com,11,42444
8182,Employee_8182,user_8182@example.com,18,115334
8183,Employee_8183,user_8183@example.com,13,98673
8184,Employee_8184,user_8184@example.com,20,76882
8185,Employee_8185,user_8185@example.com,8,62592
8186,Employee_8186,user_8186@example.com,3,89871
8187,Employee_8187,user_8187@example.com,16,40677
8188,Employee_8188,user_8188@example.com,7,74079
8189,Employee_8189,user_8189@example.com,11,82826
8190,Employee_8190,user_8190@example.com,7,66923
8191,Employee_8191,user_8191@example.com,14,86526
8192,Employee_8192,user_8192@example.com,13,39309
8193,Employee_8193,user_8193@example.com,16,61198
8194,Employee_8194,user_8194@example.com,4,69776
8195,Employee_8195,user_8195@example.com,2,59384
8196,Employee_8196,user_8196@example.com,9,109772
8197,Employee_8197,user_8197@example.com,16,90455
8198,Employee_8198,user_8198@example.com,17,55970
8199,Employee_8199,user_8199@example.com,17,78228
8200,Employee_8200,user_8200@example.com,11,104438
8201,Employee_8201,user_8201@example.com,2,80510
8202,Employee_8202,user_8202@example.com,9,111992
8203,Employee_8203,user_8203@example.com,14,32157
8204,Employee_8204,user_8204@example.com,4,44281
8205,Employee_8205,user_8205@example.com,13,74330
8206,Employee_8206,user_8206@example.com,12,38881
8207,Employee_8207,user_8207@example.com,11,56138
8208,Employee_8208,user_8208@example.com,15,56135
8209,Employee_8209,user_8209@example.com,17,61082
8210,Employee_8210,user_8210@example.com,6,112768
8211,Employee_8211,user_8211@example.com,7,105447
8212,Employee_8212,user_8212@example.com,13,35593
8213,Employee_8213,user_8213@example.com,2,96723
8214,Employee_8214,user_8214@example.com,11,105062
8215,Employee_8215,user_8215@example.com,11,113835
8216,Employee_8216,user_8216@example.com,5,98178
8217,Employee_8217,user_8217@example.com,9,45472
8218,Employee_8218,user_8218@example.com,7,98962
8219,Employee_8219,user_8219@example.com,9,100628
8220,Employee_8220,user_8220@example.com,13,99287
8221,Employee_8221,user_8221@example.com,5,31035
8222,Employee_8222,user_8222@example.com,1,77105
8223,Employee_8223,user_8223@example.com,16,47341
8224,Employee_8224,user_8224@example.com,5,41094
8225,Employee_8225,user_8225@example.com,17,81643
8226,Employee_8226,user_8226@example.com,14,30798
8227,Employee_8227,user_8227@example.com,14,75564
8228,Employee_8228,user_8228@example.com,6,90712
8229,Employee_8229,user_8229@example.com,4,81027
8230,Employee_8230,user_8230@example.com,15,47516
8231,Employee_8231,user_8231@example.com,6,117386
8232,Employee_8232,user_8232@example.com,14,62081
8233,Employee_8233,user_8233@example.com,3,98719
8234,Employee_8234,user_8234@example.com,3,43865
8235,Employee_8235,user_8235@example.com,7,75605
8236,Employee_8236,user_8236@example.com,1,103477
8237,Employee_8237,user_8237@example.com,16,115490
8238,Employee_8238,user_8238@example.com,2,86375
8239,Employee_8239,user_8239@example.com,13,63849
8240,Employee_8240,user_8240@example.com,11,101574
8241,Employee_8241,user_8241@example.com,2,94119
8242,Employee_8242,user_8242@example.com,10,102558
8243,Employee_8243,user_8243@example.com,8,81947
8244,Employee_8244,user_8244@example.com,15,87125
8245,Employee_8245,user_8245@example.com,20,80902
8246,Employee_8246,user_8246@example.com,6,71447
8247,Employee_8247,user_8247@example.com,2,34433
8248,Employee_8248,user_8248@example.com,11,37305
8249,Employee_8249,user_8249@example.com,7,52627
8250,Employee_8250,user_8250@example.com,18,110949
8251,Employee_8251,user_8251@example.com,3,37908
8252,Employee_8252,user_8252@example.com,6,108399
8253,Employee_8253,user_8253@example.com,2,50262
8254,Employee_8254,user_8254@example.com,10,65580
8255,Employee_8255,user_8255@example.com,20,54149
8256,Employee_8256,user_8256@example.com,20,54303
8257,Employee_8257,user_8257@example.com,19,66217
8258,Employee_8258,user_8258@example.com,15,102180
8259,Employee_8259,user_8259@example.com,13,78374
8260,Employee_8260,user_8260@example.com,15,108597
8261,Employee_8261,user_8261@example.com,13,43859
8262,Employee_8262,user_8262@example.com,10,54727
8263,Employee_8263,user_8263@example.com,19,58320
8264,Employee_8264,user_8264@example.com,3,65710
8265,Employee_8265,user_8265@example.com,7,88005
8266,Employee_8266,user_8266@example.com,15,70805
8267,Employee_8267,user_8267@example.com,17,49001
8268,Employee_8268,user_8268@example.com,13,59854
8269,Employee_8269,user_8269@example.com,10,52666
8270,Employee_8270,user_8270@example.com,9,61185
8271,Employee_8271,user_8271@example.com,6,106338
8272,Employee_8272,user_8272@example.com,11,94067
8273,Employee_8273,user_8273@example.com,19,40266
8274,Employee_8274,user_8274@example.com,10,107077
8275,Employee_8275,user_8275@example.com,16,103608
8276,Employee_8276,user_8276@example.com,2,70026
8277,Employee_8277,user_8277@example.com,20,113286
8278,Employee_8278,user_8278@example.com,4,40785
8279,Employee_8279,user_8279@example.com,11,58362
8280,Employee_8280,user_8280@example.com,14,60219
8281,Employee_8281,user_8281@example.com,4,37384
8282,Employee_8282,user_8282@example.com,10,34229
8283,Employee_8283,user_8283@example.com,20,85829
8284,Employee_8284,user_8284@example.com,4,98261
8285,Employee_8285,user_8285@example.com,17,119113
8286,Employee_8286,user_8286@example.com,5,101849
8287,Employee_8287,user_8287@example.com,5,43711
8288,Employee_8288,user_8288@example.com,2,108584
8289,Employee_8289,user_8289@example.com,15,103764
8290,Employee_8290,user_8290@example.com,7,71942
8291,Employee_8291,user_8291@example.com,8,98790
8292,Employee_8292,user_8292@example.com,12,50932
8293,Employee_8293,user_8293@example.com,10,79099
8294,Employee_8294,user_8294@example.com,4,57270
8295,Employee_8295,user_8295@example.com,17,112619
8296,Employee_8296,user_8296@example.com,9,38085
8297,Employee_8297,user_8297@example.com,1,100982
8298,Employee_8298,user_8298@example.com,10,44786
8299,Employee_8299,user_8299@example.com,6,105985
8300,Employee_8300,user_8300@example.com,13,57933
8301,Employee_8301,user_8301@example.com,7,100164
8302,Employee_8302,user_8302@example.com,2,55189
8303,Employee_8303,user_8303@example.com,4,114893
8304,Employee_8304,user_8304@example.com,10,95390
8305,Employee_8305,user_8305@example.com,12,37411
8306,Employee_8306,user_8306@example.com,17,59662
8307,Employee_8307,user_8307@example.com,2,49444
8308,Employee_8308,user_8308@example.com,4,92471
8309,Employee_8309,user_8309@example.com,1,110579
8310,Employee_8310,user_8310@example.com,4,44239
8311,Employee_8311,user_8311@example.com,9,83507
8312,Employee_8312,user_8312@example.com,11,50392
8313,Employee_8313,user_8313@example.com,7,69940
8314,Employee_8314,user_8314@example.com,15,91629
8315,Employee_8315,user_8315@example.com,18,108384
8316,Employee_8316,user_8316@example.com,14,50979
8317,Employee_8317,user_8317@example.com,4,49995
8318,Employee_8318,user_8318@example.com,15,38797
8319,Employee_8319,user_8319@example.com,20,31172
8320,Employee_8320,user_8320@example.com,13,105541
8321,Employee_8321,user_8321@example.com,1,114222
8322,Employee_8322,user_8322@example.com,9,61498
8323,Employee_8323,user_8323@example.com,8,97859
8324,Employee_8324,user_8324@example.com,17,49726
8325,Employee_8325,user_8325@example.com,18,42245
8326,Employee_8326,user_8326@example.com,13,63682
8327,Employee_8327,user_8327@example.com,2,107620
8328,Employee_8328,user_8328@example.com,18,42265
8329,Employee_8329,user_8329@example.com,9,72688
8330,Employee_8330,user_8330@example.com,20,114666
8331,Employee_8331,user_8331@example.com,14,41181
8332,Employee_8332,user_8332@example.com,16,58489
8333,Employee_8333,user_8333@example.com,4,111025
8334,Employee_8334,user_8334@example.com,5,39687
8335,Employee_8335,user_8335@example.com,1,92394
8336,Employee_8336,user_8336@example.com,17,94465
8337,Employee_8337,user_8337@example.com,17,86185
8338,Employee_8338,user_8338@example.com,19,50779
8339,Employee_8339,user_8339@example.com,7,64012
8340,Employee_8340,user_8340@example.com,6,64121
8341,Employee_8341,user_8341@example.com,4,41523
8342,Employee_8342,user_8342@example.com,18,78628
8343,Employee_8343,user_8343@example.com,3,82479
8344,Employee_8344,user_8344@example.com,6,119662
8345,Employee_8345,user_8345@example.com,20,79664
8346,Employee_8346,user_8346@example.com,1,36758
8347,Employee_8347,user_8347@example.com,8,117137
8348,Employee_8348,user_8348@example.com,14,67963
8349,Employee_8349,user_8349@example.com,9,99179
8350,Employee_8350,user_8350@example.com,9,97636
8351,Employee_8351,user_8351@example.com,6,65351
8352,Employee_8352,user_8352@example.com,18,108977
8353,Employee_8353,user_8353@example.com,20,87405
8354,Employee_8354,user_8354@example.com,13,56958
8355,Employee_8355,user_8355@example.com,5,57744
8356,Employee_8356,user_8356@example.com,3,48886
8357,Employee_8357,user_8357@example.com,1,52960
8358,Employee_8358,user_8358@example.com,5,113213
8359,Employee_8359,user_8359@example.com,1,100164
8360,Employee_8360,user_8360@example.com,12,108318
8361,Employee_8361,user_8361@example.com,1,60823
8362,Employee_8362,user_8362@example.com,14,66550
8363,Employee_8363,user_8363@example.com,12,53708
8364,Employee_8364,user_8364@example.com,2,38778
8365,Employee_8365,user_8365@example.com,2,36340
8366,Employee_8366,user_8366@example.com,6,115536
8367,Employee_8367,user_8367@example.com,9,57321
8368,Employee_8368,user_8368@example.com,18,77604
8369,Employee_8369,user_8369@example.com,17,109090
8370,Employee_8370,user_8370@example.com,7,104826
8371,Employee_8371,user_8371@example.com,6,64510
8372,Employee_8372,user_8372@example.com,9,105691
8373,Employee_8373,user_8373@example.com,17,47446
8374,Employee_8374,user_8374@example.com,4,59762
8375,Employee_8375,user_8375@example.com,12,98871
8376,Employee_8376,user_8376@example.com,11,95306
8377,Employee_8377,user_8377@example.com,2,57461
8378,Employee_8378,user_8378@example.com,8,48736
8379,Employee_8379,user_8379@example.com,7,98059
8380,Employee_8380,user_8380@example.com,10,35335
8381,Employee_8381,user_8381@example.com,9,118563
8382,Employee_8382,user_8382@example.com,10,66979
8383,Employee_8383,user_8383@example.com,14,90046
8384,Employee_8384,user_8384@example.com,9,43287
8385,Employee_8385,user_8385@example.com,9,53975
8386,Employee_8386,user_8386@example.com,5,61671
8387,Employee_8387,user_8387@example.com,10,39837
8388,Employee_8388,user_8388@example.com,2,92970
8389,Employee_8389,user_8389@example.com,13,70002
8390,Employee_8390,user_8390@example.com,10,30905
8391,Employee_8391,user_8391@example.com,11,77167
8392,Employee_8392,user_8392@example.com,1,54514
8393,Employee_8393,user_8393@example.com,3,74880
8394,Employee_8394,user_8394@example.com,2,110582
8395,Employee_8395,user_8395@example.com,17,102796
8396,Employee_8396,user_8396@example.com,16,73615
8397,Employee_8397,user_8397@example.com,13,46667
8398,Employee_8398,user_8398@example.com,16,66640
8399,Employee_8399,user_8399@example.com,2,78669
8400,Employee_8400,user_8400@example.com,3,97522
8401,Employee_8401,user_8401@example.com,16,77895
8402,Employee_8402,user_8402@example.com,16,58103
8403,Employee_8403,user_8403@example.com,7,45496
8404,Employee_8404,user_8404@example.com,5,84281
8405,Employee_8405,user_8405@example.com,16,67088
8406,Employee_8406,user_8406@example.com,16,97041
8407,Employee_8407,user_8407@example.com,9,60996
8408,Employee_8408,user_8408@example.com,10,111025
8409,Employee_8409,user_8409@example.com,20,69598
8410,Employee_8410,user_8410@example.com,1,62945
8411,Employee_8411,user_8411@example.com,15,75343
8412,Employee_8412,user_8412@example.com,15,110987
8413,Employee_8413,user_8413@example.com,10,43782
8414,Employee_8414,user_8414@example.com,3,89789
8415,Employee_8415,user_8415@example.com,2,94957
8416,Employee_8416,user_8416@example.com,7,92373
8417,Employee_8417,user_8417@example.com,20,81978
8418,Employee_8418,user_8418@example.com,3,48572
8419,Employee_8419,user_8419@example.com,7,38685
8420,Employee_8420,user_8420@example.com,6,117725
8421,Employee_8421,user_8421@example.com,14,102402
8422,Employee_8422,user_8422@example.com,4,78458
8423,Employee_8423,user_8423@example.com,16,71063
8424,Employee_8424,user_8424@example.com,1,113842
8425,Employee_8425,user_8425@example.com,10,91547
8426,Employee_8426,user_8426@example.com,20,75339
8427,Employee_8427,user_8427@example.com,16,60715
8428,Employee_8428,user_8428@example.com,14,111207
8429,Employee_8429,user_8429@example.com,20,36535
8430,Employee_8430,user_8430@example.com,17,89761
8431,Employee_8431,user_8431@example.com,10,57711
8432,Employee_8432,user_8432@example.com,11,104330
8433,Employee_8433,user_8433@example.com,10,50265
8434,Employee_8434,user_8434@example.com,14,75691
8435,Employee_8435,user_8435@example.com,14,47963
8436,Employee_8436,user_8436@example.com,9,48336
8437,Employee_8437,user_8437@example.com,13,51209
8438,Employee_8438,user_8438@example.com,20,47947
8439,Employee_8439,user_8439@example.com,15,50572
8440,Employee_8440,user_8440@example.com,10,49251
8441,Employee_8441,user_8441@example.com,11,97731
8442,Employee_8442,user_8442@example.com,2,93079
8443,Employee_8443,user_8443@example.com,15,85084
8444,Employee_8444,user_8444@example.com,20,109831
8445,Employee_8445,user_8445@example.com,1,116636
8446,Employee_8446,user_8446@example.com,7,54557
8447,Employee_8447,user_8447@example.com,13,102913
8448,Employee_8448,user_8448@example.com,6,113438
8449,Employee_8449,user_8449@example.com,19,62079
8450,Employee_8450,user_8450@example.com,4,108477
8451,Employee_8451,user_8451@example.com,13,40442
8452,Employee_8452,user_8452@example.com,4,52552
8453,Employee_8453,user_8453@example.com,18,44707
8454,Employee_8454,user_8454@example.com,11,92885
8455,Employee_8455,user_8455@example.com,3,54759
8456,Employee_8456,user_8456@example.com,5,87314
8457,Employee_8457,user_8457@example.com,13,68616
8458,Employee_8458,user_8458@example.com,10,102758
8459,Employee_8459,user_8459@example.com,1,59706
8460,Employee_8460,user_8460@example.com,11,105505
8461,Employee_8461,user_8461@example.com,17,88166
8462,Employee_8462,user_8462@example.com,9,94529
8463,Employee_8463,user_8463@example.com,14,101687
8464,Employee_8464,user_8464@example.com,12,30094
8465,Employee_8465,user_8465@example.com,18,119728
8466,Employee_8466,user_8466@example.com,17,73253
8467,Employee_8467,user_8467@example.com,14,58026
8468,Employee_8468,user_8468@example.com,18,56443
8469,Employee_8469,user_8469@example.com,15,61108
8470,Employee_8470,user_8470@example.com,15,119101
8471,Employee_8471,user_8471@example.com,15,70784
8472,Employee_8472,user_8472@example.com,7,49308
8473,Employee_8473,user_8473@example.com,19,85435
8474,Employee_8474,user_8474@example.com,9,82921
8475,Employee_8475,user_8475@example.com,2,30175
8476,Employee_8476,user_8476@example.com,15,86906
8477,Employee_8477,user_8477@example.com,19,54241
8478,Employee_8478,user_8478@example.com,16,80151
8479,Employee_8479,user_8479@example.com,16,38647
8480,Employee_8480,user_8480@example.com,5,40672
8481,Employee_8481,user_8481@example.com,11,76026
8482,Employee_8482,user_8482@example.com,5,71796
8483,Employee_8483,user_8483@example.com,8,94652
8484,Employee_8484,user_8484@example.com,9,69015
8485,Employee_8485,user_8485@example.com,13,68195
8486,Employee_8486,user_8486@example.com,12,39272
8487,Employee_8487,user_8487@example.com,14,93325
8488,Employee_8488,user_8488@example.com,14,88343
8489,Employee_8489,user_8489@example.com,7,75910
8490,Employee_8490,user_8490@example.com,6,98468
8491,Employee_8491,user_8491@example.com,7,31672
8492,Employee_8492,user_8492@example.com,13,82759
8493,Employee_8493,user_8493@example.com,16,58674
8494,Employee_8494,user_8494@example.com,9,119263
8495,Employee_8495,user_8495@example.com,2,39679
8496,Employee_8496,user_8496@example.com,16,68312
8497,Employee_8497,user_8497@example.com,5,108318
8498,Employee_8498,user_8498@example.com,11,65000
8499,Employee_8499,user_8499@example.com,9,53771
8500,Employee_8500,user_8500@example.com,13,85649
8501,Employee_8501,user_8501@example.com,13,88553
8502,Employee_8502,user_8502@example.com,5,75688
8503,Employee_8503,user_8503@example.com,15,90467
8504,Employee_8504,user_8504@example.com,19,67048
8505,Employee_8505,user_8505@example.com,11,95465
8506,Employee_8506,user_8506@example.com,12,107041
8507,Employee_8507,user_8507@example.com,12,44784
8508,Employee_8508,user_8508@example.com,4,101819
8509,Employee_8509,user_8509@example.com,17,97179
8510,Employee_8510,user_8510@example.com,13,54550
8511,Employee_8511,user_8511@example.com,8,52255
8512,Employee_8512,user_8512@example.com,13,93031
8513,Employee_8513,user_8513@example.com,1,76239
8514,Employee_8514,user_8514@example.com,12,44370
8515,Employee_8515,user_8515@example.com,3,53623
8516,Employee_8516,user_8516@example.com,9,45144
8517,Employee_8517,user_8517@example.com,2,111971
8518,Employee_8518,user_8518@example.com,2,80077
8519,Employee_8519,user_8519@example.com,17,89381
8520,Employee_8520,user_8520@example.com,15,110621
8521,Employee_8521,user_8521@example.com,18,99199
8522,Employee_8522,user_8522@example.com,2,118377
8523,Employee_8523,user_8523@example.com,8,107805
8524,Employee_8524,user_8524@example.com,16,57557
8525,Employee_8525,user_8525@example.com,16,37260
8526,Employee_8526,user_8526@example.com,18,44211
8527,Employee_8527,user_8527@example.com,18,66673
8528,Employee_8528,user_8528@example.com,5,41860
8529,Employee_8529,user_8529@example.com,6,71272
8530,Employee_8530,user_8530@example.com,7,72568
8531,Employee_8531,user_8531@example.com,11,92747
8532,Employee_8532,user_8532@example.com,7,90752
8533,Employee_8533,user_8533@example.com,7,66096
8534,Employee_8534,user_8534@example.com,15,112272
8535,Employee_8535,user_8535@example.com,11,96718
8536,Employee_8536,user_8536@example.com,7,45173
8537,Employee_8537,user_8537@example.com,12,81488
8538,Employee_8538,user_8538@example.com,16,64387
8539,Employee_8539,user_8539@example.com,13,117713
8540,Employee_8540,user_8540@example.com,2,55966
8541,Employee_8541,user_8541@example.com,5,42076
8542,Employee_8542,user_8542@example.com,10,107104
8543,Employee_8543,user_8543@example.com,12,94131
8544,Employee_8544,user_8544@example.com,1,99090
8545,Employee_8545,user_8545@example.com,6,44122
8546,Employee_8546,user_8546@example.com,16,62966
8547,Employee_8547,user_8547@example.com,6,96258
8548,Employee_8548,user_8548@example.com,14,86140
8549,Employee_8549,user_8549@example.com,7,105797
8550,Employee_8550,user_8550@example.com,12,83477
8551,Employee_8551,user_8551@example.com,17,40803
8552,Employee_8552,user_8552@example.com,16,108690
8553,Employee_8553,user_8553@example.com,1,101467
8554,Employee_8554,user_8554@example.com,16,54505
8555,Employee_8555,user_8555@example.com,16,105660
8556,Employee_8556,user_8556@example.com,11,81094
8557,Employee_8557,user_8557@example.com,3,71018
8558,Employee_8558,user_8558@example.com,5,40416
8559,Employee_8559,user_8559@example.com,10,87023
8560,Employee_8560,user_8560@example.com,19,75915
8561,Employee_8561,user_8561@example.com,17,70392
8562,Employee_8562,user_8562@example.com,7,64698
8563,Employee_8563,user_8563@example.com,6,99862
8564,Employee_8564,user_8564@example.com,14,69914
8565,Employee_8565,user_8565@example.com,15,105204
8566,Employee_8566,user_8566@example.com,13,70912
8567,Employee_8567,user_8567@example.com,13,88888
8568,Employee_8568,user_8568@example.com,19,106286
8569,Employee_8569,user_8569@example.com,9,114706
8570,Employee_8570,user_8570@example.com,7,96868
8571,Employee_8571,user_8571@example.com,15,103437
8572,Employee_8572,user_8572@example.com,13,66997
8573,Employee_8573,user_8573@example.com,17,92935
8574,Employee_8574,user_8574@example.com,3,112512
8575,Employee_8575,user_8575@example.com,5,35966
8576,Employee_8576,user_8576@example.com,1,80179
8577,Employee_8577,user_8577@example.com,1,34734
8578,Employee_8578,user_8578@example.com,16,41631
8579,Employee_8579,user_8579@example.com,3,86827
8580,Employee_8580,user_8580@example.com,18,118673
8581,Employee_8581,user_8581@example.com,18,51893
8582,Employee_8582,user_8582@example.com,1,33836
8583,Employee_8583,user_8583@example.com,18,76221
8584,Employee_8584,user_8584@example.com,13,42014
8585,Employee_8585,user_8585@example.com,12,97613
8586,Employee_8586,user_8586@example.com,15,70011
8587,Employee_8587,user_8587@example.com,3,89717
8588,Employee_8588,user_8588@example.com,15,97243
8589,Employee_8589,user_8589@example.com,15,101519
8590,Employee_8590,user_8590@example.com,16,55607
8591,Employee_8591,user_8591@example.com,2,104299
8592,Employee_8592,user_8592@example.com,18,107997
8593,Employee_8593,user_8593@example.com,16,83921
8594,Employee_8594,user_8594@example.com,18,95643
8595,Employee_8595,user_8595@example.com,1,89407
8596,Employee_8596,user_8596@example.com,10,30362
8597,Employee_8597,user_8597@example.com,15,45785
8598,Employee_8598,user_8598@example.com,2,119975
8599,Employee_8599,user_8599@example.com,8,96522
8600,Employee_8600,user_8600@example.com,17,114823
8601,Employee_8601,user_8601@example.com,7,107710
8602,Employee_8602,user_8602@example.com,6,31600
8603,Employee_8603,user_8603@example.com,17,86490
8604,Employee_8604,user_8604@example.com,4,53216
8605,Employee_8605,user_8605@example.com,15,95193
8606,Employee_8606,user_8606@example.com,13,67327
8607,Employee_8607,user_8607@example.com,6,61520
8608,Employee_8608,user_8608@example.com,14,46070
8609,Employee_8609,user_8609@example.com,15,49317
8610,Employee_8610,user_8610@example.com,19,99101
8611,Employee_8611,user_8611@example.com,20,74385
8612,Employee_8612,user_8612@example.com,6,112632
8613,Employee_8613,user_8613@example.com,15,53979
8614,Employee_8614,user_8614@example.com,14,38134
8615,Employee_8615,user_8615@example.com,9,100013
8616,Employee_8616,user_8616@example.com,3,53324
8617,Employee_8617,user_8617@example.com,11,45715
8618,Employee_8618,user_8618@example.com,4,88632
8619,Employee_8619,user_8619@example.com,4,62025
8620,Employee_8620,user_8620@example.com,9,91134
8621,Employee_8621,user_8621@example.com,16,83828
8622,Employee_8622,user_8622@example.com,12,87882
8623,Employee_8623,user_8623@example.com,16,53536
8624,Employee_8624,user_8624@example.com,14,39508
8625,Employee_8625,user_8625@example.com,13,81790
8626,Employee_8626,user_8626@example.com,6,40263
8627,Employee_8627,user_8627@example.com,17,63964
8628,Employee_8628,user_8628@example.com,12,77434
8629,Employee_8629,user_8629@example.com,9,91658
8630,Employee_8630,user_8630@example.com,10,47346
8631,Employee_8631,user_8631@example.com,19,81449
8632,Employee_8632,user_8632@example.com,11,72338
8633,Employee_8633,user_8633@example.com,1,54804
8634,Employee_8634,user_8634@example.com,16,115096
8635,Employee_8635,user_8635@example.com,11,107635
8636,Employee_8636,user_8636@example.com,19,55327
8637,Employee_8637,user_8637@example.com,8,90934
8638,Employee_8638,user_8638@example.com,16,91705
8639,Employee_8639,user_8639@example.com,19,75418
8640,Employee_8640,user_8640@example.com,8,80838
8641,Employee_8641,user_8641@example.com,17,89190
8642,Employee_8642,user_8642@example.com,8,46235
8643,Employee_8643,user_8643@example.com,13,67544
8644,Employee_8644,user_8644@example.com,8,94283
8645,Employee_8645,user_8645@example.com,17,106939
8646,Employee_8646,user_8646@example.com,1,105982
8647,Employee_8647,user_8647@example.com,9,99779
8648,Employee_8648,user_8648@example.com,7,44735
8649,Employee_8649,user_8649@example.com,14,51949
8650,Employee_8650,user_8650@example.com,15,37227
8651,Employee_8651,user_8651@example.com,7,33387
8652,Employee_8652,user_8652@example.com,18,48799
8653,Employee_8653,user_8653@example.com,2,36563
8654,Employee_8654,user_8654@example.com,4,83594
8655,Employee_8655,user_8655@example.com,15,55113
8656,Employee_8656,user_8656@example.com,8,98596
8657,Employee_8657,user_8657@example.com,20,115136
8658,Employee_8658,user_8658@example.com,10,77295
8659,Employee_8659,user_8659@example.com,3,93435
8660,Employee_8660,user_8660@example.com,16,112630
8661,Employee_8661,user_8661@example.com,8,106473
8662,Employee_8662,user_8662@example.com,1,89854
8663,Employee_8663,user_8663@example.com,13,39413
8664,Employee_8664,user_8664@example.com,14,78413
8665,Employee_8665,user_8665@example.com,19,64393
8666,Employee_8666,user_8666@example.com,12,102385
8667,Employee_8667,user_8667@example.com,15,86047
8668,Employee_8668,user_8668@example.com,17,86872
8669,Employee_8669,user_8669@example.com,10,65807
8670,Employee_8670,user_8670@example.com,17,35093
8671,Employee_8671,user_8671@example.com,11,107013
8672,Employee_8672,user_8672@example.com,19,114689
8673,Employee_8673,user_8673@example.com,2,37000
8674,Employee_8674,user_8674@example.com,19,90816
8675,Employee_8675,user_8675@example.com,9,92164
8676,Employee_8676,user_8676@example.com,5,71361
8677,Employee_8677,user_8677@example.com,16,78107
8678,Employee_8678,user_8678@example.com,1,44551
8679,Employee_8679,user_8679@example.com,10,87934
8680,Employee_8680,user_8680@example.com,18,60956
8681,Employee_8681,user_8681@example.com,6,72321
8682,Employee_8682,user_8682@example.com,20,88994
8683,Employee_8683,user_8683@example.com,20,68358
8684,Employee_8684,user_8684@example.com,3,86174
8685,Employee_8685,user_8685@example.com,6,78410
8686,Employee_8686,user_8686@example.com,4,103677
8687,Employee_8687,user_8687@example.com,2,76075
8688,Employee_8688,user_8688@example.com,9,109215
8689,Employee_8689,user_8689@example.com,17,66451
8690,Employee_8690,user_8690@example.com,5,52384
8691,Employee_8691,user_8691@example.com,17,62630
8692,Employee_8692,user_8692@example.com,4,47896
8693,Employee_8693,user_8693@example.com,20,92463
8694,Employee_8694,user_8694@example.com,20,88295
8695,Employee_8695,user_8695@example.com,4,73280
8696,Employee_8696,user_8696@example.com,16,85486
8697,Employee_8697,user_8697@example.com,10,104870
8698,Employee_8698,user_8698@example.com,18,69188
8699,Employee_8699,user_8699@example.com,6,114409
8700,Employee_8700,user_8700@example.com,1,41604
8701,Employee_8701,user_8701@example.com,8,106479
8702,Employee_8702,user_8702@example.com,13,53843
8703,Employee_8703,user_8703@example.com,6,107806
8704,Employee_8704,user_8704@example.com,7,79818
8705,Employee_8705,user_8705@example.com,10,114113
8706,Employee_8706,user_8706@example.com,15,63852
8707,Employee_8707,user_8707@example.com,8,88205
8708,Employee_8708,user_8708@example.com,20,72964
8709,Employee_8709,user_8709@example.com,7,46573
8710,Employee_8710,user_8710@example.com,8,73492
8711,Employee_8711,user_8711@example.com,16,95631
8712,Employee_8712,user_8712@example.com,6,59321
8713,Employee_8713,user_8713@example.com,19,45207
8714,Employee_8714,user_8714@example.com,16,54764
8715,Employee_8715,user_8715@example.com,19,92082
8716,Employee_8716,user_8716@example.com,12,100561
8717,Employee_8717,user_8717@example.com,6,64531
8718,Employee_8718,user_8718@example.com,8,104552
8719,Employee_8719,user_8719@example.com,4,62694
8720,Employee_8720,user_8720@example.com,11,47913
8721,Employee_8721,user_8721@example.com,1,51803
8722,Employee_8722,user_8722@example.com,15,34265
8723,Employee_8723,user_8723@example.com,1,44780
8724,Employee_8724,user_8724@example.com,14,38402
8725,Employee_8725,user_8725@example.com,19,118467
8726,Employee_8726,user_8726@example.com,8,63612
8727,Employee_8727,user_8727@example.com,13,96608
8728,Employee_8728,user_8728@example.com,12,75238
8729,Employee_8729,user_8729@example.com,2,31900
8730,Employee_8730,user_8730@example.com,14,66716
8731,Employee_8731,user_8731@example.com,16,56390
8732,Employee_8732,user_8732@example.com,19,32414
8733,Employee_8733,user_8733@example.com,8,100057
8734,Employee_8734,user_8734@example.com,7,80043
8735,Employee_8735,user_8735@example.com,6,82101
8736,Employee_8736,user_8736@example.com,13,36734
8737,Employee_8737,user_8737@example.com,18,98055
8738,Employee_8738,user_8738@example.com,15,83278
8739,Employee_8739,user_8739@example.com,1,113126
8740,Employee_8740,user_8740@example.com,18,40882
8741,Employee_8741,user_8741@example.com,20,41359
8742,Employee_8742,user_8742@example.com,5,52983
8743,Employee_8743,user_8743@example.com,8,104925
8744,Employee_8744,user_8744@example.com,17,85098
8745,Employee_8745,user_8745@example.com,10,100630
8746,Employee_8746,user_8746@example.com,7,57776
8747,Employee_8747,user_8747@example.com,6,57351
8748,Employee_8748,user_8748@example.com,17,51470
8749,Employee_8749,user_8749@example.com,3,114512
8750,Employee_8750,user_8750@example.com,12,43792
8751,Employee_8751,user_8751@example.com,7,77292
8752,Employee_8752,user_8752@example.com,9,74927
8753,Employee_8753,user_8753@example.com,14,86791
8754,Employee_8754,user_8754@example.com,16,85601
8755,Employee_8755,user_8755@example.com,13,112918
8756,Employee_8756,user_8756@example.com,19,35686
8757,Employee_8757,user_8757@example.com,12,111277
8758,Employee_8758,user_8758@example.com,16,49569
8759,Employee_8759,user_8759@example.com,18,72968
8760,Employee_8760,user_8760@example.com,11,73407
8761,Employee_8761,user_8761@example.com,7,33814
8762,Employee_8762,user_8762@example.com,10,68343
8763,Employee_8763,user_8763@example.com,17,43559
8764,Employee_8764,user_8764@example.com,10,119072
8765,Employee_8765,user_8765@example.com,6,71043
8766,Employee_8766,user_8766@example.com,7,112861
8767,Employee_8767,user_8767@example.com,11,65768
8768,Employee_8768,user_8768@example.com,19,47342
8769,Employee_8769,user_8769@example.com,10,60718
8770,Employee_8770,user_8770@example.com,8,74429
8771,Employee_8771,user_8771@example.com,14,90644
8772,Employee_8772,user_8772@example.com,4,35378
8773,Employee_8773,user_8773@example.com,17,59283
8774,Employee_8774,user_8774@example.com,19,61734
8775,Employee_8775,user_8775@example.com,11,116931
8776,Employee_8776,user_8776@example.com,18,79339
8777,Employee_8777,user_8777@example.com,14,51678
8778,Employee_8778,user_8778@example.com,3,58394
8779,Employee_8779,user_8779@example.com,7,63593
8780,Employee_8780,user_8780@example.com,6,45086
8781,Employee_8781,user_8781@example.com,17,71100
8782,Employee_8782,user_8782@example.com,6,108298
8783,Employee_8783,user_8783@example.com,16,83729
8784,Employee_8784,user_8784@example.com,19,94581
8785,Employee_8785,user_8785@example.com,13,111566
8786,Employee_8786,user_8786@example.com,8,68911
8787,Employee_8787,user_8787@example.com,3,92125
8788,Employee_8788,user_8788@example.com,7,73054
8789,Employee_8789,user_8789@example.com,16,87130
8790,Employee_8790,user_8790@example.com,10,89569
8791,Employee_8791,user_8791@example.com,4,118202
8792,Employee_8792,user_8792@example.com,3,37713
8793,Employee_8793,user_8793@example.com,17,55711
8794,Employee_8794,user_8794@example.com,20,32539
8795,Employee_8795,user_8795@example.com,1,73519
8796,Employee_8796,user_8796@example.com,6,95686
8797,Employee_8797,user_8797@example.com,5,46593
8798,Employee_8798,user_8798@example.com,7,104067
8799,Employee_8799,user_8799@example.com,9,63329
8800,Employee_8800,user_8800@example.com,19,104029
8801,Employee_8801,user_8801@example.com,1,98526
8802,Employee_8802,user_8802@example.com,2,44020
8803,Employee_8803,user_8803@example.com,17,117341
8804,Employee_8804,user_8804@example.com,1,36185
8805,Employee_8805,user_8805@example.com,19,93187
8806,Employee_8806,user_8806@example.com,2,116226
8807,Employee_8807,user_8807@example.com,19,112602
8808,Employee_8808,user_8808@example.com,11,35912
8809,Employee_8809,user_8809@example.com,18,82482
8810,Employee_8810,user_8810@example.com,15,78962
8811,Employee_8811,user_8811@example.com,12,41710
8812,Employee_8812,user_8812@example.com,1,38295
8813,Employee_8813,user_8813@example.com,17,80188
8814,Employee_8814,user_8814@example.com,17,112145
8815,Employee_8815,user_8815@example.com,13,81901
8816,Employee_8816,user_8816@example.com,17,37827
8817,Employee_8817,user_8817@example.com,7,110475
8818,Employee_8818,user_8818@example.com,11,46422
8819,Employee_8819,user_8819@example.com,7,87278
8820,Employee_8820,user_8820@example.com,17,92827
8821,Employee_8821,user_8821@example.com,12,69685
8822,Employee_8822,user_8822@example.com,7,87715
8823,Employee_8823,user_8823@example.com,12,78510
8824,Employee_8824,user_8824@example.com,15,47187
8825,Employee_8825,user_8825@example.com,16,58325
8826,Employee_8826,user_8826@example.com,6,97723
8827,Employee_8827,user_8827@example.com,2,83430
8828,Employee_8828,user_8828@example.com,2,52318
8829,Employee_8829,user_8829@example.com,3,86568
8830,Employee_8830,user_8830@example.com,20,110575
8831,Employee_8831,user_8831@example.com,1,47064
8832,Employee_8832,user_8832@example.com,2,35954
8833,Employee_8833,user_8833@example.com,17,30898
8834,Employee_8834,user_8834@example.com,11,78520
8835,Employee_8835,user_8835@example.com,15,36612
8836,Employee_8836,user_8836@example.com,14,81567
8837,Employee_8837,user_8837@example.com,20,97958
8838,Employee_8838,user_8838@example.com,12,89180
8839,Employee_8839,user_8839@example.com,5,91562
8840,Employee_8840,user_8840@example.com,8,87738
8841,Employee_8841,user_8841@example.com,12,74421
8842,Employee_8842,user_8842@example.com,6,78211
8843,Employee_8843,user_8843@example.com,20,53176
8844,Employee_8844,user_8844@example.com,17,97260
8845,Employee_8845,user_8845@example.com,16,46785
8846,Employee_8846,user_8846@example.com,6,30976
8847,Employee_8847,user_8847@example.com,18,90780
8848,Employee_8848,user_8848@example.com,17,100540
8849,Employee_8849,user_8849@example.com,9,108576
8850,Employee_8850,user_8850@example.com,19,63337
8851,Employee_8851,user_8851@example.com,13,113733
8852,Employee_8852,user_8852@example.com,17,87675
8853,Employee_8853,user_8853@example.com,5,112281
8854,Employee_8854,user_8854@example.com,16,70605
8855,Employee_8855,user_8855@example.com,15,103053
8856,Employee_8856,user_8856@example.com,18,51922
8857,Employee_8857,user_8857@example.com,8,70008
8858,Employee_8858,user_8858@example.com,10,38708
8859,Employee_8859,user_8859@example.com,2,38348
8860,Employee_8860,user_8860@example.com,19,94824
8861,Employee_8861,user_8861@example.com,14,41718
8862,Employee_8862,user_8862@example.com,6,66716
8863,Employee_8863,user_8863@example.com,3,95818
8864,Employee_8864,user_8864@example.com,3,38897
8865,Employee_8865,user_8865@example.com,13,51553
8866,Employee_8866,user_8866@example.com,14,102903
8867,Employee_8867,user_8867@example.com,9,76411
8868,Employee_8868,user_8868@example.com,16,79075
8869,Employee_8869,user_8869@example.com,5,116987
8870,Employee_8870,user_8870@example.com,15,85463
8871,Employee_8871,user_8871@example.com,1,111650
8872,Employee_8872,user_8872@example.com,17,37239
8873,Employee_8873,user_8873@example.com,2,35939
8874,Employee_8874,user_8874@example.com,14,58841
8875,Employee_8875,user_8875@example.com,12,98038
8876,Employee_8876,user_8876@example.com,3,109587
8877,Employee_8877,user_8877@example.com,8,97566
8878,Employee_8878,user_8878@example.com,7,36190
8879,Employee_8879,user_8879@example.com,20,94673
8880,Employee_8880,user_8880@example.com,6,48498
8881,Employee_8881,user_8881@example.com,10,44144
8882,Employee_8882,user_8882@example.com,14,67044
8883,Employee_8883,user_8883@example.com,13,89356
8884,Employee_8884,user_8884@example.com,12,104352
8885,Employee_8885,user_8885@example.com,18,106441
8886,Employee_8886,user_8886@example.com,5,69119
8887,Employee_8887,user_8887@example.com,11,48918
8888,Employee_8888,user_8888@example.com,11,91913
8889,Employee_8889,user_8889@example.com,10,82168
8890,Employee_8890,user_8890@example.com,13,32062
8891,Employee_8891,user_8891@example.com,5,106921
8892,Employee_8892,user_8892@example.com,18,76226
8893,Employee_8893,user_8893@example.com,14,78104
8894,Employee_8894,user_8894@example.com,3,105516
8895,Employee_8895,user_8895@example.com,15,38434
8896,Employee_8896,user_8896@example.com,5,42469
8897,Employee_8897,user_8897@example.com,1,48299
8898,Employee_8898,user_8898@example.com,14,57221
8899,Employee_8899,user_8899@example.com,4,102725
8900,Employee_8900,user_8900@example.com,14,49877
8901,Employee_8901,user_8901@example.com,19,83697
8902,Employee_8902,user_8902@example.com,20,62912
8903,Employee_8903,user_8903@example.com,18,114766
8904,Employee_8904,user_8904@example.com,15,86537
8905,Employee_8905,user_8905@example.com,11,89578
8906,Employee_8906,user_8906@example.com,1,92285
8907,Employee_8907,user_8907@example.com,14,67277
8908,Employee_8908,user_8908@example.com,5,96806
8909,Employee_8909,user_8909@example.com,6,57535
8910,Employee_8910,user_8910@example.com,8,38429
8911,Employee_8911,user_8911@example.com,14,76186
8912,Employee_8912,user_8912@example.com,3,59805
8913,Employee_8913,user_8913@example.com,5,66473
8914,Employee_8914,user_8914@example.com,20,81132
8915,Employee_8915,user_8915@example.com,10,78884
8916,Employee_8916,user_8916@example.com,12,54289
8917,Employee_8917,user_8917@example.com,13,36521
8918,Employee_8918,user_8918@example.com,7,90196
8919,Employee_8919,user_8919@example.com,5,45463
8920,Employee_8920,user_8920@example.com,5,85790
8921,Employee_8921,user_8921@example.com,1,77254
8922,Employee_8922,user_8922@example.com,13,34313
8923,Employee_8923,user_8923@example.com,13,103035
8924,Employee_8924,user_8924@example.com,19,94503
8925,Employee_8925,user_8925@example.com,1,36916
8926,Employee_8926,user_8926@example.com,19,53692
8927,Employee_8927,user_8927@example.com,13,119707
8928,Employee_8928,user_8928@example.com,2,65095
8929,Employee_8929,user_8929@example.com,3,79198
8930,Employee_8930,user_8930@example.com,16,109115
8931,Employee_8931,user_8931@example.com,9,73398
8932,Employee_8932,user_8932@example.com,4,35353
8933,Employee_8933,user_8933@example.com,12,89437
8934,Employee_8934,user_8934@example.com,12,37768
8935,Employee_8935,user_8935@example.com,11,89266
8936,Employee_8936,user_8936@example.com,2,79797
8937,Employee_8937,user_8937@example.com,9,87947
8938,Employee_8938,user_8938@example.com,19,34029
8939,Employee_8939,user_8939@example.com,13,44526
8940,Employee_8940,user_8940@example.com,7,89224
8941,Employee_8941,user_8941@example.com,6,76575
8942,Employee_8942,user_8942@example.com,6,116274
8943,Employee_8943,user_8943@example.com,3,107170
8944,Employee_8944,user_8944@example.com,9,31649
8945,Employee_8945,user_8945@example.com,4,109146
8946,Employee_8946,user_8946@example.com,6,93981
8947,Employee_8947,user_8947@example.com,4,98284
8948,Employee_8948,user_8948@example.com,11,107855
8949,Employee_8949,user_8949@example.com,4,74968
8950,Employee_8950,user_8950@example.com,11,72734
8951,Employee_8951,user_8951@example.com,15,67640
8952,Employee_8952,user_8952@example.com,2,62716
8953,Employee_8953,user_8953@example.com,3,58404
8954,Employee_8954,user_8954@example.com,17,87537
8955,Employee_8955,user_8955@example.com,17,117140
8956,Employee_8956,user_8956@example.com,11,107125
8957,Employee_8957,user_8957@example.com,7,39954
8958,Employee_8958,user_8958@example.com,10,57191
8959,Employee_8959,user_8959@example.com,17,37441
8960,Employee_8960,user_8960@example.com,20,39798
8961,Employee_8961,user_8961@example.com,14,40407
8962,Employee_8962,user_8962@example.com,9,58060
8963,Employee_8963,user_8963@example.com,8,37955
8964,Employee_8964,user_8964@example.com,5,57817
8965,Employee_8965,user_8965@example.com,8,93460
8966,Employee_8966,user_8966@example.com,5,57377
8967,Employee_8967,user_8967@example.com,5,91469
8968,Employee_8968,user_8968@example.com,10,62015
8969,Employee_8969,user_8969@example.com,14,86178
8970,Employee_8970,user_8970@example.com,18,63808
8971,Employee_8971,user_8971@example.com,8,74484
8972,Employee_8972,user_8972@example.com,1,46623
8973,Employee_8973,user_8973@example.com,20,102976
8974,Employee_8974,user_8974@example.com,11,64414
8975,Employee_8975,user_8975@example.com,13,95094
8976,Employee_8976,user_8976@example.com,19,119463
8977,Employee_8977,user_8977@example.com,3,115302
8978,Employee_8978,user_8978@example.com,17,46971
8979,Employee_8979,user_8979@example.com,3,57827
8980,Employee_8980,user_8980@example.com,11,113331
8981,Employee_8981,user_8981@example.com,10,99567
8982,Employee_8982,user_8982@example.com,13,76274
8983,Employee_8983,user_8983@example.com,17,35014
8984,Employee_8984,user_8984@example.com,9,59459
8985,Employee_8985,user_8985@example.com,20,104731
8986,Employee_8986,user_8986@example.com,18,48536
8987,Employee_8987,user_8987@example.com,2,97191
8988,Employee_8988,user_8988@example.com,16,65860
8989,Employee_8989,user_8989@example.com,5,66846
8990,Employee_8990,user_8990@example.com,4,65174
8991,Employee_8991,user_8991@example.com,13,46447
8992,Employee_8992,user_8992@example.com,19,74018
8993,Employee_8993,user_8993@example.com,3,52821
8994,Employee_8994,user_8994@example.com,20,84980
8995,Employee_8995,user_8995@example.com,15,38810
8996,Employee_8996,user_8996@example.com,14,49951
8997,Employee_8997,user_8997@example.com,14,57494
8998,Employee_8998,user_8998@example.com,4,72078
8999,Employee_8999,user_8999@example.com,19,105069
9000,Employee_9000,user_9000@example.com,17,78982
9001,Employee_9001,user_9001@example.com,14,53948
9002,Employee_9002,user_9002@example.com,3,71218
9003,Employee_9003,user_9003@example.com,14,46933
9004,Employee_9004,user_9004@example.com,20,110837
9005,Employee_9005,user_9005@example.com,9,117532
9006,Employee_9006,user_9006@example.com,19,85295
9007,Employee_9007,user_9007@example.com,3,66091
9008,Employee_9008,user_9008@example.com,3,48274
9009,Employee_9009,user_9009@example.com,5,77507
9010,Employee_9010,user_9010@example.com,6,41521
9011,Employee_9011,user_9011@example.com,4,64232
9012,Employee_9012,user_9012@example.com,17,87528
9013,Employee_9013,user_9013@example.com,20,60787
9014,Employee_9014,user_9014@example.com,4,108623
9015,Employee_9015,user_9015@example.com,11,115967
9016,Employee_9016,user_9016@example.com,18,68663
9017,Employee_9017,user_9017@example.com,3,42166
9018,Employee_9018,user_9018@example.com,8,92608
9019,Employee_9019,user_9019@example.com,3,36121
9020,Employee_9020,user_9020@example.com,4,119963
9021,Employee_9021,user_9021@example.com,3,93242
9022,Employee_9022,user_9022@example.com,9,45277
9023,Employee_9023,user_9023@example.com,4,39093
9024,Employee_9024,user_9024@example.com,11,97927
9025,Employee_9025,user_9025@example.com,15,53525
9026,Employee_9026,user_9026@example.com,14,102690
9027,Employee_9027,user_9027@example.com,5,50864
9028,Employee_9028,user_9028@example.com,11,50370
9029,Employee_9029,user_9029@example.com,20,117772
9030,Employee_9030,user_9030@example.com,6,68749
9031,Employee_9031,user_9031@example.com,5,51895
9032,Employee_9032,user_9032@example.com,1,98247
9033,Employee_9033,user_9033@example.com,14,113895
9034,Employee_9034,user_9034@example.com,12,55917
9035,Employee_9035,user_9035@example.com,12,105181
9036,Employee_9036,user_9036@example.com,20,63587
9037,Employee_9037,user_9037@example.com,12,79962
9038,Employee_9038,user_9038@example.com,20,119100
9039,Employee_9039,user_9039@example.com,19,99778
9040,Employee_9040,user_9040@example.com,15,84687
9041,Employee_9041,user_9041@example.com,18,53417
9042,Employee_9042,user_9042@example.com,13,47769
9043,Employee_9043,user_9043@example.com,6,118645
9044,Employee_9044,user_9044@example.com,11,54793
9045,Employee_9045,user_9045@example.com,5,97211
9046,Employee_9046,user_9046@example.com,4,66162
9047,Employee_9047,user_9047@example.com,10,33045
9048,Employee_9048,user_9048@example.com,15,115028
9049,Employee_9049,user_9049@example.com,19,117529
9050,Employee_9050,user_9050@example.com,13,100218
9051,Employee_9051,user_9051@example.com,7,116600
9052,Employee_9052,user_9052@example.com,9,35735
9053,Employee_9053,user_9053@example.com,9,83243
9054,Employee_9054,user_9054@example.com,5,105555
9055,Employee_9055,user_9055@example.com,20,54073
9056,Employee_9056,user_9056@example.com,10,71088
9057,Employee_9057,user_9057@example.com,2,69668
9058,Employee_9058,user_9058@example.com,6,119179
9059,Employee_9059,user_9059@example.com,17,41810
9060,Employee_9060,user_9060@example.com,13,112015
9061,Employee_9061,user_9061@example.com,18,80907
9062,Employee_9062,user_9062@example.com,9,83901
9063,Employee_9063,user_9063@example.com,1,34067
9064,Employee_9064,user_9064@example.com,13,101816
9065,Employee_9065,user_9065@example.com,4,89495
9066,Employee_9066,user_9066@example.com,17,113317
9067,Employee_9067,user_9067@example.com,16,39635
9068,Employee_9068,user_9068@example.com,18,84827
9069,Employee_9069,user_9069@example.com,6,46045
9070,Employee_9070,user_9070@example.com,18,68900
9071,Employee_9071,user_9071@example.com,2,114485
9072,Employee_9072,user_9072@example.com,19,39740
9073,Employee_9073,user_9073@example.com,4,118652
9074,Employee_9074,user_9074@example.com,3,113100
9075,Employee_9075,user_9075@example.com,8,80737
9076,Employee_9076,user_9076@example.com,12,104948
9077,Employee_9077,user_9077@example.com,8,71042
9078,Employee_9078,user_9078@example.com,13,119361
9079,Employee_9079,user_9079@example.com,6,104719
9080,Employee_9080,user_9080@example.com,6,101660
9081,Employee_9081,user_9081@example.com,8,38394
9082,Employee_9082,user_9082@example.com,20,80831
9083,Employee_9083,user_9083@example.com,16,71867
9084,Employee_9084,user_9084@example.com,5,50876
9085,Employee_9085,user_9085@example.com,5,103070
9086,Employee_9086,user_9086@example.com,16,58024
9087,Employee_9087,user_9087@example.com,15,30496
9088,Employee_9088,user_9088@example.com,13,112841
9089,Employee_9089,user_9089@example.com,12,81091
9090,Employee_9090,user_9090@example.com,2,87350
9091,Employee_9091,user_9091@example.com,6,71376
9092,Employee_9092,user_9092@example.com,2,62269
9093,Employee_9093,user_9093@example.com,20,97781
9094,Employee_9094,user_9094@example.com,11,49065
9095,Employee_9095,user_9095@example.com,14,88736
9096,Employee_9096,user_9096@example.com,19,41640
9097,Employee_9097,user_9097@example.com,13,101383
9098,Employee_9098,user_9098@example.com,5,46907
9099,Employee_9099,user_9099@example.com,16,94551
9100,Employee_9100,user_9100@example.com,11,67929
9101,Employee_9101,user_9101@example.com,1,34917
9102,Employee_9102,user_9102@example.com,16,66100
9103,Employee_9103,user_9103@example.com,18,70166
9104,Employee_9104,user_9104@example.com,5,43365
9105,Employee_9105,user_9105@example.com,15,112257
9106,Employee_9106,user_9106@example.com,3,68053
9107,Employee_9107,user_9107@example.com,15,89773
9108,Employee_9108,user_9108@example.com,5,32217
9109,Employee_9109,user_9109@example.com,19,81782
9110,Employee_9110,user_9110@example.com,15,78295
9111,Employee_9111,user_9111@example.com,10,77834
9112,Employee_9112,user_9112@example.com,15,53220
9113,Employee_9113,user_9113@example.com,10,55933
9114,Employee_9114,user_9114@example.com,8,43611
9115,Employee_9115,user_9115@example.com,2,53978
9116,Employee_9116,user_9116@example.com,11,83675
9117,Employee_9117,user_9117@example.com,7,32604
9118,Employee_9118,user_9118@example.com,2,109377
9119,Employee_9119,user_9119@example.com,1,38008
9120,Employee_9120,user_9120@example.com,6,42095
9121,Employee_9121,user_9121@example.com,17,83600
9122,Employee_9122,user_9122@example.com,4,86635
9123,Employee_9123,user_9123@example.com,13,69709
9124,Employee_9124,user_9124@example.com,19,44846
9125,Employee_9125,user_9125@example.com,3,40069
9126,Employee_9126,user_9126@example.com,14,119919
9127,Employee_9127,user_9127@example.com,3,45162
9128,Employee_9128,user_9128@example.com,9,64471
9129,Employee_9129,user_9129@example.com,12,86705
9130,Employee_9130,user_9130@example.com,16,41762
9131,Employee_9131,user_9131@example.com,1,72025
9132,Employee_9132,user_9132@example.com,3,78975
9133,Employee_9133,user_9133@example.com,1,63366
9134,Employee_9134,user_9134@example.com,17,103366
9135,Employee_9135,user_9135@example.com,5,69927
9136,Employee_9136,user_9136@example.com,9,56168
9137,Employee_9137,user_9137@example.com,14,110880
9138,Employee_9138,user_9138@example.com,18,89287
9139,Employee_9139,user_9139@example.com,6,69474
9140,Employee_9140,user_9140@example.com,19,63630
9141,Employee_9141,user_9141@example.com,5,101189
9142,Employee_9142,user_9142@example.com,19,35340
9143,Employee_9143,user_9143@example.com,6,71522
9144,Employee_9144,user_9144@example.com,7,47398
9145,Employee_9145,user_9145@example.com,18,114496
9146,Employee_9146,user_9146@example.com,12,113675
9147,Employee_9147,user_9147@example.com,7,85689
9148,Employee_9148,user_9148@example.com,18,51721
9149,Employee_9149,user_9149@example.com,6,104421
9150,Employee_9150,user_9150@example.com,16,112434
9151,Employee_9151,user_9151@example.com,9,51957
9152,Employee_9152,user_9152@example.com,7,92719
9153,Employee_9153,user_9153@example.com,2,34376
9154,Employee_9154,user_9154@example.com,16,105635
9155,Employee_9155,user_9155@example.com,11,40460
9156,Employee_9156,user_9156@example.com,20,91586
9157,Employee_9157,user_9157@example.com,3,116744
9158,Employee_9158,user_9158@example.com,18,60961
9159,Employee_9159,user_9159@example.com,12,30509
9160,Employee_9160,user_9160@example.com,14,102670
9161,Employee_9161,user_9161@example.com,20,61466
9162,Employee_9162,user_9162@example.com,3,37251
9163,Employee_9163,user_9163@example.com,3,58590
9164,Employee_9164,user_9164@example.com,3,72939
9165,Employee_9165,user_9165@example.com,4,61643
9166,Employee_9166,user_9166@example.com,4,108500
9167,Employee_9167,user_9167@example.com,17,102884
9168,Employee_9168,user_9168@example.com,7,91154
9169,Employee_9169,user_9169@example.com,12,114923
9170,Employee_9170,user_9170@example.com,10,45564
9171,Employee_9171,user_9171@example.com,1,69170
9172,Employee_9172,user_9172@example.com,16,30886
9173,Employee_9173,user_9173@example.com,1,112497
9174,Employee_9174,user_9174@example.com,18,39839
9175,Employee_9175,user_9175@example.com,7,59321
9176,Employee_9176,user_9176@example.com,14,119311
9177,Employee_9177,user_9177@example.com,10,79567
9178,Employee_9178,user_9178@example.com,20,110484
9179,Employee_9179,user_9179@example.com,17,39252
9180,Employee_9180,user_9180@example.com,12,110464
9181,Employee_9181,user_9181@example.com,7,93816
9182,Employee_9182,user_9182@example.com,11,84719
9183,Employee_9183,user_9183@example.com,6,91351
9184,Employee_9184,user_9184@example.com,4,70524
9185,Employee_9185,user_9185@example.com,14,100808
9186,Employee_9186,user_9186@example.com,9,73846
9187,Employee_9187,user_9187@example.com,10,98137
9188,Employee_9188,user_9188@example.com,18,63897
9189,Employee_9189,user_9189@example.com,16,56940
9190,Employee_9190,user_9190@example.com,7,41753
9191,Employee_9191,user_9191@example.com,11,109163
9192,Employee_9192,user_9192@example.com,5,37279
9193,Employee_9193,user_9193@example.com,13,59698
9194,Employee_9194,user_9194@example.com,7,105454
9195,Employee_9195,user_9195@example.com,5,55726
9196,Employee_9196,user_9196@example.com,20,70084
9197,Employee_9197,user_9197@example.com,5,89801
9198,Employee_9198,user_9198@example.com,9,81989
9199,Employee_9199,user_9199@example.com,15,36937
9200,Employee_9200,user_9200@example.com,14,77682
9201,Employee_9201,user_9201@example.com,5,42633
9202,Employee_9202,user_9202@example.com,18,68845
9203,Employee_9203,user_9203@example.com,14,55709
9204,Employee_9204,user_9204@example.com,3,96262
9205,Employee_9205,user_9205@example.com,17,87311
9206,Employee_9206,user_9206@example.com,15,44444
9207,Employee_9207,user_9207@example.com,9,101999
9208,Employee_9208,user_9208@example.com,11,57111
9209,Employee_9209,user_9209@example.com,8,93730
9210,Employee_9210,user_9210@example.com,14,61698
9211,Employee_9211,user_9211@example.com,8,99098
9212,Employee_9212,user_9212@example.com,13,103344
9213,Employee_9213,user_9213@example.com,14,69361
9214,Employee_9214,user_9214@example.com,18,49788
9215,Employee_9215,user_9215@example.com,14,91551
9216,Employee_9216,user_9216@example.com,8,103485
9217,Employee_9217,user_9217@example.com,9,46085
9218,Employee_9218,user_9218@example.com,4,110969
9219,Employee_9219,user_9219@example.com,12,89530
9220,Employee_9220,user_9220@example.com,19,51935
9221,Employee_9221,user_9221@example.com,19,89614
9222,Employee_9222,user_9222@example.com,5,91312
9223,Employee_9223,user_9223@example.com,7,97003
9224,Employee_9224,user_9224@example.com,7,100270
9225,Employee_9225,user_9225@example.com,4,74982
9226,Employee_9226,user_9226@example.com,7,107520
9227,Employee_9227,user_9227@example.com,9,33514
9228,Employee_9228,user_9228@example.com,7,35067
9229,Employee_9229,user_9229@example.com,6,112341
9230,Employee_9230,user_9230@example.com,4,110873
9231,Employee_9231,user_9231@example.com,7,32026
9232,Employee_9232,user_9232@example.com,5,76162
9233,Employee_9233,user_9233@example.com,7,94386
9234,Employee_9234,user_9234@example.com,3,55209
9235,Employee_9235,user_9235@example.com,9,53105
9236,Employee_9236,user_9236@example.com,6,42086
9237,Employee_9237,user_9237@example.com,13,102068
9238,Employee_9238,user_9238@example.com,14,40426
9239,Employee_9239,user_9239@example.com,18,66488
9240,Employee_9240,user_9240@example.com,20,34416
9241,Employee_9241,user_9241@example.com,7,43001
9242,Employee_9242,user_9242@example.com,1,51767
9243,Employee_9243,user_9243@example.com,13,36668
9244,Employee_9244,user_9244@example.com,5,95978
9245,Employee_9245,user_9245@example.com,19,44116
9246,Employee_9246,user_9246@example.com,1,99302
9247,Employee_9247,user_9247@example.com,9,52002
9248,Employee_9248,user_9248@example.com,1,101296
9249,Employee_9249,user_9249@example.com,9,60641
9250,Employee_9250,user_9250@example.com,1,116155
9251,Employee_9251,user_9251@example.com,6,33228
9252,Employee_9252,user_9252@example.com,16,105586
9253,Employee_9253,user_9253@example.com,2,40626
9254,Employee_9254,user_9254@example.com,11,87191
9255,Employee_9255,user_9255@example.com,9,31802
9256,Employee_9256,user_9256@example.com,3,51856
9257,Employee_9257,user_9257@example.com,18,40447
9258,Employee_9258,user_9258@example.com,12,101390
9259,Employee_9259,user_9259@example.com,12,61569
9260,Employee_9260,user_9260@example.com,1,78332
9261,Employee_9261,user_9261@example.com,4,93922
9262,Employee_9262,user_9262@example.com,4,91341
9263,Employee_9263,user_9263@example.com,7,93020
9264,Employee_9264,user_9264@example.com,5,85506
9265,Employee_9265,user_9265@example.com,7,107751
9266,Employee_9266,user_9266@example.com,6,80781
9267,Employee_9267,user_9267@example.com,9,73726
9268,Employee_9268,user_9268@example.com,20,71301
9269,Employee_9269,user_9269@example.com,15,72693
9270,Employee_9270,user_9270@example.com,14,38459
9271,Employee_9271,user_9271@example.com,16,91682
9272,Employee_9272,user_9272@example.com,16,69327
9273,Employee_9273,user_9273@example.com,20,72654
9274,Employee_9274,user_9274@example.com,2,89273
9275,Employee_9275,user_9275@example.com,17,81348
9276,Employee_9276,user_9276@example.com,16,59757
9277,Employee_9277,user_9277@example.com,1,97446
9278,Employee_9278,user_9278@example.com,19,47292
9279,Employee_9279,user_9279@example.com,5,53566
9280,Employee_9280,user_9280@example.com,5,66707
9281,Employee_9281,user_9281@example.com,13,40655
9282,Employee_9282,user_9282@example.com,12,64093
9283,Employee_9283,user_9283@example.com,15,108090
9284,Employee_9284,user_9284@example.com,17,59555
9285,Employee_9285,user_9285@example.com,20,102959
9286,Employee_9286,user_9286@example.com,5,86460
9287,Employee_9287,user_9287@example.com,9,96951
9288,Employee_9288,user_9288@example.com,13,31610
9289,Employee_9289,user_9289@example.com,20,77350
9290,Employee_9290,user_9290@example.com,20,101587
9291,Employee_9291,user_9291@example.com,8,91503
9292,Employee_9292,user_9292@example.com,8,35301
9293,Employee_9293,user_9293@example.com,17,96855
9294,Employee_9294,user_9294@example.com,9,45263
9295,Employee_9295,user_9295@example.com,13,42118
9296,Employee_9296,user_9296@example.com,4,88130
9297,Employee_9297,user_9297@example.com,10,111707
9298,Employee_9298,user_9298@example.com,18,78880
9299,Employee_9299,user_9299@example.com,3,72540
9300,Employee_9300,user_9300@example.com,4,75652
9301,Employee_9301,user_9301@example.com,17,81532
9302,Employee_9302,user_9302@example.com,9,58937
9303,Employee_9303,user_9303@example.com,2,87498
9304,Employee_9304,user_9304@example.com,16,57124
9305,Employee_9305,user_9305@example.com,6,57018
9306,Employee_9306,user_9306@example.com,19,84426
9307,Employee_9307,user_9307@example.com,16,73484
9308,Employee_9308,user_9308@example.com,8,31140
9309,Employee_9309,user_9309@example.com,1,43667
9310,Employee_9310,user_9310@example.com,17,56110
9311,Employee_9311,user_9311@example.com,4,116497
9312,Employee_9312,user_9312@example.com,11,103138
9313,Employee_9313,user_9313@example.com,6,95258
9314,Employee_9314,user_9314@example.com,7,78881
9315,Employee_9315,user_9315@example.com,2,47214
9316,Employee_9316,user_9316@example.com,11,46800
9317,Employee_9317,user_9317@example.com,11,66948
9318,Employee_9318,user_9318@example.com,8,61732
9319,Employee_9319,user_9319@example.com,13,114294
9320,Employee_9320,user_9320@example.com,8,68519
9321,Employee_9321,user_9321@example.com,6,77457
9322,Employee_9322,user_9322@example.com,12,119962
9323,Employee_9323,user_9323@example.com,12,64494
9324,Employee_9324,user_9324@example.com,3,94382
9325,Employee_9325,user_9325@example.com,15,46276
9326,Employee_9326,user_9326@example.com,9,48836
9327,Employee_9327,user_9327@example.com,3,112433
9328,Employee_9328,user_9328@example.com,14,42041
9329,Employee_9329,user_9329@example.com,16,78161
9330,Employee_9330,user_9330@example.com,9,112015
9331,Employee_9331,user_9331@example.com,19,114806
9332,Employee_9332,user_9332@example.com,3,35406
9333,Employee_9333,user_9333@example.com,15,64387
9334,Employee_9334,user_9334@example.com,20,68624
9335,Employee_9335,user_9335@example.com,14,37786
9336,Employee_9336,user_9336@example.com,8,110694
9337,Employee_9337,user_9337@example.com,16,87484
9338,Employee_9338,user_9338@example.com,5,73492
9339,Employee_9339,user_9339@example.com,17,111825
9340,Employee_9340,user_9340@example.com,19,91358
9341,Employee_9341,user_9341@example.com,18,56585
9342,Employee_9342,user_9342@example.com,1,81781
9343,Employee_9343,user_9343@example.com,18,116687
9344,Employee_9344,user_9344@example.com,3,87374
9345,Employee_9345,user_9345@example.com,16,87565
9346,Employee_9346,user_9346@example.com,8,40534
9347,Employee_9347,user_9347@example.com,10,115088
9348,Employee_9348,user_9348@example.com,1,32432
9349,Employee_9349,user_9349@example.com,4,41634
9350,Employee_9350,user_9350@example.com,16,86917
9351,Employee_9351,user_9351@example.com,18,41601
9352,Employee_9352,user_9352@example.com,15,112448
9353,Employee_9353,user_9353@example.com,18,95717
9354,Employee_9354,user_9354@example.com,16,36628
9355,Employee_9355,user_9355@example.com,6,54738
9356,Employee_9356,user_9356@example.com,8,39749
9357,Employee_9357,user_9357@example.com,3,119928
9358,Employee_9358,user_9358@example.com,16,44028
9359,Employee_9359,user_9359@example.com,1,64652
9360,Employee_9360,user_9360@example.com,15,66509
9361,Employee_9361,user_9361@example.com,5,56642
9362,Employee_9362,user_9362@example.com,17,39601
9363,Employee_9363,user_9363@example.com,3,84599
9364,Employee_9364,user_9364@example.com,8,100481
9365,Employee_9365,user_9365@example.com,14,115137
9366,Employee_9366,user_9366@example.com,13,60064
9367,Employee_9367,user_9367@example.com,20,38417
9368,Employee_9368,user_9368@example.com,12,40826
9369,Employee_9369,user_9369@example.com,2,109544
9370,Employee_9370,user_9370@example.com,10,53323
9371,Employee_9371,user_9371@example.com,9,42159
9372,Employee_9372,user_9372@example.com,7,98363
9373,Employee_9373,user_9373@example.com,4,63177
9374,Employee_9374,user_9374@example.com,5,39815
9375,Employee_9375,user_9375@example.com,9,77084
9376,Employee_9376,user_9376@example.com,18,100096
9377,Employee_9377,user_9377@example.com,4,104798
9378,Employee_9378,user_9378@example.com,8,35837
9379,Employee_9379,user_9379@example.com,10,78807
9380,Employee_9380,user_9380@example.com,7,30007
9381,Employee_9381,user_9381@example.com,20,65673
9382,Employee_9382,user_9382@example.com,1,42733
9383,Employee_9383,user_9383@example.com,12,119424
9384,Employee_9384,user_9384@example.com,1,66822
9385,Employee_9385,user_9385@example.com,19,46300
9386,Employee_9386,user_9386@example.com,7,60714
9387,Employee_9387,user_9387@example.com,17,59875
9388,Employee_9388,user_9388@example.com,14,68092
9389,Employee_9389,user_9389@example.com,11,107344
9390,Employee_9390,user_9390@example.com,11,74514
9391,Employee_9391,user_9391@example.com,3,68027
9392,Employee_9392,user_9392@example.com,17,109307
9393,Employee_9393,user_9393@example.com,19,53844
9394,Employee_9394,user_9394@example.com,13,67511
9395,Employee_9395,user_9395@example.com,9,39259
9396,Employee_9396,user_9396@example.com,20,42535
9397,Employee_9397,user_9397@example.com,1,70520
9398,Employee_9398,user_9398@example.com,10,32258
9399,Employee_9399,user_9399@example.com,14,36744
9400,Employee_9400,user_9400@example.com,1,89957
9401,Employee_9401,user_9401@example.com,10,90076
9402,Employee_9402,user_9402@example.com,16,91633
9403,Employee_9403,user_9403@example.com,4,97223
9404,Employee_9404,user_9404@example.com,13,94538
9405,Employee_9405,user_9405@example.com,1,51140
9406,Employee_9406,user_9406@example.com,11,115903
9407,Employee_9407,user_9407@example.com,9,31112
9408,Employee_9408,user_9408@example.com,4,89871
9409,Employee_9409,user_9409@example.com,16,40837
9410,Employee_9410,user_9410@example.com,16,115934
9411,Employee_9411,user_9411@example.com,3,106223
9412,Employee_9412,user_9412@example.com,14,99256
9413,Employee_9413,user_9413@example.com,3,115442
9414,Employee_9414,user_9414@example.com,7,36445
9415,Employee_9415,user_9415@example.com,18,64740
9416,Employee_9416,user_9416@example.com,18,90285
9417,Employee_9417,user_9417@example.com,5,108246
9418,Employee_9418,user_9418@example.com,17,57521
9419,Employee_9419,user_9419@example.com,4,81223
9420,Employee_9420,user_9420@example.com,16,116066
9421,Employee_9421,user_9421@example.com,7,87043
9422,Employee_9422,user_9422@example.com,7,69782
9423,Employee_9423,user_9423@example.com,20,113392
9424,Employee_9424,user_9424@example.com,10,83294
9425,Employee_9425,user_9425@example.com,10,50882
9426,Employee_9426,user_9426@example.com,17,75768
9427,Employee_9427,user_9427@example.com,18,67637
9428,Employee_9428,user_9428@example.com,7,97166
9429,Employee_9429,user_9429@example.com,13,101095
9430,Employee_9430,user_9430@example.com,4,86029
9431,Employee_9431,user_9431@example.com,11,52323
9432,Employee_9432,user_9432@example.com,7,119706
9433,Employee_9433,user_9433@example.com,1,78227
9434,Employee_9434,user_9434@example.com,18,110119
9435,Employee_9435,user_9435@example.com,17,44822
9436,Employee_9436,user_9436@example.com,7,32664
9437,Employee_9437,user_9437@example.com,19,65097
9438,Employee_9438,user_9438@example.com,3,84802
9439,Employee_9439,user_9439@example.com,16,108278
9440,Employee_9440,user_9440@example.com,5,99140
9441,Employee_9441,user_9441@example.com,18,103034
9442,Employee_9442,user_9442@example.com,6,59483
9443,Employee_9443,user_9443@example.com,7,54118
9444,Employee_9444,user_9444@example.com,1,68994
9445,Employee_9445,user_9445@example.com,1,94174
9446,Employee_9446,user_9446@example.com,16,41517
9447,Employee_9447,user_9447@example.com,5,79721
9448,Employee_9448,user_9448@example.com,10,84821
9449,Employee_9449,user_9449@example.com,14,72956
9450,Employee_9450,user_9450@example.com,4,96604
9451,Employee_9451,user_9451@example.com,16,78557
9452,Employee_9452,user_9452@example.com,1,102306
9453,Employee_9453,user_9453@example.com,2,108453
9454,Employee_9454,user_9454@example.com,6,113911
9455,Employee_9455,user_9455@example.com,19,96234
9456,Employee_9456,user_9456@example.com,6,74204
9457,Employee_9457,user_9457@example.com,20,94008
9458,Employee_9458,user_9458@example.com,7,103700
9459,Employee_9459,user_9459@example.com,14,65947
9460,Employee_9460,user_9460@example.com,18,91921
9461,Employee_9461,user_9461@example.com,15,63065
9462,Employee_9462,user_9462@example.com,19,100665
9463,Employee_9463,user_9463@example.com,5,99950
9464,Employee_9464,user_9464@example.com,16,91147
9465,Employee_9465,user_9465@example.com,2,52914
9466,Employee_9466,user_9466@example.com,10,94236
9467,Employee_9467,user_9467@example.com,18,64868
9468,Employee_9468,user_9468@example.com,20,83591
9469,Employee_9469,user_9469@example.com,6,42329
9470,Employee_9470,user_9470@example.com,16,114906
9471,Employee_9471,user_9471@example.com,7,47409
9472,Employee_9472,user_9472@example.com,17,116296
9473,Employee_9473,user_9473@example.com,1,89044
9474,Employee_9474,user_9474@example.com,1,83379
9475,Employee_9475,user_9475@example.com,17,52160
9476,Employee_9476,user_9476@example.com,3,93041
9477,Employee_9477,user_9477@example.com,1,92029
9478,Employee_9478,user_9478@example.com,20,37114
9479,Employee_9479,user_9479@example.com,12,42848
9480,Employee_9480,user_9480@example.com,10,31139
9481,Employee_9481,user_9481@example.com,7,38333
9482,Employee_9482,user_9482@example.com,7,104180
9483,Employee_9483,user_9483@example.com,15,36218
9484,Employee_9484,user_9484@example.com,19,61527
9485,Employee_9485,user_9485@example.com,16,94484
9486,Employee_9486,user_9486@example.com,18,67127
9487,Employee_9487,user_9487@example.com,7,53344
9488,Employee_9488,user_9488@example.com,5,43016
9489,Employee_9489,user_9489@example.com,3,57963
9490,Employee_9490,user_9490@example.com,18,80378
9491,Employee_9491,user_9491@example.com,13,43582
9492,Employee_9492,user_9492@example.com,6,94473
9493,Employee_9493,user_9493@example.com,15,117078
9494,Employee_9494,user_9494@example.com,11,66367
9495,Employee_9495,user_9495@example.com,7,85935
9496,Employee_9496,user_9496@example.com,13,91286
9497,Employee_9497,user_9497@example.com,3,104022
9498,Employee_9498,user_9498@example.com,17,87402
9499,Employee_9499,user_9499@example.com,7,46865
9500,Employee_9500,user_9500@example.com,10,69853
9501,Employee_9501,user_9501@example.com,3,97087
9502,Employee_9502,user_9502@example.com,2,91260
9503,Employee_9503,user_9503@example.com,2,110178
9504,Employee_9504,user_9504@example.com,18,30907
9505,Employee_9505,user_9505@example.com,16,41542
9506,Employee_9506,user_9506@example.com,6,97952
9507,Employee_9507,user_9507@example.com,9,62653
9508,Employee_9508,user_9508@example.com,1,72659
9509,Employee_9509,user_9509@example.com,4,60227
9510,Employee_9510,user_9510@example.com,19,42377
9511,Employee_9511,user_9511@example.com,15,37905
9512,Employee_9512,user_9512@example.com,3,35457
9513,Employee_9513,user_9513@example.com,16,82247
9514,Employee_9514,user_9514@example.com,2,41418
9515,Employee_9515,user_9515@example.com,8,111031
9516,Employee_9516,user_9516@example.com,3,91727
9517,Employee_9517,user_9517@example.com,1,117747
9518,Employee_9518,user_9518@example.com,10,83003
9519,Employee_9519,user_9519@example.com,16,91973
9520,Employee_9520,user_9520@example.com,8,81962
9521,Employee_9521,user_9521@example.com,15,64999
9522,Employee_9522,user_9522@example.com,17,102126
9523,Employee_9523,user_9523@example.com,14,103674
9524,Employee_9524,user_9524@example.com,11,112200
9525,Employee_9525,user_9525@example.com,14,34225
9526,Employee_9526,user_9526@example.com,17,33302
9527,Employee_9527,user_9527@example.com,15,76582
9528,Employee_9528,user_9528@example.com,11,44549
9529,Employee_9529,user_9529@example.com,17,114670
9530,Employee_9530,user_9530@example.com,4,33613
9531,Employee_9531,user_9531@example.com,6,32282
9532,Employee_9532,user_9532@example.com,5,90814
9533,Employee_9533,user_9533@example.com,8,37776
9534,Employee_9534,user_9534@example.com,3,65391
9535,Employee_9535,user_9535@example.com,16,57219
9536,Employee_9536,user_9536@example.com,1,62985
9537,Employee_9537,user_9537@example.com,13,108328
9538,Employee_9538,user_9538@example.com,16,73111
9539,Employee_9539,user_9539@example.com,11,55402
9540,Employee_9540,user_9540@example.com,20,113781
9541,Employee_9541,user_9541@example.com,11,75911
9542,Employee_9542,user_9542@example.com,10,68598
9543,Employee_9543,user_9543@example.com,5,82011
9544,Employee_9544,user_9544@example.com,20,113105
9545,Employee_9545,user_9545@example.com,11,44951
9546,Employee_9546,user_9546@example.com,10,109328
9547,Employee_9547,user_9547@example.com,6,105538
9548,Employee_9548,user_9548@example.com,6,79249
9549,Employee_9549,user_9549@example.com,16,72279
9550,Employee_9550,user_9550@example.com,13,81504
9551,Employee_9551,user_9551@example.com,11,62958
9552,Employee_9552,user_9552@example.com,10,113909
9553,Employee_9553,user_9553@example.com,7,96280
9554,Employee_9554,user_9554@example.com,17,90403
9555,Employee_9555,user_9555@example.com,19,49052
9556,Employee_9556,user_9556@example.com,10,30495
9557,Employee_9557,user_9557@example.com,20,36113
9558,Employee_9558,user_9558@example.com,14,87233
9559,Employee_9559,user_9559@example.com,16,113395
9560,Employee_9560,user_9560@example.com,16,92248
9561,Employee_9561,user_9561@example.com,20,99087
9562,Employee_9562,user_9562@example.com,9,83383
9563,Employee_9563,user_9563@example.com,12,49877
9564,Employee_9564,user_9564@example.com,5,105778
9565,Employee_9565,user_9565@example.com,16,41631
9566,Employee_9566,user_9566@example.com,8,59427
9567,Employee_9567,user_9567@example.com,15,71251
9568,Employee_9568,user_9568@example.com,2,114684
9569,Employee_9569,user_9569@example.com,1,60091
9570,Employee_9570,user_9570@example.com,16,76016
9571,Employee_9571,user_9571@example.com,3,30784
9572,Employee_9572,user_9572@example.com,11,75520
9573,Employee_9573,user_9573@example.com,17,103230
9574,Employee_9574,user_9574@example.com,14,63242
9575,Employee_9575,user_9575@example.com,3,109644
9576,Employee_9576,user_9576@example.com,3,78623
9577,Employee_9577,user_9577@example.com,20,58695
9578,Employee_9578,user_9578@example.com,15,53971
9579,Employee_9579,user_9579@example.com,15,115677
9580,Employee_9580,user_9580@example.com,12,79675
9581,Employee_9581,user_9581@example.com,15,75204
9582,Employee_9582,user_9582@example.com,17,118137
9583,Employee_9583,user_9583@example.com,5,77094
9584,Employee_9584,user_9584@example.com,4,110036
9585,Employee_9585,user_9585@example.com,10,30304
9586,Employee_9586,user_9586@example.com,12,37116
9587,Employee_9587,user_9587@example.com,14,33169
9588,Employee_9588,user_9588@example.com,15,47853
9589,Employee_9589,user_9589@example.com,10,39528
9590,Employee_9590,user_9590@example.com,10,66061
9591,Employee_9591,user_9591@example.com,7,112006
9592,Employee_9592,user_9592@example.com,12,63575
9593,Employee_9593,user_9593@example.com,18,32917
9594,Employee_9594,user_9594@example.com,20,31438
9595,Employee_9595,user_9595@example.com,7,62137
9596,Employee_9596,user_9596@example.com,13,58422
9597,Employee_9597,user_9597@example.com,7,67114
9598,Employee_9598,user_9598@example.com,8,57037
9599,Employee_9599,user_9599@example.com,16,107163
9600,Employee_9600,user_9600@example.com,16,68294
9601,Employee_9601,user_9601@example.com,1,101959
9602,Employee_9602,user_9602@example.com,3,117576
9603,Employee_9603,user_9603@example.com,19,53976
9604,Employee_9604,user_9604@example.com,20,111584
9605,Employee_9605,user_9605@example.com,19,79621
9606,Employee_9606,user_9606@example.com,12,108337
9607,Employee_9607,user_9607@example.com,5,117159
9608,Employee_9608,user_9608@example.com,14,64134
9609,Employee_9609,user_9609@example.com,2,82480
9610,Employee_9610,user_9610@example.com,2,95876
9611,Employee_9611,user_9611@example.com,7,99430
9612,Employee_9612,user_9612@example.com,14,82889
9613,Employee_9613,user_9613@example.com,12,42562
9614,Employee_9614,user_9614@example.com,3,105190
9615,Employee_9615,user_9615@example.com,12,55551
9616,Employee_9616,user_9616@example.com,5,110920
9617,Employee_9617,user_9617@example.com,6,79099
9618,Employee_9618,user_9618@example.com,16,96853
9619,Employee_9619,user_9619@example.com,6,103591
9620,Employee_9620,user_9620@example.com,18,106210
9621,Employee_9621,user_9621@example.com,3,84651
9622,Employee_9622,user_9622@example.com,14,89184
9623,Employee_9623,user_9623@example.com,5,116052
9624,Employee_9624,user_9624@example.com,18,117090
9625,Employee_9625,user_9625@example.com,5,44453
9626,Employee_9626,user_9626@example.com,19,91019
9627,Employee_9627,user_9627@example.com,7,91447
9628,Employee_9628,user_9628@example.com,2,63630
9629,Employee_9629,user_9629@example.com,11,108433
9630,Employee_9630,user_9630@example.com,20,54306
9631,Employee_9631,user_9631@example.com,12,108870
9632,Employee_9632,user_9632@example.com,11,64841
9633,Employee_9633,user_9633@example.com,1,99391
9634,Employee_9634,user_9634@example.com,13,57421
9635,Employee_9635,user_9635@example.com,8,108598
9636,Employee_9636,user_9636@example.com,5,70079
9637,Employee_9637,user_9637@example.com,7,114774
9638,Employee_9638,user_9638@example.com,11,96673
9639,Employee_9639,user_9639@example.com,7,117783
9640,Employee_9640,user_9640@example.com,7,99833
9641,Employee_9641,user_9641@example.com,3,30243
9642,Employee_9642,user_9642@example.com,7,97656
9643,Employee_9643,user_9643@example.com,20,115502
9644,Employee_9644,user_9644@example.com,9,55323
9645,Employee_9645,user_9645@example.com,6,36139
9646,Employee_9646,user_9646@example.com,14,60306
9647,Employee_9647,user_9647@example.com,6,78564
9648,Employee_9648,user_9648@example.com,9,85347
9649,Employee_9649,user_9649@example.com,8,114065
9650,Employee_9650,user_9650@example.com,7,116408
9651,Employee_9651,user_9651@example.com,6,49285
9652,Employee_9652,user_9652@example.com,1,109831
9653,Employee_9653,user_9653@example.com,10,100595
9654,Employee_9654,user_9654@example.com,13,63490
9655,Employee_9655,user_9655@example.com,8,34724
9656,Employee_9656,user_9656@example.com,8,94794
9657,Employee_9657,user_9657@example.com,20,55494
9658,Employee_9658,user_9658@example.com,14,55916
9659,Employee_9659,user_9659@example.com,14,37895
9660,Employee_9660,user_9660@example.com,20,89391
9661,Employee_9661,user_9661@example.com,4,61055
9662,Employee_9662,user_9662@example.com,18,104584
9663,Employee_9663,user_9663@example.com,8,108515
9664,Employee_9664,user_9664@example.com,8,118820
9665,Employee_9665,user_9665@example.com,5,39090
9666,Employee_9666,user_9666@example.com,18,112028
9667,Employee_9667,user_9667@example.com,15,74853
9668,Employee_9668,user_9668@example.com,10,61612
9669,Employee_9669,user_9669@example.com,4,57892
9670,Employee_9670,user_9670@example.com,13,39877
9671,Employee_9671,user_9671@example.com,13,90561
9672,Employee_9672,user_9672@example.com,5,42252
9673,Employee_9673,user_9673@example.com,20,30624
9674,Employee_9674,user_9674@example.com,13,96616
9675,Employee_9675,user_9675@example.com,1,70393
9676,Employee_9676,user_9676@example.com,3,77064
9677,Employee_9677,user_9677@example.com,10,115309
9678,Employee_9678,user_9678@example.com,17,119206
9679,Employee_9679,user_9679@example.com,5,97753
9680,Employee_9680,user_9680@example.com,19,90029
9681,Employee_9681,user_9681@example.com,7,54517
9682,Employee_9682,user_9682@example.com,2,115581
9683,Employee_9683,user_9683@example.com,17,32908
9684,Employee_9684,user_9684@example.com,18,82463
9685,Employee_9685,user_9685@example.com,3,54972
9686,Employee_9686,user_9686@example.com,18,82613
9687,Employee_9687,user_9687@example.com,6,63213
9688,Employee_9688,user_9688@example.com,20,118581
9689,Employee_9689,user_9689@example.com,16,119794
9690,Employee_9690,user_9690@example.com,20,38665
9691,Employee_9691,user_9691@example.com,16,85657
9692,Employee_9692,user_9692@example.com,4,45740
9693,Employee_9693,user_9693@example.com,18,87894
9694,Employee_9694,user_9694@example.com,16,90249
9695,Employee_9695,user_9695@example.com,8,75491
9696,Employee_9696,user_9696@example.com,4,58485
9697,Employee_9697,user_9697@example.com,18,94641
9698,Employee_9698,user_9698@example.com,14,112545
9699,Employee_9699,user_9699@example.com,18,86456
9700,Employee_9700,user_9700@example.com,1,69798
9701,Employee_9701,user_9701@example.com,17,59946
9702,Employee_9702,user_9702@example.com,14,118870
9703,Employee_9703,user_9703@example.com,10,75044
9704,Employee_9704,user_9704@example.com,14,72702
9705,Employee_9705,user_9705@example.com,2,87953
9706,Employee_9706,user_9706@example.com,19,95449
9707,Employee_9707,user_9707@example.com,8,81198
9708,Employee_9708,user_9708@example.com,9,116907
9709,Employee_9709,user_9709@example.com,17,111608
9710,Employee_9710,user_9710@example.com,9,70556
9711,Employee_9711,user_9711@example.com,14,113097
9712,Employee_9712,user_9712@example.com,16,117870
9713,Employee_9713,user_9713@example.com,19,81435
9714,Employee_9714,user_9714@example.com,4,44774
9715,Employee_9715,user_9715@example.com,11,93040
9716,Employee_9716,user_9716@example.com,3,97003
9717,Employee_9717,user_9717@example.com,2,53325
9718,Employee_9718,user_9718@example.com,15,82195
9719,Employee_9719,user_9719@example.com,9,71056
9720,Employee_9720,user_9720@example.com,11,91199
9721,Employee_9721,user_9721@example.com,6,87224
9722,Employee_9722,user_9722@example.com,6,85947
9723,Employee_9723,user_9723@example.com,20,37733
9724,Employee_9724,user_9724@example.com,15,36413
9725,Employee_9725,user_9725@example.com,9,83745
9726,Employee_9726,user_9726@example.com,11,57361
9727,Employee_9727,user_9727@example.com,2,35219
9728,Employee_9728,user_9728@example.com,20,86071
9729,Employee_9729,user_9729@example.com,3,58581
9730,Employee_9730,user_9730@example.com,19,63528
9731,Employee_9731,user_9731@example.com,11,37260
9732,Employee_9732,user_9732@example.com,20,40769
9733,Employee_9733,user_9733@example.com,5,46001
9734,Employee_9734,user_9734@example.com,11,53753
9735,Employee_9735,user_9735@example.com,12,83719
9736,Employee_9736,user_9736@example.com,11,31779
9737,Employee_9737,user_9737@example.com,19,74224
9738,Employee_9738,user_9738@example.com,20,82048
9739,Employee_9739,user_9739@example.com,11,43991
9740,Employee_9740,user_9740@example.com,12,111745
9741,Employee_9741,user_9741@example.com,9,82931
9742,Employee_9742,user_9742@example.com,6,76173
9743,Employee_9743,user_9743@example.com,14,35932
9744,Employee_9744,user_9744@example.com,19,92322
9745,Employee_9745,user_9745@example.com,12,42715
9746,Employee_9746,user_9746@example.com,13,47679
9747,Employee_9747,user_9747@example.com,6,118931
9748,Employee_9748,user_9748@example.com,10,53974
9749,Employee_9749,user_9749@example.com,5,91477
9750,Employee_9750,user_9750@example.com,8,88027
9751,Employee_9751,user_9751@example.com,5,82060
9752,Employee_9752,user_9752@example.com,16,55109
9753,Employee_9753,user_9753@example.com,1,49542
9754,Employee_9754,user_9754@example.com,3,87482
9755,Employee_9755,user_9755@example.com,8,40317
9756,Employee_9756,user_9756@example.com,10,84974
9757,Employee_9757,user_9757@example.com,10,57456
9758,Employee_9758,user_9758@example.com,12,72788
9759,Employee_9759,user_9759@example.com,17,76428
9760,Employee_9760,user_9760@example.com,6,78141
9761,Employee_9761,user_9761@example.com,7,51647
9762,Employee_9762,user_9762@example.com,1,83395
9763,Employee_9763,user_9763@example.com,9,100087
9764,Employee_9764,user_9764@example.com,14,111443
9765,Employee_9765,user_9765@example.com,3,34824
9766,Employee_9766,user_9766@example.com,13,42511
9767,Employee_9767,user_9767@example.com,18,32822
9768,Employee_9768,user_9768@example.com,2,79511
9769,Employee_9769,user_9769@example.com,17,88670
9770,Employee_9770,user_9770@example.com,14,91305
9771,Employee_9771,user_9771@example.com,4,115511
9772,Employee_9772,user_9772@example.com,18,70580
9773,Employee_9773,user_9773@example.com,12,34799
9774,Employee_9774,user_9774@example.com,18,68985
9775,Employee_9775,user_9775@example.com,3,88867
9776,Employee_9776,user_9776@example.com,5,64256
9777,Employee_9777,user_9777@example.com,10,31258
9778,Employee_9778,user_9778@example.com,18,34946
9779,Employee_9779,user_9779@example.com,3,39667
9780,Employee_9780,user_9780@example.com,13,78527
9781,Employee_9781,user_9781@example.com,2,54109
9782,Employee_9782,user_9782@example.com,2,73215
9783,Employee_9783,user_9783@example.com,19,94965
9784,Employee_9784,user_9784@example.com,13,75814
9785,Employee_9785,user_9785@example.com,20,37184
9786,Employee_9786,user_9786@example.com,17,116455
9787,Employee_9787,user_9787@example.com,2,57205
9788,Employee_9788,user_9788@example.com,10,105915
9789,Employee_9789,user_9789@example.com,17,57002
9790,Employee_9790,user_9790@example.com,5,49656
9791,Employee_9791,user_9791@example.com,15,52834
9792,Employee_9792,user_9792@example.com,10,111270
9793,Employee_9793,user_9793@example.com,5,96213
9794,Employee_9794,user_9794@example.com,1,30537
9795,Employee_9795,user_9795@example.com,15,119761
9796,Employee_9796,user_9796@example.com,9,56498
9797,Employee_9797,user_9797@example.com,17,55093
9798,Employee_9798,user_9798@example.com,8,77752
9799,Employee_9799,user_9799@example.com,2,114035
9800,Employee_9800,user_9800@example.com,1,96027
9801,Employee_9801,user_9801@example.com,15,78785
9802,Employee_9802,user_9802@example.com,4,73113
9803,Employee_9803,user_9803@example.com,8,69922
9804,Employee_9804,user_9804@example.com,20,38590
9805,Employee_9805,user_9805@example.com,4,72070
9806,Employee_9806,user_9806@example.com,18,109302
9807,Employee_9807,user_9807@example.com,1,36159
9808,Employee_9808,user_9808@example.com,19,33989
9809,Employee_9809,user_9809@example.com,19,64035
9810,Employee_9810,user_9810@example.com,1,52448
9811,Employee_9811,user_9811@example.com,20,89655
9812,Employee_9812,user_9812@example.com,16,104407
9813,Employee_9813,user_9813@example.com,17,65283
9814,Employee_9814,user_9814@example.com,15,86744
9815,Employee_9815,user_9815@example.com,11,42325
9816,Employee_9816,user_9816@example.com,2,77311
9817,Employee_9817,user_9817@example.com,17,109638
9818,Employee_9818,user_9818@example.com,4,39015
9819,Employee_9819,user_9819@example.com,14,88576
9820,Employee_9820,user_9820@example.com,6,95509
9821,Employee_9821,user_9821@example.com,6,99691
9822,Employee_9822,user_9822@example.com,14,57170
9823,Employee_9823,user_9823@example.com,10,33914
9824,Employee_9824,user_9824@example.com,11,52382
9825,Employee_9825,user_9825@example.com,3,98356
9826,Employee_9826,user_9826@example.com,1,80021
9827,Employee_9827,user_9827@example.com,13,118825
9828,Employee_9828,user_9828@example.com,10,46459
9829,Employee_9829,user_9829@example.com,13,56495
9830,Employee_9830,user_9830@example.com,4,98845
9831,Employee_9831,user_9831@example.com,16,114251
9832,Employee_9832,user_9832@example.com,4,63303
9833,Employee_9833,user_9833@example.com,14,98939
9834,Employee_9834,user_9834@example.com,13,35419
9835,Employee_9835,user_9835@example.com,2,104172
9836,Employee_9836,user_9836@example.com,19,99123
9837,Employee_9837,user_9837@example.com,7,102995
9838,Employee_9838,user_9838@example.com,13,107318
9839,Employee_9839,user_9839@example.com,7,37156
9840,Employee_9840,user_9840@example.com,12,75783
9841,Employee_9841,user_9841@example.com,12,72812
9842,Employee_9842,user_9842@example.com,16,107159
9843,Employee_9843,user_9843@example.com,17,103461
9844,Employee_9844,user_9844@example.com,20,81875
9845,Employee_9845,user_9845@example.com,2,38380
9846,Employee_9846,user_9846@example.com,7,96767
9847,Employee_9847,user_9847@example.com,8,40116
9848,Employee_9848,user_9848@example.com,18,42505
9849,Employee_9849,user_9849@example.com,17,115557
9850,Employee_9850,user_9850@example.com,7,107606
9851,Employee_9851,user_9851@example.com,6,45536
9852,Employee_9852,user_9852@example.com,4,105655
9853,Employee_9853,user_9853@example.com,11,48136
9854,Employee_9854,user_9854@example.com,15,36376
9855,Employee_9855,user_9855@example.com,8,43696
9856,Employee_9856,user_9856@example.com,14,75645
9857,Employee_9857,user_9857@example.com,7,94559
9858,Employee_9858,user_9858@example.com,5,105751
9859,Employee_9859,user_9859@example.com,10,119961
9860,Employee_9860,user_9860@example.com,13,106406
9861,Employee_9861,user_9861@example.com,19,68558
9862,Employee_9862,user_9862@example.com,7,75553
9863,Employee_9863,user_9863@example.com,6,101491
9864,Employee_9864,user_9864@example.com,10,92182
9865,Employee_9865,user_9865@example.com,15,53642
9866,Employee_9866,user_9866@example.com,7,37760
9867,Employee_9867,user_9867@example.com,14,117790
9868,Employee_9868,user_9868@example.com,19,106711
9869,Employee_9869,user_9869@example.com,5,68893
9870,Employee_9870,user_9870@example.com,4,80318
9871,Employee_9871,user_9871@example.com,9,80532
9872,Employee_9872,user_9872@example.com,10,70278
9873,Employee_9873,user_9873@example.com,11,95375
9874,Employee_9874,user_9874@example.com,6,81095
9875,Employee_9875,user_9875@example.com,3,30912
9876,Employee_9876,user_9876@example.com,3,91950
9877,Employee_9877,user_9877@example.com,10,35633
9878,Employee_9878,user_9878@example.com,6,34695
9879,Employee_9879,user_9879@example.com,18,59476
9880,Employee_9880,user_9880@example.com,17,75469
9881,Employee_9881,user_9881@example.com,14,61783
9882,Employee_9882,user_9882@example.com,4,112056
9883,Employee_9883,user_9883@example.com,3,97249
9884,Employee_9884,user_9884@example.com,19,98509
9885,Employee_9885,user_9885@example.com,13,30020
9886,Employee_9886,user_9886@example.com,11,54067
9887,Employee_9887,user_9887@example.com,7,32072
9888,Employee_9888,user_9888@example.com,3,34485
9889,Employee_9889,user_9889@example.com,18,105539
9890,Employee_9890,user_9890@example.com,19,95527
9891,Employee_9891,user_9891@example.com,3,96016
9892,Employee_9892,user_9892@example.com,5,40700
9893,Employee_9893,user_9893@example.com,14,34820
9894,Employee_9894,user_9894@example.com,9,60451
9895,Employee_9895,user_9895@example.com,18,93519
9896,Employee_9896,user_9896@example.com,4,50380
9897,Employee_9897,user_9897@example.com,16,47433
9898,Employee_9898,user_9898@example.com,10,112397
9899,Employee_9899,user_9899@example.com,3,54483
9900,Employee_9900,user_9900@example.com,8,51007
9901,Employee_9901,user_9901@example.com,12,46658
9902,Employee_9902,user_9902@example.com,10,34464
9903,Employee_9903,user_9903@example.com,8,113602
9904,Employee_9904,user_9904@example.com,11,69587
9905,Employee_9905,user_9905@example.com,4,104025
9906,Employee_9906,user_9906@example.com,4,35284
9907,Employee_9907,user_9907@example.com,18,88268
9908,Employee_9908,user_9908@example.com,4,49637
9909,Employee_9909,user_9909@example.com,18,119550
9910,Employee_9910,user_9910@example.com,20,57093
9911,Employee_9911,user_9911@example.com,20,118398
9912,Employee_9912,user_9912@example.com,19,65427
9913,Employee_9913,user_9913@example.com,10,106660
9914,Employee_9914,user_9914@example.com,1,104815
9915,Employee_9915,user_9915@example.com,12,32378
9916,Employee_9916,user_9916@example.com,12,33580
9917,Employee_9917,user_9917@example.com,17,92075
9918,Employee_9918,user_9918@example.com,12,114475
9919,Employee_9919,user_9919@example.com,13,53004
9920,Employee_9920,user_9920@example.com,1,53829
9921,Employee_9921,user_9921@example.com,7,49810
9922,Employee_9922,user_9922@example.com,9,80877
9923,Employee_9923,user_9923@example.com,10,96503
9924,Employee_9924,user_9924@example.com,2,67776
9925,Employee_9925,user_9925@example.com,14,40279
9926,Employee_9926,user_9926@example.com,4,45803
9927,Employee_9927,user_9927@example.com,19,39462
9928,Employee_9928,user_9928@example.com,14,118611
9929,Employee_9929,user_9929@example.com,20,99324
9930,Employee_9930,user_9930@example.com,1,49789
9931,Employee_9931,user_9931@example.com,19,49569
9932,Employee_9932,user_9932@example.com,16,108691
9933,Employee_9933,user_9933@example.com,18,104828
9934,Employee_9934,user_9934@example.com,11,30290
9935,Employee_9935,user_9935@example.com,2,61887
9936,Employee_9936,user_9936@example.com,12,105698
9937,Employee_9937,user_9937@example.com,8,119661
9938,Employee_9938,user_9938@example.com,5,116421
9939,Employee_9939,user_9939@example.com,10,73082
9940,Employee_9940,user_9940@example.com,11,81527
9941,Employee_9941,user_9941@example.com,9,109204
9942,Employee_9942,user_9942@example.com,20,106726
9943,Employee_9943,user_9943@example.com,12,53797
9944,Employee_9944,user_9944@example.com,3,55468
9945,Employee_9945,user_9945@example.com,5,38383
9946,Employee_9946,user_9946@example.com,16,87859
9947,Employee_9947,user_9947@example.com,17,73912
9948,Employee_9948,user_9948@example.com,15,52606
9949,Employee_9949,user_9949@example.com,10,70121
9950,Employee_9950,user_9950@example.com,9,97199
9951,Employee_9951,user_9951@example.com,14,72466
9952,Employee_9952,user_9952@example.com,15,66493
9953,Employee_9953,user_9953@example.com,13,108071
9954,Employee_9954,user_9954@example.com,5,35375
9955,Employee_9955,user_9955@example.com,11,52510
9956,Employee_9956,user_9956@example.com,19,33008
9957,Employee_9957,user_9957@example.com,8,108408
9958,Employee_9958,user_9958@example.com,16,97784
9959,Employee_9959,user_9959@example.com,9,70451
9960,Employee_9960,user_9960@example.com,2,43776
9961,Employee_9961,user_9961@example.com,20,81761
9962,Employee_9962,user_9962@example.com,7,85408
9963,Employee_9963,user_9963@example.com,1,112932
9964,Employee_9964,user_9964@example.com,16,53484
9965,Employee_9965,user_9965@example.com,18,61183
9966,Employee_9966,user_9966@example.com,7,76245
9967,Employee_9967,user_9967@example.com,2,108429
9968,Employee_9968,user_9968@example.com,6,81660
9969,Employee_9969,user_9969@example.com,16,109394
9970,Employee_9970,user_9970@example.com,6,89126
9971,Employee_9971,user_9971@example.com,20,90771
9972,Employee_9972,user_9972@example.com,18,97178
9973,Employee_9973,user_9973@example.com,15,49816
9974,Employee_9974,user_9974@example.com,20,96160
9975,Employee_9975,user_9975@example.com,12,91201
9976,Employee_9976,user_9976@example.com,19,82619
9977,Employee_9977,user_9977@example.com,17,117950
9978,Employee_9978,user_9978@example.com,12,89792
9979,Employee_9979,user_9979@example.com,13,91491
9980,Employee_9980,user_9980@example.com,8,46299
9981,Employee_9981,user_9981@example.com,16,47909
9982,Employee_9982,user_9982@example.com,20,89376
9983,Employee_9983,user_9983@example.com,12,37829
9984,Employee_9984,user_9984@example.com,6,57199
9985,Employee_9985,user_9985@example.com,7,86478
9986,Employee_9986,user_9986@example.com,17,59261
9987,Employee_9987,user_9987@example.com,15,43321
9988,Employee_9988,user_9988@example.com,17,50881
9989,Employee_9989,user_9989@example.com,11,69432
9990,Employee_9990,user_9990@example.com,6,78425
9991,Employee_9991,user_9991@example.com,13,90763
9992,Employee_9992,user_9992@example.com,15,80972
9993,Employee_9993,user_9993@example.com,15,50411
9994,Employee_9994,user_9994@example.com,18,66475
9995,Employee_9995,user_9995@example.com,3,103825
9996,Employee_9996,user_9996@example.com,3,105466
9997,Employee_9997,user_9997@example.com,4,48483
9998,Employee_9998,user_9998@example.com,8,56953
9999,Employee_9999,user_9999@example.com,7,98403
10000,Employee_10000,user_10000@example.com,11,85030
